-- phpMyAdmin SQL Dump
-- version 6.0.0-dev+20240523.2997b5272e
-- https://www.phpmyadmin.net/
--
-- Host: 127.0.0.1
-- Generation Time: Jun 18, 2024 at 09:52 AM
-- Server version: 10.4.24-MariaDB
-- PHP Version: 8.1.4

SET SQL_MODE = "NO_AUTO_VALUE_ON_ZERO";
START TRANSACTION;
SET time_zone = "+00:00";


/*!40101 SET @OLD_CHARACTER_SET_CLIENT=@@CHARACTER_SET_CLIENT */;
/*!40101 SET @OLD_CHARACTER_SET_RESULTS=@@CHARACTER_SET_RESULTS */;
/*!40101 SET @OLD_COLLATION_CONNECTION=@@COLLATION_CONNECTION */;
/*!40101 SET NAMES utf8mb4 */;

--
-- Database: `lazuardicode_stock`
--

-- --------------------------------------------------------

--
-- Table structure for table `brands`
--

CREATE TABLE `brands` (
  `id` bigint(20) UNSIGNED NOT NULL,
  `name` varchar(255) COLLATE utf8mb4_unicode_ci NOT NULL,
  `slug` varchar(255) COLLATE utf8mb4_unicode_ci NOT NULL,
  `description` varchar(255) COLLATE utf8mb4_unicode_ci NOT NULL,
  `created_at` timestamp NULL DEFAULT NULL,
  `updated_at` timestamp NULL DEFAULT NULL
) ENGINE=InnoDB DEFAULT CHARSET=utf8mb4 COLLATE=utf8mb4_unicode_ci;

--
-- Dumping data for table `brands`
--

INSERT INTO `brands` (`id`, `name`, `slug`, `description`, `created_at`, `updated_at`) VALUES
(1, 'Hino', 'hino', 'Lorem, ipsum dolor sit amet consectetur adipisicing elit. Ex, cum.', '2023-07-12 23:02:20', '2023-07-12 23:02:20'),
(2, 'Mitsubishi', 'mitsubishi', 'Lorem, ipsum dolor sit amet consectetur adipisicing elit. Ex, cum.', '2023-07-12 23:02:20', '2023-09-08 20:46:53'),
(3, 'Toyota', 'toyota', 'Lorem, ipsum dolor sit amet consectetur adipisicing elit. Ex, cum.', '2023-07-12 23:02:20', '2023-07-12 23:02:20'),
(4, 'Isuzu', 'isuzu', 'Lorem, ipsum dolor sit amet consectetur adipisicing elit. Ex, cum.', '2023-07-12 23:02:20', '2023-07-12 23:02:20'),
(5, 'Mercedes Benz', 'mercedes-benz', 'Lorem, ipsum dolor sit amet consectetur adipisicing elit. Ex, cum.', '2023-07-12 23:02:20', '2023-07-12 23:02:20'),
(6, 'Universal Unit', 'universal-unit', 'Lorem, ipsum dolor sit amet consectetur adipisicing elit. Ex, cum.', '2023-07-12 23:02:20', '2023-07-12 23:02:20');

-- --------------------------------------------------------

--
-- Table structure for table `categories`
--

CREATE TABLE `categories` (
  `id` bigint(20) UNSIGNED NOT NULL,
  `name` varchar(255) COLLATE utf8mb4_unicode_ci NOT NULL,
  `slug` varchar(255) COLLATE utf8mb4_unicode_ci NOT NULL,
  `description` varchar(255) COLLATE utf8mb4_unicode_ci NOT NULL,
  `created_at` timestamp NULL DEFAULT NULL,
  `updated_at` timestamp NULL DEFAULT NULL
) ENGINE=InnoDB DEFAULT CHARSET=utf8mb4 COLLATE=utf8mb4_unicode_ci;

--
-- Dumping data for table `categories`
--

INSERT INTO `categories` (`id`, `name`, `slug`, `description`, `created_at`, `updated_at`) VALUES
(1, 'Kelistrikan', 'kelistrikan', 'Stock Barang Kelistrikan', '2023-07-12 23:02:20', '2023-07-12 23:02:20'),
(2, 'Mesin', 'mesin', 'Stock Barang mesin', '2023-07-12 23:02:20', '2023-07-12 23:02:20'),
(3, 'Pengereman', 'rem', 'Stock Barang Pengereman', '2023-07-12 23:02:20', '2023-07-12 23:02:20'),
(4, 'Drive Train', 'drive-train', 'Stock Barang drive-train', '2023-07-12 23:02:20', '2023-07-12 23:02:20'),
(5, 'Pelumas', 'pelumas', 'Stock Barang pelumas', '2023-07-12 23:02:20', '2023-07-12 23:02:20'),
(6, 'Steering', 'stir', 'Stock Barang stir', '2023-07-12 23:02:20', '2023-07-12 23:02:20'),
(7, 'Ban', 'ban', 'Stock Barang ban', '2023-07-12 23:02:20', '2023-07-12 23:02:20'),
(8, 'Suspension', 'suspenstion', 'Stock Barang ban', '2023-07-12 23:02:20', '2023-07-12 23:02:20');

-- --------------------------------------------------------

--
-- Table structure for table `category_units`
--

CREATE TABLE `category_units` (
  `id` bigint(20) UNSIGNED NOT NULL,
  `name` varchar(255) COLLATE utf8mb4_unicode_ci NOT NULL,
  `slug` varchar(255) COLLATE utf8mb4_unicode_ci NOT NULL,
  `description` text COLLATE utf8mb4_unicode_ci NOT NULL,
  `created_at` timestamp NULL DEFAULT NULL,
  `updated_at` timestamp NULL DEFAULT NULL
) ENGINE=InnoDB DEFAULT CHARSET=utf8mb4 COLLATE=utf8mb4_unicode_ci;

--
-- Dumping data for table `category_units`
--

INSERT INTO `category_units` (`id`, `name`, `slug`, `description`, `created_at`, `updated_at`) VALUES
(1, 'Colt Diesel', 'cd', 'Lorem ipsum dolor sit amet consectetur adipisicing elit. Suscipit porro perferendis consectetur voluptatibus fuga reiciendis alias laborum, iste illo expedita.', '2023-07-12 23:02:20', '2023-07-12 23:02:20'),
(2, 'Colt Diesel Double', 'cdd', 'Lorem ipsum dolor sit amet consectetur adipisicing elit. Suscipit porro perferendis consectetur voluptatibus fuga reiciendis alias laborum, iste illo expedita.', '2023-07-12 23:02:20', '2023-07-12 23:02:20'),
(3, 'Pick Up', 'pick-up', 'Lorem ipsum dolor sit amet consectetur adipisicing elit. Suscipit porro perferendis consectetur voluptatibus fuga reiciendis alias laborum, iste illo expedita.', '2023-07-12 23:02:20', '2023-07-12 23:02:20'),
(4, 'Tronton', 'tronton', 'Lorem ipsum dolor sit amet consectetur adipisicing elit. Suscipit porro perferendis consectetur voluptatibus fuga reiciendis alias laborum, iste illo expedita.', '2023-07-12 23:02:20', '2023-07-12 23:02:20'),
(5, 'All Unit', 'all-unit', 'Lorem ipsum dolor sit amet consectetur adipisicing elit. Suscipit porro perferendis consectetur voluptatibus fuga reiciendis alias laborum, iste illo expedita.', '2023-07-12 23:02:20', '2023-07-12 23:02:20');

-- --------------------------------------------------------

--
-- Table structure for table `customers`
--

CREATE TABLE `customers` (
  `id` bigint(20) UNSIGNED NOT NULL,
  `name` varchar(255) COLLATE utf8mb4_unicode_ci NOT NULL,
  `slug` varchar(255) COLLATE utf8mb4_unicode_ci NOT NULL,
  `address` varchar(255) COLLATE utf8mb4_unicode_ci NOT NULL,
  `phone` varchar(255) COLLATE utf8mb4_unicode_ci NOT NULL,
  `email` varchar(255) COLLATE utf8mb4_unicode_ci NOT NULL,
  `industry` varchar(255) COLLATE utf8mb4_unicode_ci NOT NULL,
  `created_at` timestamp NULL DEFAULT NULL,
  `updated_at` timestamp NULL DEFAULT NULL
) ENGINE=InnoDB DEFAULT CHARSET=utf8mb4 COLLATE=utf8mb4_unicode_ci;

--
-- Dumping data for table `customers`
--

INSERT INTO `customers` (`id`, `name`, `slug`, `address`, `phone`, `email`, `industry`, `created_at`, `updated_at`) VALUES
(1, 'PT. Alfa Bangun Persada', 'alfa', 'Kav 11, Jl. C B A Raya, Majasari, Jawilan, Serang Regency, Banten 42177', ' (0254) 402111', '', 'Hebel', '2023-07-31 23:59:04', '2023-07-31 23:59:04'),
(2, 'PT. Mitra Light Block', 'mlb', 'Cemplang, Kec. Jawilan, Kabupaten Serang, Banten 42177', ' (0254) 8497180', '', 'Hebel', '2023-07-31 23:59:04', '2023-07-31 23:59:04'),
(3, 'PT. Wahana Inti Mas', 'wim', 'Jl. Bintaro Permai II No.9, RT.3/RW.9, Bintaro, Kec. Pesanggrahan, Kota Jakarta Selatan, Daerah Khusus Ibukota Jakarta 12330', ' (021) 7376966', '', 'AMDK', '2023-07-31 23:59:04', '2023-07-31 23:59:04'),
(4, 'PT. Indomultimas Perkasa', 'imp', 'Jl. Raya Pahlawan Km 0.5 No. 48 Karang Asem Barat, Citeureup - Bagor, West Karang Asem, Cibinong, Bogor Regency, West Java 16810', ' (021) 87940777', '', 'AMDK', '2023-07-31 23:59:04', '2023-07-31 23:59:04'),
(5, 'PT. Graha mas Inti Tirta', 'git', 'Jl. Bandorasawetan No.49, Bandorasa Wetan, Kec. Cilimus, Kabupaten Kuningan, Jawa Barat 45513', ' (0232) 613205', '', 'AMDK', '2023-07-31 23:59:04', '2023-07-31 23:59:04'),
(6, 'PT. Sahabat Citra Wibawa', 'scw', 'Jl. Danau Sunter Barat No.4, RT.4/RW.7, Sunter Agung, Tanjung Priok, North Jakarta City, Jakarta 14350', ' ((021) 64717299', '', 'pangan', '2023-07-31 23:59:04', '2023-07-31 23:59:04');

-- --------------------------------------------------------

--
-- Table structure for table `divisions`
--

CREATE TABLE `divisions` (
  `id` bigint(20) UNSIGNED NOT NULL,
  `name` varchar(255) COLLATE utf8mb4_unicode_ci NOT NULL,
  `slug` varchar(255) COLLATE utf8mb4_unicode_ci NOT NULL,
  `description` varchar(255) COLLATE utf8mb4_unicode_ci NOT NULL,
  `created_at` timestamp NULL DEFAULT NULL,
  `updated_at` timestamp NULL DEFAULT NULL
) ENGINE=InnoDB DEFAULT CHARSET=utf8mb4 COLLATE=utf8mb4_unicode_ci;

--
-- Dumping data for table `divisions`
--

INSERT INTO `divisions` (`id`, `name`, `slug`, `description`, `created_at`, `updated_at`) VALUES
(1, 'Finance', 'finance', 'Finance Division', '2023-10-10 23:32:27', '2023-10-10 23:32:27'),
(2, 'Operational', 'operational', 'Operational Division', '2023-10-10 23:32:27', '2023-10-10 23:32:27'),
(3, 'Maintenance', 'maintenance', 'Maintenance Division', '2023-10-10 23:32:27', '2023-10-10 23:32:27');

-- --------------------------------------------------------

--
-- Table structure for table `employees`
--

CREATE TABLE `employees` (
  `id` bigint(20) UNSIGNED NOT NULL,
  `division_id` bigint(20) UNSIGNED NOT NULL,
  `name` varchar(255) COLLATE utf8mb4_unicode_ci NOT NULL,
  `slug` varchar(255) COLLATE utf8mb4_unicode_ci NOT NULL,
  `identity` varchar(255) COLLATE utf8mb4_unicode_ci NOT NULL,
  `address` text COLLATE utf8mb4_unicode_ci DEFAULT NULL,
  `email` varchar(255) COLLATE utf8mb4_unicode_ci NOT NULL,
  `phone` varchar(255) COLLATE utf8mb4_unicode_ci DEFAULT NULL,
  `birth` date DEFAULT NULL,
  `born` varchar(255) COLLATE utf8mb4_unicode_ci DEFAULT NULL,
  `gender` varchar(255) COLLATE utf8mb4_unicode_ci DEFAULT NULL,
  `martial` varchar(255) COLLATE utf8mb4_unicode_ci DEFAULT NULL,
  `relegion` varchar(255) COLLATE utf8mb4_unicode_ci DEFAULT NULL,
  `weight` varchar(255) COLLATE utf8mb4_unicode_ci DEFAULT NULL,
  `height` varchar(255) COLLATE utf8mb4_unicode_ci DEFAULT NULL,
  `driver_license` varchar(255) COLLATE utf8mb4_unicode_ci DEFAULT NULL,
  `tin` varchar(255) COLLATE utf8mb4_unicode_ci DEFAULT NULL,
  `skill` varchar(255) COLLATE utf8mb4_unicode_ci DEFAULT NULL,
  `position` varchar(255) COLLATE utf8mb4_unicode_ci DEFAULT NULL,
  `entry` date DEFAULT NULL,
  `created_at` timestamp NULL DEFAULT NULL,
  `updated_at` timestamp NULL DEFAULT NULL
) ENGINE=InnoDB DEFAULT CHARSET=utf8mb4 COLLATE=utf8mb4_unicode_ci;

--
-- Dumping data for table `employees`
--

INSERT INTO `employees` (`id`, `division_id`, `name`, `slug`, `identity`, `address`, `email`, `phone`, `birth`, `born`, `gender`, `martial`, `relegion`, `weight`, `height`, `driver_license`, `tin`, `skill`, `position`, `entry`, `created_at`, `updated_at`) VALUES
(1, 2, 'Lazuardi Noor', 'lazuardi-noor', '1234567891010', NULL, 'lazuardi.reznnov@gmail.com', '083870524708', '1986-10-31', 'Jakarta', 'Male', 'Married', 'Islam', '50', '167', 'A 562236586', '565522655566', 'Finance', 'Administrasi', '2016-04-04', '2023-10-18 00:02:36', '2023-10-18 00:02:36');

-- --------------------------------------------------------

--
-- Table structure for table `employee_edus`
--

CREATE TABLE `employee_edus` (
  `id` bigint(20) UNSIGNED NOT NULL,
  `employee_id` bigint(20) UNSIGNED NOT NULL,
  `certificate` varchar(255) COLLATE utf8mb4_unicode_ci DEFAULT NULL,
  `school` varchar(255) COLLATE utf8mb4_unicode_ci DEFAULT NULL,
  `date` varchar(255) COLLATE utf8mb4_unicode_ci DEFAULT NULL,
  `created_at` timestamp NULL DEFAULT NULL,
  `updated_at` timestamp NULL DEFAULT NULL
) ENGINE=InnoDB DEFAULT CHARSET=utf8mb4 COLLATE=utf8mb4_unicode_ci;

-- --------------------------------------------------------

--
-- Table structure for table `employee_wehs`
--

CREATE TABLE `employee_wehs` (
  `id` bigint(20) UNSIGNED NOT NULL,
  `employee_id` bigint(20) UNSIGNED NOT NULL,
  `start` date DEFAULT NULL,
  `end` date DEFAULT NULL,
  `company` varchar(255) COLLATE utf8mb4_unicode_ci DEFAULT NULL,
  `position` varchar(255) COLLATE utf8mb4_unicode_ci DEFAULT NULL,
  `created_at` timestamp NULL DEFAULT NULL,
  `updated_at` timestamp NULL DEFAULT NULL
) ENGINE=InnoDB DEFAULT CHARSET=utf8mb4 COLLATE=utf8mb4_unicode_ci;

-- --------------------------------------------------------

--
-- Table structure for table `failed_jobs`
--

CREATE TABLE `failed_jobs` (
  `id` bigint(20) UNSIGNED NOT NULL,
  `uuid` varchar(255) COLLATE utf8mb4_unicode_ci NOT NULL,
  `connection` text COLLATE utf8mb4_unicode_ci NOT NULL,
  `queue` text COLLATE utf8mb4_unicode_ci NOT NULL,
  `payload` longtext COLLATE utf8mb4_unicode_ci NOT NULL,
  `exception` longtext COLLATE utf8mb4_unicode_ci NOT NULL,
  `failed_at` timestamp NOT NULL DEFAULT current_timestamp()
) ENGINE=InnoDB DEFAULT CHARSET=utf8mb4 COLLATE=utf8mb4_unicode_ci;

-- --------------------------------------------------------

--
-- Table structure for table `groups`
--

CREATE TABLE `groups` (
  `id` bigint(20) UNSIGNED NOT NULL,
  `name` varchar(255) COLLATE utf8mb4_unicode_ci NOT NULL,
  `slug` varchar(255) COLLATE utf8mb4_unicode_ci NOT NULL,
  `description` text COLLATE utf8mb4_unicode_ci NOT NULL,
  `created_at` timestamp NULL DEFAULT NULL,
  `updated_at` timestamp NULL DEFAULT NULL
) ENGINE=InnoDB DEFAULT CHARSET=utf8mb4 COLLATE=utf8mb4_unicode_ci;

--
-- Dumping data for table `groups`
--

INSERT INTO `groups` (`id`, `name`, `slug`, `description`, `created_at`, `updated_at`) VALUES
(1, 'Citeurep', 'citeurep', 'Group Sanqua Citeurep Bogor', '2023-07-12 23:02:22', '2023-07-12 23:02:22'),
(2, 'Cikande', 'cikande', 'Group Hebel Cikande', '2023-07-12 23:02:22', '2023-07-20 21:45:32'),
(3, 'Kuningan', 'kuningan', 'Group sanqua Kuningan', '2023-07-12 23:02:22', '2023-07-12 23:02:22'),
(4, 'lintas', 'lintas', 'Group lintas Sumatera', '2023-07-12 23:02:22', '2023-07-12 23:02:22'),
(6, 'Kendal', 'kendal', 'Group Unit Kendal', '2023-07-20 21:37:50', '2023-07-20 21:42:39'),
(7, 'pekalongan', 'pekalongan', 'Group Unit Pekalongan', '2023-07-20 21:43:43', '2023-07-20 21:43:43'),
(8, 'Kapuk', 'kapuk', 'Grup MAP Kapuk', '2023-07-20 21:47:51', '2023-07-20 21:47:51'),
(9, 'Balaraja', 'balaraja', 'Group Sanqua Balaraja', '2023-07-20 21:48:18', '2023-07-20 21:48:18'),
(10, 'Tigaraksa', 'tigaraksa', 'Grup Kawasan Milenium', '2023-08-08 19:06:54', '2023-08-08 19:06:54');

-- --------------------------------------------------------

--
-- Table structure for table `images`
--

CREATE TABLE `images` (
  `id` bigint(20) UNSIGNED NOT NULL,
  `pic` varchar(255) COLLATE utf8mb4_unicode_ci NOT NULL,
  `name` varchar(255) COLLATE utf8mb4_unicode_ci DEFAULT NULL,
  `description` text COLLATE utf8mb4_unicode_ci DEFAULT NULL,
  `imageable_id` int(11) NOT NULL,
  `imageable_type` varchar(255) COLLATE utf8mb4_unicode_ci NOT NULL,
  `created_at` timestamp NULL DEFAULT NULL,
  `updated_at` timestamp NULL DEFAULT NULL
) ENGINE=InnoDB DEFAULT CHARSET=utf8mb4 COLLATE=utf8mb4_unicode_ci;

--
-- Dumping data for table `images`
--

INSERT INTO `images` (`id`, `pic`, `name`, `description`, `imageable_id`, `imageable_type`, `created_at`, `updated_at`) VALUES
(1, 'unit-vrc-pic/4iBQDWKaWcAGAcRNua0jb8mL2QwQUYayoknN6HrZ.jpg', NULL, NULL, 1, 'App\\Models\\Vrc', '2023-07-25 23:37:55', '2023-07-25 23:37:55'),
(2, 'unit-vpic-pic/TiEmW0MmjfdvTL1Cm2BNap7kpAfQJtslDQclgicS.jpg', NULL, NULL, 1, 'App\\Models\\Vpic', '2023-07-25 23:38:08', '2023-07-25 23:38:08'),
(3, 'unit-vrc-pic/dcukbbb9GIIkJcyGbPdBgr0tqF9xYfXZPAZBzBme.jpg', NULL, NULL, 2, 'App\\Models\\Vrc', '2023-07-25 23:39:29', '2023-07-25 23:39:29'),
(4, 'unit-vpic-pic/OJKNvMX2bCdp0kJNnJ5m0tsKx7w0jhMxIBjevqLw.jpg', NULL, NULL, 2, 'App\\Models\\Vpic', '2023-07-25 23:40:49', '2023-07-25 23:40:49'),
(5, 'unit-vrc-pic/GHh38cxss4C3DYanwDCvhXseEJDVfgVNQuukgVDg.jpg', NULL, NULL, 3, 'App\\Models\\Vrc', '2023-07-25 23:43:39', '2023-07-25 23:43:39'),
(6, 'unit-vpic-pic/COgUK0ihRe5OQBWXoFG40P4xItAIuF1Rf7woTmPD.jpg', NULL, NULL, 3, 'App\\Models\\Vpic', '2023-07-25 23:45:14', '2023-07-25 23:45:14'),
(7, 'unit-vrc-pic/O685AIvDDCcXIi2UK0teMdEEgfmH0UAt3dvtPEpr.jpg', NULL, NULL, 4, 'App\\Models\\Vrc', '2023-07-25 23:46:21', '2023-07-25 23:46:21'),
(8, 'unit-vpic-pic/o3o7t5PXE8jGmqkCV8FdPleZ2c0cnrsbjxPyZ3py.jpg', NULL, NULL, 4, 'App\\Models\\Vpic', '2023-07-25 23:49:33', '2023-07-25 23:49:33'),
(9, 'unit-vpic-pic/MCTVmJ2WYm7eFmZMg8bLeZDOBb3Ut7Zj2vJyoZrF.jpg', NULL, NULL, 26, 'App\\Models\\Vpic', '2023-07-30 21:29:16', '2023-07-30 21:29:16'),
(10, 'unit-vpic-pic/IIOAgxFnMcXgq890JiJmVamp18saFNFspP2FiuXe.jpg', NULL, NULL, 33, 'App\\Models\\Vpic', '2023-07-30 21:30:53', '2023-07-30 21:30:53'),
(11, 'unit-vpic-pic/0yfToVg3HA3twN6SxAXP3Jv4SwZsdu3LZKsxouw7.jpg', NULL, NULL, 59, 'App\\Models\\Vpic', '2023-07-30 21:33:10', '2023-07-30 21:33:10'),
(12, 'unit-vpic-pic/iffrlZEWb4H4NF3xyMKoHNKocV9L3VgLooHtRGyF.jpg', NULL, NULL, 28, 'App\\Models\\Vpic', '2023-07-30 21:35:00', '2023-07-30 21:35:00'),
(13, 'unit-vrc-pic/ElgYKHrmQJSYFhvxPmXBSm65Y03In8hPWCMqUjUT.jpg', NULL, NULL, 37, 'App\\Models\\Vrc', '2023-08-04 20:43:55', '2023-08-04 20:43:55'),
(22, 'Brand-Pic/SLMpEP9uv6gl0SkPrDlNxQT3DsuNIjWXQtcQkF17.jpg', NULL, NULL, 1, 'App\\Models\\Brand', '2023-08-15 00:07:10', '2023-08-15 00:07:10'),
(25, 'unit-vpic-pic/yuL0F94P9dWJ63B24oM77VwXcA4E3sYTIEoI0NJM.jpg', NULL, NULL, 44, 'App\\Models\\Vpic', '2023-08-15 01:57:15', '2023-08-15 01:57:15'),
(32, 'Invoice-Stock-Pic/6lU95aS7Gy493qdac2Dx8pYXv7hEpWLwcuCJ9gPV.png', NULL, NULL, 49, 'App\\Models\\InvoiceStock', '2023-08-25 21:15:44', '2023-08-25 21:15:44'),
(36, 'vrc-Pic/rGML15sxnAvNGCltGI3EvzlsBRWtiHfFNnCLVyvi.jpg', NULL, NULL, 22, 'App\\Models\\Vrc', '2023-09-07 23:51:14', '2023-09-07 23:51:14'),
(37, 'vpic-Pic/CrzeGTlhsZ7dpmFPPWilVoIoJ4PcZ8PU6lIsvxKF.jpg', NULL, NULL, 41, 'App\\Models\\Vpic', '2023-09-08 00:27:05', '2023-09-08 00:27:05'),
(38, 'Brand-Pic/GTEC6CFms3E8ILvDM6lBbGtf7CjLCx3CXraHFrXB.webp', NULL, NULL, 2, 'App\\Models\\Brand', '2023-09-08 20:46:53', '2023-09-08 20:46:53'),
(39, 'Invoice-Stock-Pic/ptENnPPCxDWDS0syKy1VO57ZmztNnh0yEU1S0IC2.jpg', NULL, NULL, 78, 'App\\Models\\InvoiceStock', '2023-09-11 01:38:04', '2023-09-11 01:38:04'),
(41, 'vpic-Pic/ZSrUE3WJH4Q7IwP8pqHxNaYohNJevTQzCylOFUtt.jpg', NULL, NULL, 6, 'App\\Models\\Vpic', '2023-09-11 18:40:52', '2023-09-11 18:40:52'),
(43, 'Invoice-Stock-Pic/fdHl1OnX6WHF1TBFezrGvongjxoyGkccLDIy3x9h.jpg', NULL, NULL, 84, 'App\\Models\\InvoiceStock', '2023-09-12 01:43:37', '2023-09-12 01:43:37'),
(44, 'Invoice-Stock-Pic/NW26wCB13LvOzEHYiklX9zViE0WbGdX7XF2J2SGd.jpg', NULL, NULL, 85, 'App\\Models\\InvoiceStock', '2023-09-12 02:09:58', '2023-09-12 02:09:58'),
(45, 'Invoice-Stock-Pic/xHnvmemLrHqVsLoaK27HU0dRLimZK9Xk0MGLcoiy.jpg', NULL, NULL, 86, 'App\\Models\\InvoiceStock', '2023-09-12 22:01:26', '2023-09-12 22:01:26'),
(46, 'Invoice-Stock-Pic/cYvIrCDPNdmU6j6jXvwoY87dw9vCDoOyfLJcNS6v.jpg', NULL, NULL, 87, 'App\\Models\\InvoiceStock', '2023-09-12 22:02:27', '2023-09-12 22:02:27'),
(47, 'Invoice-Stock-Pic/LNLR6HFZ1XDMkQ69n7xsvJCRh2PMfbCLPdCac8cG.jpg', NULL, NULL, 88, 'App\\Models\\InvoiceStock', '2023-09-14 00:33:17', '2023-09-14 00:33:17'),
(48, 'Invoice-Stock-Pic/ZseblcchXFlEYooLubM4NBJLJmHIRjNEPAtMxQif.jpg', NULL, NULL, 89, 'App\\Models\\InvoiceStock', '2023-09-19 21:19:34', '2023-09-19 21:19:34'),
(49, 'Invoice-Stock-Pic/JzuhWMjhYyxTQ3PyChiS34iVrs8cx3dpDWg6LcTb.jpg', NULL, NULL, 90, 'App\\Models\\InvoiceStock', '2023-09-19 21:44:59', '2023-09-19 21:44:59'),
(50, 'Invoice-Stock-Pic/5PTmJwhIJ0miMVsPyTbGZEI5TZFCzgQVbjrYTrQk.jpg', NULL, NULL, 91, 'App\\Models\\InvoiceStock', '2023-09-19 21:47:46', '2023-09-19 21:47:46'),
(51, 'Invoice-Stock-Pic/ESvJCWL33BKSfaB1ut4RLxO6sr4C7F5TyUIUVXrr.jpg', NULL, NULL, 92, 'App\\Models\\InvoiceStock', '2023-09-19 22:05:01', '2023-09-19 22:05:01'),
(52, 'Invoice-Stock-Pic/53rugBVYOcNYrvlXDR5kMtYLMnmSpRNrwth8CDbf.jpg', NULL, NULL, 93, 'App\\Models\\InvoiceStock', '2023-09-19 22:10:19', '2023-09-19 22:10:19'),
(53, 'Invoice-Stock-Pic/Rwf6nnOOsHqasqhgWNNMHimPlhEnHIzqRqx6DU89.jpg', NULL, NULL, 94, 'App\\Models\\InvoiceStock', '2023-09-20 01:42:05', '2023-09-20 01:42:05'),
(54, 'Invoice-Stock-Pic/jlSTZCW4DuAfXKfAJPYLIbzEhlDCcmJdg0w1Nqyu.jpg', NULL, NULL, 95, 'App\\Models\\InvoiceStock', '2023-09-20 01:45:49', '2023-09-20 01:45:49'),
(55, 'Invoice-Stock-Pic/cwxiGO7uKXd60Y4WRoGwmqOg0CpLW6fAuwmqiaoy.jpg', NULL, NULL, 96, 'App\\Models\\InvoiceStock', '2023-09-21 00:56:01', '2023-09-21 00:56:01'),
(56, 'vrc-Pic/GF8rkEcKUMyLUQYiRiIe6Kd33fO4XP1Rrei9IpNg.jpg', NULL, NULL, 9, 'App\\Models\\Vrc', '2023-09-22 01:48:41', '2023-09-22 01:48:41'),
(57, 'Invoice-Stock-Pic/nrbXaComFH87ockrh6ff7F0qSYVXFofZV8kRGN1P.jpg', NULL, NULL, 6, 'App\\Models\\InvoiceStock', '2023-09-22 20:52:06', '2023-09-22 20:52:06'),
(58, 'Invoice-Stock-Pic/qSfnPJr7Hqa0DA4geTbbkovnoumqT96qqCACy4BZ.jpg', NULL, NULL, 97, 'App\\Models\\InvoiceStock', '2023-09-22 20:53:54', '2023-09-22 20:53:54'),
(59, 'Invoice-Stock-Pic/qsepT1gRs95D1zUgSzgtBNEbcZ6WGCqzhd9f4CYU.jpg', NULL, NULL, 98, 'App\\Models\\InvoiceStock', '2023-09-22 21:02:42', '2023-09-22 21:02:42'),
(60, 'Invoice-Stock-Pic/HH6jmAFjuPWsNN31ogOS8VhPBZ9KCLHQlkSP6SfH.jpg', NULL, NULL, 99, 'App\\Models\\InvoiceStock', '2023-09-22 21:05:47', '2023-09-22 21:05:47'),
(61, 'Invoice-Stock-Pic/Fnpk9C0sowhPM3QVVXpkt3ZEsfUDovByHrAsTh2m.jpg', NULL, NULL, 100, 'App\\Models\\InvoiceStock', '2023-09-24 23:06:10', '2023-09-24 23:06:10'),
(62, 'Invoice-Stock-Pic/s0pEfKsVFa24tvj2Ym1N41hlAAF8e23xY9y7q5Ub.jpg', NULL, NULL, 101, 'App\\Models\\InvoiceStock', '2023-09-24 23:10:06', '2023-09-24 23:10:06'),
(63, 'Invoice-Stock-Pic/Z4ZW6wzoaxincpM4uyqJLOvqs5D1IYgd0BMJHkW6.jpg', NULL, NULL, 102, 'App\\Models\\InvoiceStock', '2023-09-24 23:21:38', '2023-09-24 23:21:38'),
(64, 'Invoice-Stock-Pic/8HdhD3WtiFqBMYIswKOTBupwFZWuxKq15DtozUDI.jpg', NULL, NULL, 103, 'App\\Models\\InvoiceStock', '2023-09-24 23:23:05', '2023-09-24 23:23:05'),
(65, 'Invoice-Stock-Pic/gtxLoUcV6F7q8zrmKcNt521DN7clQ1DaKwNBQ5Su.jpg', NULL, NULL, 104, 'App\\Models\\InvoiceStock', '2023-09-28 23:12:27', '2023-09-28 23:12:27'),
(66, 'Invoice-Stock-Pic/XwFTw5MMnaSTMaeDVgx7E07yJgkgIbwlqWH0cW52.jpg', NULL, NULL, 105, 'App\\Models\\InvoiceStock', '2023-09-28 23:15:36', '2023-09-28 23:15:36'),
(67, 'Invoice-Stock-Pic/Zrqf7GABfWLzyGl3A818tAgXhBTHGeFMaEHoewXi.jpg', NULL, NULL, 106, 'App\\Models\\InvoiceStock', '2023-09-28 23:17:09', '2023-09-28 23:17:09'),
(68, 'Invoice-Stock-Pic/FWyBz0eORwczqvENCnSqproT7Yceu1jF1xUq0vtI.jpg', NULL, NULL, 107, 'App\\Models\\InvoiceStock', '2023-09-28 23:21:31', '2023-09-28 23:21:31'),
(69, 'Invoice-Stock-Pic/6wKdvKGSBtovsY4RRzi3WDrCZwye6DXsrK170T8h.jpg', NULL, NULL, 108, 'App\\Models\\InvoiceStock', '2023-09-28 23:25:21', '2023-09-28 23:25:21'),
(70, 'Invoice-Stock-Pic/QAPryNwecvixmeVQUThWmjsG5TpJcey8QLPitrBR.jpg', NULL, NULL, 109, 'App\\Models\\InvoiceStock', '2023-09-28 23:38:44', '2023-09-28 23:38:44'),
(71, 'Invoice-Stock-Pic/yxEsOSnWwC08zvF9oHQoLBkzX5U3uErQG8RKA2PK.jpg', NULL, NULL, 110, 'App\\Models\\InvoiceStock', '2023-09-28 23:42:36', '2023-09-28 23:42:36'),
(72, 'vpic-Pic/6aDnSmmSs2MBIQBByv5Uxs3pSGts5MPLoFuUZelz.jpg', NULL, NULL, 22, 'App\\Models\\Vpic', '2023-09-29 21:18:12', '2023-09-29 21:18:12'),
(73, 'Invoice-Stock-Pic/bTr6Go9U3guwjizKuIxOWEXd0huUmDiZ4tQnyRtm.jpg', NULL, NULL, 111, 'App\\Models\\InvoiceStock', '2023-09-29 21:20:48', '2023-09-29 21:20:48'),
(75, 'Invoice-Stock-Pic/vz6CIfjggKgbXHgWWupkPslpAqSAu2CtG5PHkz1I.jpg', NULL, NULL, 112, 'App\\Models\\InvoiceStock', '2023-10-01 20:53:46', '2023-10-01 20:53:46'),
(76, 'Invoice-Stock-Pic/vXcEPFPjeLR4ILfF2Tsade8Vun0W354YmvSILEtU.jpg', NULL, NULL, 113, 'App\\Models\\InvoiceStock', '2023-10-01 20:57:48', '2023-10-01 20:57:48'),
(77, 'Invoice-Stock-Pic/g9AmYjmT42KYHmzQxSXlynVrlmEuPYA9JtDzuEJp.jpg', NULL, NULL, 114, 'App\\Models\\InvoiceStock', '2023-10-01 20:58:39', '2023-10-01 20:58:39'),
(78, 'Invoice-Stock-Pic/kCrjNmWIVMgyeEcDQsxcDeP7syl67uzlUg7Pr1zX.jpg', NULL, NULL, 116, 'App\\Models\\InvoiceStock', '2023-10-06 00:08:49', '2023-10-06 00:08:49'),
(79, 'Invoice-Stock-Pic/bbQ2gAEtGMKlNwC8GzUOU15jxkwrHDHbQ0DV1AEu.jpg', NULL, NULL, 117, 'App\\Models\\InvoiceStock', '2023-10-08 20:24:00', '2023-10-08 20:24:00'),
(80, 'Invoice-Stock-Pic/NG7POFf20qwCX4HWzN5yhoxpBHnoQALToJ0U2kAP.jpg', NULL, NULL, 118, 'App\\Models\\InvoiceStock', '2023-10-08 20:24:45', '2023-10-08 20:24:45'),
(81, 'Invoice-Stock-Pic/AolieI3wTYngGt0fplCZFo66seBqji3wzOAyoyse.jpg', NULL, NULL, 119, 'App\\Models\\InvoiceStock', '2023-10-08 20:25:23', '2023-10-08 20:25:23'),
(82, 'Invoice-Stock-Pic/DboochMT4bKPMU1W2PTGlvgMpiMD5vXacs8A8GMj.jpg', NULL, NULL, 120, 'App\\Models\\InvoiceStock', '2023-10-08 23:43:40', '2023-10-08 23:43:40'),
(83, 'Invoice-Stock-Pic/rbs4qNP3AvasTb5Fddt8idDGpt46aZBmvJxAvbId.jpg', NULL, NULL, 123, 'App\\Models\\InvoiceStock', '2023-10-12 19:59:24', '2023-10-12 19:59:24'),
(84, 'Invoice-Stock-Pic/UYYuIQ0OXHARqj76hiQJOVfqYbUWMKwCsx47DA1J.jpg', NULL, NULL, 124, 'App\\Models\\InvoiceStock', '2023-10-13 21:24:28', '2023-10-13 21:24:28'),
(85, 'Invoice-Stock-Pic/tZi3a9oBOq8kLqIgiiE4SwhlQblW4vZha4SEZJQN.jpg', NULL, NULL, 125, 'App\\Models\\InvoiceStock', '2023-10-13 21:26:43', '2023-10-13 21:26:43'),
(86, 'supplier-Pic/aE5gk9otebpsay2NIHtj6dQl289zHoFtKdSM0L1n.jpg', NULL, NULL, 18, 'App\\Models\\Supplier', '2023-10-13 21:29:26', '2023-10-13 21:29:26'),
(87, 'Invoice-Stock-Pic/bLgBgfWrehhKmmfbdQfiy9b1uBi7m3qqz0Qqw9FX.jpg', NULL, NULL, 126, 'App\\Models\\InvoiceStock', '2023-10-13 21:30:07', '2023-10-13 21:30:07'),
(88, 'Invoice-Stock-Pic/6Kj6j674iXHLzZw8e2Uwpf9mv8Nf0HI2jJOfgGQ7.jpg', NULL, NULL, 127, 'App\\Models\\InvoiceStock', '2023-10-13 21:44:21', '2023-10-13 21:44:21'),
(89, 'Invoice-Stock-Pic/gvgTC9EcNwfqtjSZHhzv8JDu8G9F9GaBrmaBVRAP.jpg', NULL, NULL, 128, 'App\\Models\\InvoiceStock', '2023-10-16 00:27:24', '2023-10-16 00:27:24'),
(90, 'Invoice-Stock-Pic/HTaGcxXNxq6ox6bXuhl05FmoEtaEeRzDIVLXbyfx.jpg', NULL, NULL, 129, 'App\\Models\\InvoiceStock', '2023-10-16 00:34:54', '2023-10-16 00:34:54'),
(91, 'Invoice-Stock-Pic/FOzN6bwNP1uyhegvNM7BOcKQAWQX0BaD9fbfaPT2.jpg', NULL, NULL, 130, 'App\\Models\\InvoiceStock', '2023-10-16 00:38:58', '2023-10-16 00:38:58'),
(92, 'Invoice-Stock-Pic/PyQhS8eaUuxxnAjGkMn9hDhFrHDAEK9U5r5r6cWk.jpg', NULL, NULL, 131, 'App\\Models\\InvoiceStock', '2023-10-16 00:43:11', '2023-10-16 00:43:11'),
(93, 'Invoice-Stock-Pic/IXrWOrZuIutWnXVoPDYJO4X1144bnXDh4Ihra3jR.jpg', NULL, NULL, 132, 'App\\Models\\InvoiceStock', '2023-10-16 00:45:58', '2023-10-16 00:45:58'),
(97, 'Invoice-Stock-Pic/aZYVrloUCy40HYOmXow6M25anKbSEMvfjqSTCeck.jpg', NULL, NULL, 134, 'App\\Models\\InvoiceStock', '2023-10-17 20:45:41', '2023-10-17 20:45:41'),
(98, 'Invoice-Stock-Pic/ItMjQ7x53eIUBdpGSOnnhEp1SnQvP9lQBwOTkdhW.jpg', NULL, NULL, 135, 'App\\Models\\InvoiceStock', '2023-10-17 20:46:38', '2023-10-17 20:46:38'),
(99, 'Invoice-Stock-Pic/sKOp5BzL0tq1DGx8qwnRKMe1mrYWkyV4eKgf3USp.jpg', NULL, NULL, 136, 'App\\Models\\InvoiceStock', '2023-10-18 19:26:36', '2023-10-18 19:26:36'),
(100, 'Invoice-Stock-Pic/X1IGxGjH2ogmE4XVOoIUwVVqtyJhciltlzVEWLIq.jpg', NULL, NULL, 137, 'App\\Models\\InvoiceStock', '2023-10-18 20:33:54', '2023-10-18 20:33:54'),
(101, 'Invoice-Stock-Pic/gnzY72HOFIlPW7M3KiUnQioVdpTd4xPpUWz0ZrLa.jpg', NULL, NULL, 138, 'App\\Models\\InvoiceStock', '2023-10-19 23:14:39', '2023-10-19 23:14:39'),
(102, 'Invoice-Stock-Pic/c2knqLoMW4ct5HYfDCOHOH3W0QE3qKs8o6twm1I8.jpg', NULL, NULL, 139, 'App\\Models\\InvoiceStock', '2023-10-20 20:49:38', '2023-10-20 20:49:38'),
(103, 'Invoice-Stock-Pic/9cb71LdH1zYU6afA1o1B8FdHP7RvlxpH2LcPiuZo.jpg', NULL, NULL, 79, 'App\\Models\\InvoiceStock', '2023-10-20 21:05:00', '2023-10-20 21:05:00'),
(104, 'Invoice-Stock-Pic/406RKcoXjPqcgBVLTLa4twUCXmDI0nm4YrJ22IYq.jpg', NULL, NULL, 140, 'App\\Models\\InvoiceStock', '2023-10-20 21:32:18', '2023-10-20 21:32:18'),
(105, 'Invoice-Stock-Pic/bQSRGtWgs5jm4EMrKQBiGMqr59c3elkLNkiQbs6L.jpg', NULL, NULL, 141, 'App\\Models\\InvoiceStock', '2023-10-22 19:47:54', '2023-10-22 19:47:54'),
(106, 'Invoice-Stock-Pic/V6iLPovj2u2lnSgpY04HP3NmJXWfZmopnBFPYbv5.jpg', NULL, NULL, 142, 'App\\Models\\InvoiceStock', '2023-10-22 19:48:28', '2023-10-22 19:48:28'),
(107, 'Invoice-Stock-Pic/Cl7dNN0YtYYr8EFVperFvaZ9NO2UBEDnp5yorUF7.jpg', NULL, NULL, 143, 'App\\Models\\InvoiceStock', '2023-10-22 19:49:01', '2023-10-22 19:49:01'),
(108, 'Invoice-Stock-Pic/5OCD9W495xweY2wLcNGdrfqJkCjEJxSdy8OnPiIv.jpg', NULL, NULL, 144, 'App\\Models\\InvoiceStock', '2023-10-22 19:49:37', '2023-10-22 19:49:37'),
(109, 'Invoice-Stock-Pic/rPckSxpehEby6V81nAECJCN526RFTllOQllMGvKn.jpg', NULL, NULL, 145, 'App\\Models\\InvoiceStock', '2023-10-24 20:41:16', '2023-10-24 20:41:16'),
(110, 'Invoice-Stock-Pic/OO0BFs9DOU6cnQQKOLpp9H7JWLh5J7YteTGV5pqc.jpg', NULL, NULL, 146, 'App\\Models\\InvoiceStock', '2023-10-24 20:41:42', '2023-10-24 20:41:42'),
(111, 'Invoice-Stock-Pic/wza8EoYwxeIOlGn8TF0915Uyr4jnLEzcaKrzpsVF.jpg', NULL, NULL, 133, 'App\\Models\\InvoiceStock', '2023-10-24 20:53:18', '2023-10-24 20:53:18'),
(112, 'Invoice-Stock-Pic/BUHTFlwlEA8dY5qMSRchbGtJ8RcPwSzipa2VNqxm.jpg', NULL, NULL, 147, 'App\\Models\\InvoiceStock', '2023-10-24 22:46:49', '2023-10-24 22:46:49'),
(113, 'Invoice-Stock-Pic/fHvEqXr5dc4TCn8wQZd7ftIErku6Up4COR2dCowS.jpg', NULL, NULL, 148, 'App\\Models\\InvoiceStock', '2023-10-25 20:02:05', '2023-10-25 20:02:05'),
(114, 'Invoice-Stock-Pic/OUrLLWPQKTpzyG7JPhU1ZFgX7rSAzRSzJOYg2DSd.jpg', NULL, NULL, 149, 'App\\Models\\InvoiceStock', '2023-10-25 20:02:34', '2023-10-25 20:02:34'),
(115, 'Invoice-Stock-Pic/8nmK1iMFLHRUf9rNYpmeLnh2nOCYZQl7eHQi6Ifb.jpg', NULL, NULL, 150, 'App\\Models\\InvoiceStock', '2023-10-25 23:12:49', '2023-10-25 23:12:49'),
(116, 'Invoice-Stock-Pic/Pj5QTnKrCdyIDKabctYBZhBGy9X7Ybsgfz0P3pFZ.jpg', NULL, NULL, 151, 'App\\Models\\InvoiceStock', '2023-10-26 00:55:11', '2023-10-26 00:55:11'),
(117, 'Invoice-Stock-Pic/Z7MPeoa4FFn4FcwrmM0vTlyz9WH0SYccR0Ryv3RU.jpg', NULL, NULL, 152, 'App\\Models\\InvoiceStock', '2023-10-29 20:20:00', '2023-10-29 20:20:00'),
(118, 'Invoice-Stock-Pic/fPYWyeeVto9ztmhq4brJH9EiiWqAcUXrGRfKxM3h.jpg', NULL, NULL, 153, 'App\\Models\\InvoiceStock', '2023-11-01 19:50:42', '2023-11-01 19:50:42'),
(119, 'vrc-Pic/etPwYHQ96BnRWu7Tx4UuO3jPFbOaOWF48Ai2qAnz.jpg', NULL, NULL, 63, 'App\\Models\\Vrc', '2023-11-02 21:23:42', '2023-11-02 21:23:42'),
(120, 'Invoice-Stock-Pic/veKsNahM5ohSDr0aJ6zs0cEAECIgiDyeoJXogA10.jpg', NULL, NULL, 154, 'App\\Models\\InvoiceStock', '2023-11-03 02:33:19', '2023-11-03 02:33:19'),
(121, 'Invoice-Stock-Pic/7JuVMTcV3PGGYuJEZZyePmcn1b1qfBu9KgIcaku7.jpg', NULL, NULL, 155, 'App\\Models\\InvoiceStock', '2023-11-05 19:53:18', '2023-11-05 19:53:18'),
(122, 'Invoice-Stock-Pic/bDeZlXoa1caAfM0ln0pn5VcBssawz0E9u7DkbrL3.jpg', NULL, NULL, 156, 'App\\Models\\InvoiceStock', '2023-11-05 19:54:39', '2023-11-05 19:54:39'),
(123, 'Invoice-Stock-Pic/mmP7lJ986hoHgmUOKa43TjcXRBOqM4YAFxcjvI3K.jpg', NULL, NULL, 157, 'App\\Models\\InvoiceStock', '2023-11-05 19:55:25', '2023-11-05 19:55:25'),
(124, 'Invoice-Stock-Pic/EQ1vP2FAX2r8GHucBW306W4TaknBfPlonnsLJ94A.jpg', NULL, NULL, 158, 'App\\Models\\InvoiceStock', '2023-11-05 19:56:44', '2023-11-05 19:56:44'),
(125, 'Invoice-Stock-Pic/OCLiVNNdb0bxhY0sYRRfBupfvS6WGRPGjouWMZdF.jpg', NULL, NULL, 159, 'App\\Models\\InvoiceStock', '2023-11-06 20:02:34', '2023-11-06 20:02:34'),
(126, 'vpic-Pic/CgTHE3FG0q3KH6Z4hGAeQBFpWWfUDQKn6KYaYjl9.jpg', NULL, NULL, 14, 'App\\Models\\Vpic', '2023-11-09 01:00:16', '2023-11-09 01:00:16'),
(127, 'Invoice-Stock-Pic/IxtFllbSODeK0GRbbka7oJOAGxb5b6Vb9jYQL9Hw.jpg', NULL, NULL, 160, 'App\\Models\\InvoiceStock', '2023-11-09 19:47:35', '2023-11-09 19:47:35'),
(128, 'Invoice-Stock-Pic/tmOR5uhjOUuYeUcqtYObEpJvo14JZPGG1eoufYqT.jpg', NULL, NULL, 167, 'App\\Models\\InvoiceStock', '2023-11-09 19:59:44', '2023-11-09 19:59:44'),
(129, 'unit-pic/Oc0VCXKrqNEiOiTBvrHGqL3rpnRR37Vi3GBvZonw.jpg', NULL, NULL, 49, 'App\\Models\\Unit', '2023-11-10 00:46:24', '2023-11-10 00:46:24'),
(130, 'unit-pic/huipiKWQPCPsMV3epXg0ph11RMbqILsoB5E7EZYi.webp', NULL, NULL, 52, 'App\\Models\\Unit', '2023-11-10 00:47:48', '2023-11-10 00:47:48'),
(131, 'vpic-Pic/Z0FPltAfulOcyWzTPaoER0dTcPTGkkUBwck9UUIL.jpg', NULL, NULL, 15, 'App\\Models\\Vpic', '2023-11-10 01:06:11', '2023-11-10 01:06:11'),
(132, 'Invoice-Stock-Pic/wuUzy2dRX7TxShFcKQ98YM1hVGG4DzGoi8V3hxL7.jpg', NULL, NULL, 168, 'App\\Models\\InvoiceStock', '2023-11-12 20:05:44', '2023-11-12 20:05:44'),
(133, 'Invoice-Stock-Pic/qe9CamiUYJsJi38c2ZNmujvK1Nlk79ikQngvimLa.jpg', NULL, NULL, 169, 'App\\Models\\InvoiceStock', '2023-11-12 20:06:16', '2023-11-12 20:06:16'),
(134, 'Invoice-Stock-Pic/NWhxvFDaVovgoAMN7y7Rs3dVD01rdCAaGRiIPjo0.jpg', NULL, NULL, 170, 'App\\Models\\InvoiceStock', '2023-11-12 20:07:07', '2023-11-12 20:07:07'),
(135, 'Invoice-Stock-Pic/4EZn1zL1DzqVh8CV2gN7l1KuRr54H4CUVLMFUueX.jpg', NULL, NULL, 171, 'App\\Models\\InvoiceStock', '2023-11-13 20:12:22', '2023-11-13 20:12:22'),
(136, 'Invoice-Stock-Pic/Ng9I7N9c88gW7GMJvDPA22QgkkOid4GHe7QVa8Ye.jpg', NULL, NULL, 172, 'App\\Models\\InvoiceStock', '2023-11-15 00:14:34', '2023-11-15 00:14:34'),
(137, 'vpic-Pic/8bBDGMYitLspbE0uRnZ3wVuFyhLLTQc6SUgZgQi0.jpg', NULL, NULL, 19, 'App\\Models\\Vpic', '2023-11-15 00:16:30', '2023-11-15 00:16:30'),
(138, 'Invoice-Stock-Pic/wP9rLCjtloSZHPd2DoLB4VBgnrgWv9DtpT6bxg6F.jpg', NULL, NULL, 173, 'App\\Models\\InvoiceStock', '2023-11-15 00:19:35', '2023-11-15 00:19:35'),
(139, 'vrc-Pic/2NxeEo7UQVFDwxPDI8L9Nc7ChzdxmDNeVCRMMiFK.jpg', NULL, NULL, 20, 'App\\Models\\Vrc', '2023-11-15 22:05:10', '2023-11-15 22:05:10'),
(140, 'Invoice-Stock-Pic/hdXw1HtYO6FHPc2BkRFCl3PvAl69ZRXC0WETSq2P.jpg', NULL, NULL, 174, 'App\\Models\\InvoiceStock', '2023-11-16 00:02:08', '2023-11-16 00:02:08'),
(141, 'vpic-Pic/LjeMIP0WVbZWJpTryzidrTvu8EGmssNuExGrOjtv.jpg', NULL, NULL, 25, 'App\\Models\\Vpic', '2023-11-16 22:12:10', '2023-11-16 22:12:10'),
(142, 'vpic-Pic/nwTMxrnFXemZtviqw34OgvkQggGhoEAQKKWyIvIJ.jpg', NULL, NULL, 23, 'App\\Models\\Vpic', '2023-11-16 22:13:51', '2023-11-16 22:13:51'),
(143, 'Invoice-Stock-Pic/FsQ4GoAC3ow42AmRi0hnFVhGKZtVY256pY7uPFun.jpg', NULL, NULL, 175, 'App\\Models\\InvoiceStock', '2023-11-19 20:44:45', '2023-11-19 20:44:45'),
(144, 'Invoice-Stock-Pic/hMroiinCSjrcaIQOtXsGrsxCyyToDsjpxKsWUZu0.jpg', NULL, NULL, 176, 'App\\Models\\InvoiceStock', '2023-11-19 20:45:29', '2023-11-19 20:45:29'),
(145, 'Invoice-Stock-Pic/mJTG5HUVkMDW486Go8wYESqHfuvJEjDikh907ubm.jpg', NULL, NULL, 177, 'App\\Models\\InvoiceStock', '2023-11-19 20:46:03', '2023-11-19 20:46:03'),
(146, 'Invoice-Stock-Pic/ec3ce8qSePJEAq4WHVROXAtuWpn4x7aIGvW0T7s1.jpg', NULL, NULL, 178, 'App\\Models\\InvoiceStock', '2023-11-19 20:46:38', '2023-11-19 20:46:38'),
(147, 'Invoice-Stock-Pic/SPLy4KdFpqx7mdA1jaXJICBhf0Z2yGGdTweHVhGU.jpg', NULL, NULL, 179, 'App\\Models\\InvoiceStock', '2023-11-20 02:31:39', '2023-11-20 02:31:39'),
(148, 'Invoice-Stock-Pic/is3D7VaLsCQWCVCiUGsUjg131EiEs1jvLNUC91hU.jpg', NULL, NULL, 180, 'App\\Models\\InvoiceStock', '2023-11-20 19:38:09', '2023-11-20 19:38:09'),
(149, 'Invoice-Stock-Pic/VkXv3O0AyXOW34vQMDOxQObubS0HZcsxAFdFRLBP.jpg', NULL, NULL, 183, 'App\\Models\\InvoiceStock', '2023-11-22 20:20:43', '2023-11-22 20:20:43'),
(150, 'Invoice-Stock-Pic/k4DjikbpfeviJdSTAQ8uo8ShanxsXdm3FiI22iyA.jpg', NULL, NULL, 184, 'App\\Models\\InvoiceStock', '2023-11-22 20:21:11', '2023-11-22 20:21:11'),
(151, 'Invoice-Stock-Pic/4LUigtEFAiG2n40UpmQxmou8QVbj7fKghrlecTMB.jpg', NULL, NULL, 185, 'App\\Models\\InvoiceStock', '2023-11-22 20:25:10', '2023-11-22 20:25:10'),
(152, 'Invoice-Stock-Pic/qtiiwnDdQjxs1dwxFYheUYNIHvjzRSFcrvh5YF1U.jpg', NULL, NULL, 186, 'App\\Models\\InvoiceStock', '2023-11-26 19:58:03', '2023-11-26 19:58:03'),
(153, 'Invoice-Stock-Pic/VGBcU9a2ifh9qnqFoUrISRCx2WPk6MDGLDBM0rIj.jpg', NULL, NULL, 187, 'App\\Models\\InvoiceStock', '2023-11-26 20:01:02', '2023-11-26 20:01:02'),
(154, 'Invoice-Stock-Pic/yWYLWa8jcjFIpvUGDq9APlFhddObFzZSoWGY7xff.jpg', NULL, NULL, 188, 'App\\Models\\InvoiceStock', '2023-11-26 20:01:30', '2023-11-26 20:01:30'),
(155, 'vrc-Pic/jxXYpD6MBoK0ORQdg22eHFZB7sMqxqRKqTzrfacb.jpg', NULL, NULL, 10, 'App\\Models\\Vrc', '2023-12-01 02:14:42', '2023-12-01 02:14:42'),
(156, 'Invoice-Stock-Pic/xXIiP4QxurdwYOgw9MkVUCQRTLAwUMenj0UFxatG.jpg', NULL, NULL, 189, 'App\\Models\\InvoiceStock', '2023-12-03 20:36:11', '2023-12-03 20:36:11'),
(157, 'Invoice-Stock-Pic/TGZ8SNzza39BV4NdmEaMWmT5gRufBuHj1teEQHvJ.jpg', NULL, NULL, 190, 'App\\Models\\InvoiceStock', '2023-12-03 20:36:39', '2023-12-03 20:36:39'),
(158, 'Invoice-Stock-Pic/ytf34GALatx2UepV4b5J7b7xa34KtWFcemKblaFY.jpg', NULL, NULL, 191, 'App\\Models\\InvoiceStock', '2023-12-03 20:37:11', '2023-12-03 20:37:11'),
(159, 'Invoice-Stock-Pic/2ztYKoGPxzZciHOuOky2RWovsQmoKVleJzlPgwfa.jpg', NULL, NULL, 192, 'App\\Models\\InvoiceStock', '2023-12-05 19:42:25', '2023-12-05 19:42:25'),
(160, 'Invoice-Stock-Pic/PaKeiGJdhHYkYetjLJYO4RHEIBoj1EYo35Es1Iwu.jpg', NULL, NULL, 193, 'App\\Models\\InvoiceStock', '2023-12-05 19:43:15', '2023-12-05 19:43:15'),
(161, 'Invoice-Stock-Pic/lprExDFl3tv6QeJM7oWWAUe5u4DYR8qG6O3mnXrh.jpg', NULL, NULL, 195, 'App\\Models\\InvoiceStock', '2023-12-05 23:26:12', '2023-12-05 23:26:12'),
(162, 'Invoice-Stock-Pic/vcusy4fqqN0nnxerTMHnvcr6PUDuZNloZnyx9nQZ.jpg', NULL, NULL, 196, 'App\\Models\\InvoiceStock', '2023-12-10 23:50:17', '2023-12-10 23:50:17'),
(163, 'Invoice-Stock-Pic/I4gE40fHImKJKN91gi1eEexyveRMhjtVx6akB155.jpg', NULL, NULL, 197, 'App\\Models\\InvoiceStock', '2023-12-11 00:24:32', '2023-12-11 00:24:32'),
(164, 'Invoice-Stock-Pic/yKZP9YSh5lignPurydApynUY5RsDPEwK4uMWWzUi.jpg', NULL, NULL, 198, 'App\\Models\\InvoiceStock', '2023-12-11 00:26:20', '2023-12-11 00:26:20'),
(165, 'Invoice-Stock-Pic/PDorWTpraDkSqjgEpkzsNZTmbD6QYIxzcaLbUUrY.jpg', NULL, NULL, 199, 'App\\Models\\InvoiceStock', '2023-12-11 00:26:58', '2023-12-11 00:26:58'),
(166, 'Invoice-Stock-Pic/NkGgtXUysFx4KBR8nVAwpPtKUcZc5GO4xHQV96SY.jpg', NULL, NULL, 200, 'App\\Models\\InvoiceStock', '2023-12-12 23:50:18', '2023-12-12 23:50:18'),
(167, 'Invoice-Stock-Pic/Y6bVGKr8EziXRPLcgAtGMyaYgLfReTNOYwsdyvRX.jpg', NULL, NULL, 201, 'App\\Models\\InvoiceStock', '2023-12-12 23:51:12', '2023-12-12 23:51:12'),
(168, 'Invoice-Stock-Pic/ASVasAr17Wm0wvxmtlH3TnOYBJ9vqaq6PeywM2Fn.jpg', NULL, NULL, 202, 'App\\Models\\InvoiceStock', '2023-12-14 20:41:04', '2023-12-14 20:41:04'),
(169, 'Invoice-Stock-Pic/4HHNK8o7XCnXm4dtG5tpjcz4aOFiHNFqpil8G4PB.jpg', NULL, NULL, 203, 'App\\Models\\InvoiceStock', '2023-12-14 20:41:42', '2023-12-14 20:41:42'),
(170, 'Invoice-Stock-Pic/3jd5sAjKsJNPgxoIt6o9MU9EqsvUc0Uege4HCHIF.jpg', NULL, NULL, 204, 'App\\Models\\InvoiceStock', '2023-12-17 20:07:39', '2023-12-17 20:07:39'),
(171, 'Invoice-Stock-Pic/jcbCAMcPna3dJEQcx0cN3ZiHKqRbGYb93EZrNUdg.jpg', NULL, NULL, 205, 'App\\Models\\InvoiceStock', '2023-12-17 20:08:14', '2023-12-17 20:08:14'),
(172, 'Invoice-Stock-Pic/knCQMN8a1QvUCRXR7ITmGyX021LpKZAdZ5bDcJX5.jpg', NULL, NULL, 206, 'App\\Models\\InvoiceStock', '2023-12-17 20:08:49', '2023-12-17 20:08:49'),
(173, 'vpic-Pic/zqkAHmSWKRV9zBw9kAlGEGqjZkQUNv2hMwUskMxa.jpg', NULL, NULL, 31, 'App\\Models\\Vpic', '2023-12-19 00:20:29', '2023-12-19 00:20:29'),
(174, 'Invoice-Stock-Pic/1mz0SWFjfak2Bih5hQnArBQRZvwTccwr6VSvLQkb.jpg', NULL, NULL, 207, 'App\\Models\\InvoiceStock', '2023-12-25 23:51:32', '2023-12-25 23:51:32'),
(175, 'Invoice-Stock-Pic/Tq1L6z61AHUkCcqsnGMX4zy1gFosZSFGJK0gVHiT.jpg', NULL, NULL, 209, 'App\\Models\\InvoiceStock', '2023-12-29 00:15:18', '2023-12-29 00:15:18'),
(176, 'Invoice-Stock-Pic/hEZdCmYEumzSwGvvDNVLkv1HFDe7YKYmiy18D59j.jpg', NULL, NULL, 210, 'App\\Models\\InvoiceStock', '2023-12-29 00:19:48', '2023-12-29 00:19:48'),
(177, 'Invoice-Stock-Pic/lOvNWsZPCOrJK8m4Ch1fAQ5vIf69Y3TGlwYEfD8t.jpg', NULL, NULL, 211, 'App\\Models\\InvoiceStock', '2023-12-29 00:24:03', '2023-12-29 00:24:03'),
(179, 'Invoice-Stock-Pic/jwjypTauGDcl9YBPnXky70xEndteg0iHU8QhUUrB.jpg', NULL, NULL, 212, 'App\\Models\\InvoiceStock', '2024-01-03 01:29:34', '2024-01-03 01:29:34'),
(180, 'Invoice-Stock-Pic/0tKFzqXEaH4brRccxx0ozI127yqmYpkrU4Ilfz3z.jpg', NULL, NULL, 213, 'App\\Models\\InvoiceStock', '2024-01-04 23:33:20', '2024-01-04 23:33:20'),
(181, 'Invoice-Stock-Pic/EFxWlG30oeg1VVSrl9JGMFNeZAXuyZmFcBVZNva1.jpg', NULL, NULL, 214, 'App\\Models\\InvoiceStock', '2024-01-04 23:33:54', '2024-01-04 23:33:54'),
(182, 'Invoice-Stock-Pic/PQtY8qUeAFUoQLXDA1NZxHIgDAq8Z3QIme3aioVN.jpg', NULL, NULL, 215, 'App\\Models\\InvoiceStock', '2024-01-09 19:44:03', '2024-01-09 19:44:03'),
(183, 'Invoice-Stock-Pic/EUirH2fMUfcUUL717ZgQrnFHn63GgQy7w4ARbHxC.jpg', NULL, NULL, 216, 'App\\Models\\InvoiceStock', '2024-01-09 19:46:43', '2024-01-09 19:46:43'),
(184, 'Invoice-Stock-Pic/aVaM20J6qxjkkjFpCnMpfsKghwImtNkN2SWCN0zC.jpg', NULL, NULL, 217, 'App\\Models\\InvoiceStock', '2024-01-09 19:49:16', '2024-01-09 19:49:16'),
(185, 'Invoice-Stock-Pic/OAy2JK2AK5UNpzLu8lkIaJvSalIyi11yxSmjZdMr.jpg', NULL, NULL, 218, 'App\\Models\\InvoiceStock', '2024-01-09 19:52:35', '2024-01-09 19:52:35'),
(186, 'Invoice-Stock-Pic/xChi3J0N67baU06BNyaovOgy4eVb5KBXhN2xt6OZ.jpg', NULL, NULL, 219, 'App\\Models\\InvoiceStock', '2024-01-10 21:23:28', '2024-01-10 21:23:28'),
(187, 'Invoice-Stock-Pic/m0HGH7PswgaSRxskhnnJYx4IuikjxOqPtXCBgApw.jpg', NULL, NULL, 220, 'App\\Models\\InvoiceStock', '2024-01-11 21:36:35', '2024-01-11 21:36:35'),
(188, 'Invoice-Stock-Pic/h8BJglKHn2EDvJYhlMrSUiNoQRyFpgtl82y0l9uM.jpg', NULL, NULL, 221, 'App\\Models\\InvoiceStock', '2024-01-11 21:37:08', '2024-01-11 21:37:08'),
(189, 'Invoice-Stock-Pic/iwoBvhQJ2c34lPMCLM1FYSqC5gBwdGHh1YYFkOIc.jpg', NULL, NULL, 222, 'App\\Models\\InvoiceStock', '2024-01-11 23:53:26', '2024-01-11 23:53:26'),
(190, 'Invoice-Stock-Pic/LpvOeRZVHjiaGXm6uJHk2GkK2O1ydMZmzOwAYUL6.jpg', NULL, NULL, 223, 'App\\Models\\InvoiceStock', '2024-01-12 00:53:02', '2024-01-12 00:53:02'),
(191, 'Invoice-Stock-Pic/NlCzotQWVNR03r2yMd3lTFo3z0RqET0YU7VlAAf3.jpg', NULL, NULL, 224, 'App\\Models\\InvoiceStock', '2024-01-16 01:10:41', '2024-01-16 01:10:41'),
(192, 'Invoice-Stock-Pic/wTV2gYZ41FYhnQP6StH6V83rlwWs3QO0QY97tEms.jpg', NULL, NULL, 225, 'App\\Models\\InvoiceStock', '2024-01-16 01:11:16', '2024-01-16 01:11:16'),
(193, 'Invoice-Stock-Pic/RPT4D6uYm0SDEMhZU7t35tX8wWsVLxq2g3zLFFDZ.jpg', NULL, NULL, 226, 'App\\Models\\InvoiceStock', '2024-01-16 01:11:45', '2024-01-16 01:11:45'),
(194, 'Invoice-Stock-Pic/wTxVzZJCXWrSNfKeczvjRLZyr3zHCQxPdsgO5qUj.jpg', NULL, NULL, 227, 'App\\Models\\InvoiceStock', '2024-01-16 01:25:22', '2024-01-16 01:25:22'),
(195, 'Invoice-Stock-Pic/s8R7Zcm85ffC4Uf8Yp5s0SyRpA7HeFOOuuBGa7eQ.jpg', NULL, NULL, 229, 'App\\Models\\InvoiceStock', '2024-01-22 23:00:51', '2024-01-22 23:00:51'),
(196, 'Invoice-Stock-Pic/Nr9V8NdUplML3DYryfIGzxzfwZQu7Fg0vEbZ9PUn.jpg', NULL, NULL, 230, 'App\\Models\\InvoiceStock', '2024-01-22 23:01:19', '2024-01-22 23:01:19'),
(197, 'Invoice-Stock-Pic/av1VNT3GLtDbg6wOZnnBqi0im36NKaoTt0An4Gcx.jpg', NULL, NULL, 231, 'App\\Models\\InvoiceStock', '2024-01-22 23:01:44', '2024-01-22 23:01:44'),
(198, 'Invoice-Stock-Pic/sTxTWX8qOig9wu65hAlyqglWgisfob4U6OpONulI.jpg', NULL, NULL, 232, 'App\\Models\\InvoiceStock', '2024-01-25 19:41:01', '2024-01-25 19:41:01'),
(199, 'Invoice-Stock-Pic/viQ9nRXjxllomOZRbFvN1EotX2InF1thy0AShSFM.jpg', NULL, NULL, 233, 'App\\Models\\InvoiceStock', '2024-01-28 23:34:19', '2024-01-28 23:34:19'),
(200, 'vpic-Pic/bPhsBWuBfqCmDH0l2guaOCqJ2YmG5RVRFgMyme5w.jpg', NULL, NULL, 51, 'App\\Models\\Vpic', '2024-01-29 01:26:09', '2024-01-29 01:26:09'),
(201, 'vpic-Pic/tvQC05EJ5UGf2et2RGPr8qkBYpfRyx92dMYZ2xiZ.jpg', NULL, NULL, 51, 'App\\Models\\Vpic', '2024-01-29 01:27:07', '2024-01-29 01:27:07'),
(202, 'vpic-Pic/gkFVBKUnhiEAF04YGK0IRIwHBZuzUezXfDhPg9yo.jpg', NULL, NULL, 63, 'App\\Models\\Vpic', '2024-02-01 01:48:40', '2024-02-01 01:48:40'),
(203, 'Invoice-Stock-Pic/0XhkEmAG5LaM2Jmt9411cfffXm6wBqej19NMPftp.jpg', NULL, NULL, 234, 'App\\Models\\InvoiceStock', '2024-02-04 22:59:14', '2024-02-04 22:59:14'),
(204, 'Invoice-Stock-Pic/bM3XJAgSzIp2AYTgCc3xAMZybVvYEYgaUALP01zY.jpg', NULL, NULL, 235, 'App\\Models\\InvoiceStock', '2024-02-04 22:59:41', '2024-02-04 22:59:41'),
(205, 'Invoice-Stock-Pic/hV12wmnPJb1yglWV5reHJZeP4E1PC0MFIMmKMNfe.jpg', NULL, NULL, 64, 'App\\Models\\InvoiceStock', '2024-02-04 23:25:11', '2024-02-04 23:25:11'),
(206, 'Invoice-Stock-Pic/HxWB0IA5lP5OMLScGbhZjXCsjv5JrWwFI1EMOuBd.jpg', NULL, NULL, 236, 'App\\Models\\InvoiceStock', '2024-02-13 00:55:49', '2024-02-13 00:55:49'),
(207, 'Invoice-Stock-Pic/r3ThYWHnj1XikMK3W8dXJnTWPmgAF8KD1P64FMgZ.jpg', NULL, NULL, 238, 'App\\Models\\InvoiceStock', '2024-02-18 19:41:04', '2024-02-18 19:41:04'),
(208, 'Invoice-Stock-Pic/C7XQTRQ63sRMNwmw1tk7VLVezihNRsO5Oyn3pTAG.jpg', NULL, NULL, 239, 'App\\Models\\InvoiceStock', '2024-02-22 20:02:27', '2024-02-22 20:02:27'),
(209, 'Invoice-Stock-Pic/uwhKolYr7BMYWqGZ4eRyMUM4OxOxcc9DIORpNTOt.jpg', NULL, NULL, 240, 'App\\Models\\InvoiceStock', '2024-02-22 20:07:17', '2024-02-22 20:07:17'),
(210, 'Invoice-Stock-Pic/5IYKAv0P0Lql7wpv0QBhl198SzHrqr9jiccIypAq.jpg', NULL, NULL, 241, 'App\\Models\\InvoiceStock', '2024-02-26 01:02:02', '2024-02-26 01:02:02'),
(211, 'Invoice-Stock-Pic/P1AfMyvgnPBy4Op65zAPAxZd7kJyKVy5ttlVyjbG.jpg', NULL, NULL, 242, 'App\\Models\\InvoiceStock', '2024-02-26 01:05:21', '2024-02-26 01:05:21'),
(212, 'Invoice-Stock-Pic/JCnxTqhp0ldmNx8PQfLRUP2uoQVWYaHNW4m6VfGo.jpg', NULL, NULL, 243, 'App\\Models\\InvoiceStock', '2024-02-26 01:09:32', '2024-02-26 01:09:32'),
(213, 'Invoice-Stock-Pic/iNyXIbINS4AF2drnL2QMzhuxhTZ0AnI0U58Jhun9.jpg', NULL, NULL, 244, 'App\\Models\\InvoiceStock', '2024-02-26 01:10:06', '2024-02-26 01:10:06'),
(214, 'Invoice-Stock-Pic/KFrteauLRDpBTiwGlsWvwQPznaPw0GIO5vcaGmCC.jpg', NULL, NULL, 245, 'App\\Models\\InvoiceStock', '2024-02-27 00:52:30', '2024-02-27 00:52:30'),
(215, 'Invoice-Stock-Pic/pYdHx1ltgkFm4dQliqjKk2sjcLXnxLIkglGnxaI0.jpg', NULL, NULL, 247, 'App\\Models\\InvoiceStock', '2024-03-03 21:03:11', '2024-03-03 21:03:11'),
(216, 'Invoice-Stock-Pic/Ap03reb0YFApVErvHDT4G8qr0NCLbzD9mprG99PE.jpg', NULL, NULL, 249, 'App\\Models\\InvoiceStock', '2024-03-03 21:08:19', '2024-03-03 21:08:19'),
(217, 'Invoice-Stock-Pic/fGJz9AN2mQhwl1RHKFDLvKozSEUhuXU8Llr0mCER.jpg', NULL, NULL, 250, 'App\\Models\\InvoiceStock', '2024-03-03 21:08:47', '2024-03-03 21:08:47'),
(218, 'Invoice-Stock-Pic/7OiSS9FDoSdNwfGP7CQBkdJUf73J3p2EapvbZ5S6.jpg', NULL, NULL, 251, 'App\\Models\\InvoiceStock', '2024-03-03 21:09:08', '2024-03-03 21:09:08'),
(219, 'Invoice-Stock-Pic/nVmcEaFUNi5xDuQRV8msebqXxO2PxJcNPyjTYZVN.jpg', NULL, NULL, 252, 'App\\Models\\InvoiceStock', '2024-03-07 00:09:06', '2024-03-07 00:09:06'),
(220, 'Invoice-Stock-Pic/D9dl64v3AlodwaSCOPJednzyKAEu2JZUdZWWrusl.jpg', NULL, NULL, 253, 'App\\Models\\InvoiceStock', '2024-03-07 00:16:17', '2024-03-07 00:16:17'),
(221, 'Invoice-Stock-Pic/7epDKX6cbdQky0P0BZSzdvCA8ro1FvDYza7CP5Rs.jpg', NULL, NULL, 254, 'App\\Models\\InvoiceStock', '2024-03-07 00:25:39', '2024-03-07 00:25:39'),
(222, 'Invoice-Stock-Pic/Mic9UIhfdJLGJnZKlyHQl7vYAPaAS7VPNpVHBqe4.jpg', NULL, NULL, 255, 'App\\Models\\InvoiceStock', '2024-03-07 00:26:44', '2024-03-07 00:26:44'),
(223, 'Invoice-Stock-Pic/fGFXDgkDPvG9hWfyZTxJuhkPjmVhMwAW7bxb7ss9.jpg', NULL, NULL, 256, 'App\\Models\\InvoiceStock', '2024-03-11 21:45:59', '2024-03-11 21:45:59');

-- --------------------------------------------------------

--
-- Table structure for table `invoice_stocks`
--

CREATE TABLE `invoice_stocks` (
  `id` bigint(20) UNSIGNED NOT NULL,
  `supplier_id` bigint(20) UNSIGNED NOT NULL,
  `name` varchar(255) COLLATE utf8mb4_unicode_ci NOT NULL,
  `slug` varchar(255) COLLATE utf8mb4_unicode_ci NOT NULL,
  `tgl` date NOT NULL,
  `state` varchar(255) COLLATE utf8mb4_unicode_ci NOT NULL DEFAULT 'lunas',
  `method` varchar(255) COLLATE utf8mb4_unicode_ci NOT NULL DEFAULT 'cash',
  `created_at` timestamp NULL DEFAULT NULL,
  `updated_at` timestamp NULL DEFAULT NULL
) ENGINE=InnoDB DEFAULT CHARSET=utf8mb4 COLLATE=utf8mb4_unicode_ci;

--
-- Dumping data for table `invoice_stocks`
--

INSERT INTO `invoice_stocks` (`id`, `supplier_id`, `name`, `slug`, `tgl`, `state`, `method`, `created_at`, `updated_at`) VALUES
(1, 1, 'BB-03687', 'bb-03687', '2023-07-14', 'Unpaid', 'Debt', '2023-07-20 00:33:00', '2023-07-20 00:33:00'),
(2, 1, 'BB-03686', 'bb-03686', '2023-07-14', 'Unpaid', 'Debt', '2023-07-20 01:27:09', '2023-07-20 01:27:09'),
(3, 4, '00456', '00456', '2023-07-18', 'Paid', 'Cash', '2023-07-20 21:30:56', '2023-07-20 21:40:57'),
(4, 4, '00457', '00457', '2023-07-18', 'Paid', 'Cash', '2023-07-20 21:41:23', '2023-07-20 21:41:23'),
(5, 6, '02775', '02775', '2023-07-20', 'Paid', 'Cash', '2023-07-20 23:46:25', '2023-07-20 23:46:25'),
(6, 5, '0780/JL/UTM/0323', '0780-jl-utm-0323', '2023-03-10', 'unpaid', 'Debt', '2023-07-21 00:10:04', '2023-09-22 20:52:06'),
(7, 6, '002794', '002794', '2023-07-22', 'Unpaid', 'Debt', '2023-07-21 23:27:55', '2023-07-21 23:27:55'),
(8, 1, 'BB-03726', 'bb-03726', '2023-07-21', 'Unpaid', 'Debt', '2023-07-23 19:55:03', '2023-07-23 19:55:03'),
(9, 1, 'BB-03728', 'bb-03728', '2023-07-22', 'Unpaid', 'Debt', '2023-07-23 21:58:53', '2023-07-23 21:58:53'),
(10, 7, '00493', '00493', '2023-07-22', 'Paid', 'Cash', '2023-07-23 23:40:26', '2023-07-23 23:40:26'),
(11, 1, 'BB-03383', 'bb-03383', '2023-06-17', 'Unpaid', 'Debt', '2023-07-24 20:05:33', '2023-07-24 20:05:33'),
(12, 1, 'BB-03225', 'bb-03225', '2023-06-10', 'Unpaid', 'Debt', '2023-07-24 20:12:18', '2023-07-24 20:12:18'),
(13, 1, 'BB-03744', 'bb-03744', '2023-07-25', 'Unpaid', 'Debt', '2023-07-26 00:41:15', '2023-07-26 00:41:15'),
(14, 1, 'BB-03384', 'bb-03384', '2023-06-17', 'Unpaid', 'Debt', '2023-07-27 00:09:06', '2023-07-27 00:09:06'),
(15, 1, 'BB-03727', 'bb-03727', '2023-07-21', 'Unpaid', 'Debt', '2023-07-27 00:11:44', '2023-07-27 00:11:44'),
(16, 1, 'BB-03686-1', 'bb-03686-1', '2023-07-14', 'Unpaid', 'Debt', '2023-07-27 00:15:49', '2023-07-27 00:15:49'),
(17, 1, 'BB-03727-1', 'bb-03727-1', '2023-07-21', 'Unpaid', 'Debt', '2023-07-27 00:26:58', '2023-07-27 00:26:58'),
(18, 9, '04234', '04234', '2023-07-26', 'Paid', 'Cash', '2023-07-27 00:50:57', '2023-07-27 00:50:57'),
(19, 9, '04336', '04336', '2023-07-26', 'Paid', 'Cash', '2023-07-27 01:35:09', '2023-07-27 01:35:09'),
(20, 1, 'BB-03818', 'bb-03818', '2023-07-29', 'Unpaid', 'Debt', '2023-07-30 21:47:32', '2023-07-30 21:47:32'),
(21, 1, 'BB-03823', 'bb-03823', '2023-07-29', 'Unpaid', 'Debt', '2023-07-31 00:34:27', '2023-07-31 00:34:27'),
(22, 1, 'BB-03817', 'bb-03817', '2023-07-29', 'Unpaid', 'Debt', '2023-07-31 00:35:34', '2023-07-31 00:35:34'),
(23, 10, '-', '-', '2023-07-28', 'Paid', 'Cash', '2023-07-31 00:56:27', '2023-07-31 00:56:27'),
(24, 5, '0012/PB/UTM/0723', '0012-pb-utm-0723', '2023-07-28', 'Unpaid', 'Debt', '2023-07-31 00:59:39', '2023-07-31 00:59:39'),
(25, 10, '0001', '0001', '2023-07-31', 'Paid', 'Cash', '2023-07-31 01:02:00', '2023-07-31 01:02:00'),
(26, 6, '002915', '002915', '2023-07-29', 'Unpaid', 'Debt', '2023-07-31 01:09:31', '2023-07-31 01:09:31'),
(27, 1, 'BB-03541', 'bb-03541', '2023-07-08', 'Unpaid', 'Debt', '2023-07-31 20:21:28', '2023-07-31 20:21:28'),
(28, 1, 'BB-03727-2', 'bb-03727-2', '2023-07-21', 'Unpaid', 'Debt', '2023-07-31 21:53:04', '2023-07-31 21:53:04'),
(29, 6, '002959', '002959', '2023-08-01', 'Unpaid', 'Debt', '2023-08-01 23:45:14', '2023-08-01 23:45:14'),
(30, 1, 'BB-02396', 'bb-02396', '2023-03-17', 'Unpaid', 'Debt', '2023-08-01 23:59:55', '2023-08-01 23:59:55'),
(31, 9, '04370', '04370', '2023-08-02', 'Paid', 'Cash', '2023-08-02 23:29:45', '2023-08-02 23:29:45'),
(32, 11, '9324', '9324', '2023-08-03', 'Paid', 'Cash', '2023-08-02 23:35:04', '2023-08-02 23:35:04'),
(33, 12, '052/THP/VIII/2023', '052-thp-viii-2023', '2023-08-05', 'Unpaid', 'Debt', '2023-08-04 21:39:42', '2023-08-04 21:39:42'),
(34, 9, '04382', '04382', '2023-08-04', 'Paid', 'Cash', '2023-08-04 21:42:55', '2023-08-04 21:42:55'),
(35, 6, '0002', '0002', '2023-08-05', 'Unpaid', 'Debt', '2023-08-04 21:49:58', '2023-08-04 21:49:58'),
(36, 1, 'BB-03957', 'bb-03957', '2023-08-05', 'Unpaid', 'Debt', '2023-08-06 20:19:09', '2023-08-06 20:19:09'),
(37, 1, 'BB-03958', 'bb-03958', '2023-08-05', 'Unpaid', 'Debt', '2023-08-06 20:35:12', '2023-08-06 20:35:12'),
(38, 1, 'BB-03959', 'bb-03959', '2023-08-05', 'Unpaid', 'Debt', '2023-08-06 20:43:53', '2023-08-06 20:43:53'),
(39, 6, '003084', '003084', '2023-08-09', 'Unpaid', 'Debt', '2023-08-10 01:12:18', '2023-08-10 01:12:18'),
(40, 6, '003096', '003096', '2023-08-10', 'Paid', 'Cash', '2023-08-14 21:49:38', '2023-08-14 21:49:38'),
(41, 6, '003113', '003113', '2023-08-11', 'Paid', 'Cash', '2023-08-14 21:53:32', '2023-08-14 21:53:32'),
(42, 6, '003119', '003119', '2023-08-12', 'Paid', 'Cash', '2023-08-14 22:06:35', '2023-08-14 22:06:35'),
(43, 1, 'BB-03997', 'bb-03997', '2023-08-12', 'Unpaid', 'Debt', '2023-08-14 22:08:44', '2023-08-14 22:08:44'),
(44, 1, 'BB-03998', 'bb-03998', '2023-08-12', 'Unpaid', 'Debt', '2023-08-14 23:23:53', '2023-08-14 23:23:53'),
(45, 1, 'BB-03992', 'bb-03992', '2023-08-11', 'Unpaid', 'Debt', '2023-08-14 23:24:58', '2023-08-14 23:24:58'),
(49, 1, 'BB-03993', 'bb-03393-1', '2023-08-11', 'unpaid', 'Debt', '2023-08-24 23:40:26', '2023-08-25 23:15:00'),
(52, 1, 'BB-03996', 'bb-03996', '2023-08-11', 'unpaid', 'Debt', '2023-08-29 00:51:42', '2023-08-29 00:51:42'),
(54, 6, '003141', '003141', '2023-08-14', 'Paid', 'Cash', '2023-08-29 20:11:47', '2023-08-29 20:11:47'),
(55, 4, '00483', '00483', '2023-08-15', 'Paid', 'Cash', '2023-08-29 20:19:36', '2023-08-29 20:19:36'),
(56, 1, 'BB-04058', 'bb-04058', '2023-08-15', 'unpaid', 'Debt', '2023-08-29 20:22:55', '2023-08-29 20:22:55'),
(57, 1, 'BB-04059/SPL', 'bb-04059spl', '2023-08-15', 'unpaid', 'Debt', '2023-08-29 20:32:35', '2023-08-29 20:32:35'),
(58, 1, 'BB-04064', 'bb-04064', '2023-08-16', 'unpaid', 'Debt', '2023-08-29 20:40:33', '2023-08-29 20:40:33'),
(59, 1, 'BB-04062', 'bb-04062', '2023-08-16', 'unpaid', 'Debt', '2023-08-29 20:52:38', '2023-08-29 20:52:38'),
(60, 1, 'BB-04080', 'bb-04080', '2023-08-19', 'unpaid', 'Debt', '2023-08-29 20:54:22', '2023-08-29 23:32:11'),
(61, 1, 'BB-04079/SPL', 'bb-04079spl', '2023-08-19', 'unpaid', 'Debt', '2023-08-29 23:32:48', '2023-08-29 23:32:48'),
(62, 6, '003251', '003251', '2023-08-22', 'Paid', 'Cash', '2023-08-29 23:46:00', '2023-08-29 23:46:00'),
(63, 5, '0016/PB/UTM/0823', '0016pbutm0823', '2023-08-25', 'unpaid', 'Debt', '2023-08-29 23:47:42', '2023-08-29 23:47:42'),
(64, 7, '00700', '00700', '2023-08-26', 'Paid', 'Cash', '2023-08-29 23:49:12', '2023-08-29 23:49:12'),
(65, 6, '003323', '003323', '2023-08-26', 'Paid', 'Cash', '2023-08-29 23:50:40', '2023-08-29 23:50:40'),
(66, 6, '003285', '003285', '2023-08-23', 'Paid', 'Cash', '2023-08-29 23:52:10', '2023-08-29 23:52:10'),
(67, 1, 'BB-04167', 'bb-04167', '2023-08-26', 'unpaid', 'Debt', '2023-08-29 23:53:57', '2023-08-29 23:53:57'),
(68, 1, 'BB-04166', 'bb-04166', '2023-08-26', 'unpaid', 'Debt', '2023-08-29 23:55:00', '2023-08-29 23:55:00'),
(69, 1, 'BB-04161', 'bb-04161', '2023-08-26', 'unpaid', 'Debt', '2023-08-29 23:57:09', '2023-08-29 23:57:09'),
(70, 1, 'BB-04162', 'bb-04162', '2023-08-26', 'unpaid', 'Debt', '2023-08-30 00:05:11', '2023-08-30 00:05:11'),
(71, 4, '00500', '00500', '2023-08-28', 'Paid', 'Cash', '2023-08-30 00:13:40', '2023-08-30 00:13:40'),
(73, 1, 'BB-00391', 'bb-00391', '2022-09-27', 'unpaid', 'Debt', '2023-08-30 01:31:33', '2023-08-30 01:31:33'),
(74, 6, '003389', '003389', '2023-08-30', 'Paid', 'Cash', '2023-08-30 21:25:48', '2023-08-30 21:25:48'),
(75, 6, '003434', '003434', '2023-09-02', 'Paid', 'Cash', '2023-09-07 00:54:43', '2023-09-07 00:54:43'),
(76, 1, 'BB-04263', 'bb-04263', '2023-09-02', 'unpaid', 'Debt', '2023-09-07 00:57:46', '2023-09-07 00:57:46'),
(77, 6, '003499', '003499', '2023-09-07', 'Paid', 'Cash', '2023-09-07 02:41:23', '2023-09-07 02:41:23'),
(78, 4, '00518', '00518', '2023-09-08', 'Paid', 'Cash', '2023-09-11 01:38:04', '2023-09-11 01:38:04'),
(79, 4, '00521', '00521', '2023-09-11', 'Paid', 'Cash', '2023-09-11 01:41:06', '2023-09-11 01:41:06'),
(80, 5, '218', '218', '2023-08-26', 'unpaid', 'Debt', '2023-09-11 01:53:58', '2023-09-11 01:53:58'),
(81, 6, '0035212', '003521', '2023-09-08', 'Paid', 'Cash', '2023-09-11 01:58:10', '2023-09-12 01:16:35'),
(84, 14, '42354', '42354', '2023-09-12', 'unpaid', 'Debt', '2023-09-12 01:43:37', '2023-09-12 01:43:37'),
(85, 15, '00263', '00263', '2023-09-09', 'Paid', 'Cash', '2023-09-12 02:09:58', '2023-09-12 02:09:58'),
(86, 16, '00223', '00223', '2023-09-08', 'Paid', 'Cash', '2023-09-12 22:01:26', '2023-09-12 22:01:26'),
(87, 16, '009332', '009332', '2023-09-13', 'Paid', 'Cash', '2023-09-12 22:02:27', '2023-09-12 22:02:27'),
(88, 17, '009057', '009057', '2023-09-14', 'Paid', 'Cash', '2023-09-14 00:33:17', '2023-09-14 00:33:17'),
(89, 1, 'BB-04393', 'bb-04393', '2023-09-15', 'unpaid', 'Debt', '2023-09-19 21:19:33', '2023-09-19 21:19:33'),
(90, 1, 'BB-04400', 'bb-04400', '2023-09-15', 'unpaid', 'Debt', '2023-09-19 21:44:59', '2023-09-19 21:44:59'),
(91, 1, 'BB-04392', 'bb-04392', '2023-09-15', 'unpaid', 'Debt', '2023-09-19 21:47:46', '2023-09-19 21:47:46'),
(92, 1, 'BB-04399', 'bb-04399', '2023-09-15', 'unpaid', 'Debt', '2023-09-19 22:05:01', '2023-09-19 22:05:01'),
(93, 1, 'BB-04454', 'bb-04454', '2023-09-15', 'unpaid', 'Debt', '2023-09-19 22:10:19', '2023-09-19 22:10:19'),
(94, 6, '003654', '003654', '2023-09-18', 'Paid', 'Cash', '2023-09-20 01:42:04', '2023-09-20 01:42:04'),
(95, 6, '003673', '003673', '2023-09-19', 'Paid', 'Cash', '2023-09-20 01:45:49', '2023-09-20 01:45:49'),
(96, 6, '003698', '003698', '2023-09-21', 'Paid', 'Cash', '2023-09-21 00:56:01', '2023-09-21 00:56:01'),
(97, 5, '1156/JL/UTM/0823', '1156jlutm0823', '2023-08-21', 'unpaid', 'Debt', '2023-09-22 20:53:54', '2023-09-22 20:53:54'),
(98, 5, '0024/JL/UTM/0823', '0024jlutm0823', '2023-08-09', 'unpaid', 'Debt', '2023-09-22 21:02:42', '2023-09-22 21:02:42'),
(99, 5, '0027/JL/UTM/0823', '0027jlutm0823', '2023-08-25', 'unpaid', 'Debt', '2023-09-22 21:05:47', '2023-09-22 21:05:47'),
(100, 1, 'BB-04491', 'bb-04491', '2023-09-23', 'unpaid', 'Debt', '2023-09-24 23:06:10', '2023-09-24 23:06:10'),
(101, 1, 'BB-04489', 'bb-04489', '2023-09-22', 'unpaid', 'Debt', '2023-09-24 23:10:06', '2023-09-24 23:10:06'),
(102, 1, 'BB-04492', 'bb-04492', '2023-09-23', 'unpaid', 'Debt', '2023-09-24 23:21:38', '2023-09-24 23:21:38'),
(103, 1, 'BB-04483', 'bb-04483', '2023-09-22', 'unpaid', 'Debt', '2023-09-24 23:23:05', '2023-09-24 23:23:05'),
(104, 4, '00542', '00542', '2023-09-27', 'Paid', 'Cash', '2023-09-28 23:12:27', '2023-09-28 23:12:27'),
(105, 4, '00544', '00544', '2023-09-27', 'Paid', 'Cash', '2023-09-28 23:15:36', '2023-09-28 23:15:36'),
(106, 6, '03773', '03773', '2023-09-27', 'Paid', 'Cash', '2023-09-28 23:17:09', '2023-09-28 23:17:09'),
(107, 1, 'BB-04493', 'bb-04493', '2023-09-27', 'unpaid', 'Debt', '2023-09-28 23:21:31', '2023-09-28 23:21:31'),
(108, 1, 'BB-04561', 'bb-04561', '2023-09-27', 'unpaid', 'Debt', '2023-09-28 23:25:21', '2023-09-28 23:25:21'),
(109, 1, 'BB-04556', 'bb-04556', '2023-09-26', 'unpaid', 'Debt', '2023-09-28 23:38:44', '2023-09-28 23:38:44'),
(110, 1, 'BB-04562', 'bb-04562', '2023-09-27', 'unpaid', 'Debt', '2023-09-28 23:42:36', '2023-09-28 23:42:36'),
(111, 8, '009190', '009190', '2023-09-27', 'unpaid', 'Debt', '2023-09-29 21:20:48', '2023-09-29 21:20:48'),
(112, 11, '009281', '009281', '2023-09-29', 'Paid', 'Cash', '2023-10-01 20:53:46', '2023-10-01 20:53:46'),
(113, 1, 'BB-04571', 'bb-04571', '2023-09-30', 'unpaid', 'Debt', '2023-10-01 20:57:48', '2023-10-01 20:57:48'),
(114, 1, 'BB-04572', 'bb-04572', '2023-09-30', 'unpaid', 'Debt', '2023-10-01 20:58:39', '2023-10-01 20:58:39'),
(115, 10, '00324', '00324', '2023-10-02', 'Paid', 'Cash', '2023-10-03 00:50:57', '2023-10-03 00:50:57'),
(116, 6, '003878', '00733', '2023-10-05', 'Paid', 'Cash', '2023-10-06 00:03:33', '2023-10-06 00:10:08'),
(117, 1, 'BB-04656', 'bb-04656', '2023-10-07', 'unpaid', 'Debt', '2023-10-08 20:24:00', '2023-10-08 20:24:00'),
(118, 1, 'BB-04655', 'bb-04655', '2023-10-06', 'unpaid', 'Debt', '2023-10-08 20:24:45', '2023-10-08 20:24:45'),
(119, 1, 'BB-04654', 'bb-04654', '2023-10-06', 'unpaid', 'Debt', '2023-10-08 20:25:23', '2023-10-08 20:25:23'),
(120, 16, '09227', '09227', '2023-10-08', 'Paid', 'Cash', '2023-10-08 23:43:40', '2023-10-08 23:43:40'),
(121, 17, '00302', '00302', '2023-09-30', 'Paid', 'Cash', '2023-10-10 00:19:42', '2023-10-10 00:19:42'),
(122, 10, '00737', '00737', '2023-10-10', 'Paid', 'Cash', '2023-10-10 23:15:30', '2023-10-10 23:15:30'),
(123, 6, '003967', '00328', '2023-10-11', 'Paid', 'Cash', '2023-10-11 21:30:35', '2023-10-12 19:59:24'),
(124, 4, '00563', '00563', '2023-10-13', 'Paid', 'Cash', '2023-10-13 21:24:28', '2023-10-13 21:24:28'),
(125, 16, '009224', '009224', '2023-10-13', 'Paid', 'Cash', '2023-10-13 21:26:43', '2023-10-13 21:26:43'),
(126, 18, '009006', '009006', '2023-10-13', 'Paid', 'Cash', '2023-10-13 21:30:07', '2023-10-13 21:30:07'),
(127, 6, '003985', '003985', '2023-10-13', 'Paid', 'Cash', '2023-10-13 21:44:21', '2023-10-13 21:44:21'),
(128, 15, '009223', '009223', '2023-10-14', 'Paid', 'Cash', '2023-10-16 00:27:24', '2023-10-16 00:27:24'),
(129, 1, 'BB-04697', 'bb-04697', '2023-10-14', 'unpaid', 'Debt', '2023-10-16 00:34:54', '2023-10-16 00:34:54'),
(130, 1, 'BB-04696', 'bb-04696', '2023-10-14', 'unpaid', 'Debt', '2023-10-16 00:38:58', '2023-10-16 00:38:58'),
(131, 1, 'BB-04693', 'bb-4693', '2023-10-13', 'unpaid', 'Debt', '2023-10-16 00:43:11', '2023-10-16 00:43:24'),
(132, 1, 'BB-04694', 'bb-04694', '2023-10-13', 'unpaid', 'Debt', '2023-10-16 00:45:58', '2023-10-16 00:45:58'),
(133, 19, 'SJ1723', 'sj1723', '2023-10-17', 'Paid', 'Cash', '2023-10-16 21:13:36', '2023-10-24 23:49:03'),
(134, 8, '009230', '009230', '2023-10-17', 'unpaid', 'Debt', '2023-10-17 20:45:41', '2023-10-17 20:45:41'),
(135, 8, '009230-1', '009230-1', '2023-10-17', 'unpaid', 'Debt', '2023-10-17 20:46:38', '2023-10-17 20:46:38'),
(136, 11, '009221', '009221', '2023-10-18', 'Paid', 'Cash', '2023-10-18 19:26:36', '2023-10-18 19:26:36'),
(137, 20, '009225', '009225', '2023-10-17', 'Paid', 'Cash', '2023-10-18 20:33:39', '2023-10-18 20:33:39'),
(138, 6, '004052', '004052', '2023-10-19', 'Paid', 'Cash', '2023-10-19 23:14:39', '2023-10-19 23:14:39'),
(139, 4, '00573', '00573', '2023-10-21', 'Paid', 'Cash', '2023-10-20 20:49:38', '2023-10-20 20:49:38'),
(140, 21, '009008', '009008', '2023-10-20', 'Paid', 'Cash', '2023-10-20 21:32:18', '2023-10-20 21:32:18'),
(141, 1, 'BB-04783', 'bb-04783', '2023-10-21', 'unpaid', 'Debt', '2023-10-22 19:47:54', '2023-10-22 19:47:54'),
(142, 1, 'BB-04782', 'bb-04782', '2023-10-21', 'unpaid', 'Debt', '2023-10-22 19:48:27', '2023-10-22 19:48:27'),
(143, 1, 'BB-04786', 'bb-04786', '2023-10-21', 'unpaid', 'Debt', '2023-10-22 19:49:01', '2023-10-22 19:49:01'),
(144, 1, 'BB-04784', 'bb-04784', '2023-10-21', 'unpaid', 'Debt', '2023-10-22 19:49:36', '2023-10-22 20:01:08'),
(145, 1, 'BB-04904', 'bb-04904', '2023-10-24', 'unpaid', 'Debt', '2023-10-24 20:41:16', '2023-10-24 20:41:16'),
(146, 1, 'BB-04903', 'bb-04903', '2023-10-24', 'unpaid', 'Debt', '2023-10-24 20:41:42', '2023-10-24 20:41:42'),
(147, 8, '009336', '009336', '2023-10-03', 'unpaid', 'Debt', '2023-10-24 22:46:49', '2023-10-24 22:46:49'),
(148, 8, '009165', '009165', '2023-10-25', 'unpaid', 'Debt', '2023-10-25 20:02:05', '2023-10-25 20:02:05'),
(149, 10, '008022', '008022', '2023-10-25', 'Paid', 'Cash', '2023-10-25 20:02:34', '2023-10-25 20:02:34'),
(150, 6, '004169', '004169', '2023-10-26', 'Paid', 'Cash', '2023-10-25 23:12:49', '2023-10-25 23:12:49'),
(151, 8, '009328', '009328', '2023-10-26', 'unpaid', 'Debt', '2023-10-26 00:55:11', '2023-10-26 00:55:11'),
(152, 1, 'BB-04927', 'bb-04927', '2023-10-28', 'unpaid', 'Debt', '2023-10-29 20:20:00', '2023-10-29 20:20:00'),
(153, 8, '009945', '009945', '2023-11-01', 'unpaid', 'Debt', '2023-11-01 19:50:42', '2023-11-01 19:50:42'),
(154, 8, '009219', '009219', '2023-11-02', 'unpaid', 'Debt', '2023-11-03 00:31:38', '2023-11-03 00:31:38'),
(155, 6, '004270', '004270', '2023-11-03', 'Paid', 'Cash', '2023-11-05 19:53:18', '2023-11-05 19:53:18'),
(156, 1, 'BB-05012', 'bb-05012', '2023-11-04', 'unpaid', 'Debt', '2023-11-05 19:54:39', '2023-11-05 19:54:39'),
(157, 1, 'BB-04932', 'bb-04932', '2023-10-30', 'unpaid', 'Debt', '2023-11-05 19:55:25', '2023-11-05 19:55:25'),
(158, 1, 'BB-05011', 'bb-05011', '2023-11-04', 'unpaid', 'Debt', '2023-11-05 19:56:44', '2023-11-05 19:56:44'),
(159, 10, '009324', '009324', '2023-11-06', 'Paid', 'Cash', '2023-11-06 20:02:34', '2023-11-06 20:02:34'),
(160, 8, '009163', '009264', '2023-11-09', 'unpaid', 'Debt', '2023-11-09 19:47:35', '2023-11-09 19:47:56'),
(167, 8, '009264-1', '009264-1', '2023-11-09', 'unpaid', 'Debt', '2023-11-09 19:59:44', '2023-11-09 19:59:44'),
(168, 1, 'BB-05038', 'bb-05038', '2023-11-11', 'unpaid', 'Debt', '2023-11-12 20:05:44', '2023-11-12 20:05:44'),
(169, 1, 'BB-05037', 'bb-05037', '2023-11-11', 'unpaid', 'Debt', '2023-11-12 20:06:16', '2023-11-12 20:06:16'),
(170, 1, 'BB-05025', 'bb-05025', '2023-11-08', 'unpaid', 'Debt', '2023-11-12 20:07:07', '2023-11-12 20:07:07'),
(171, 8, '009164', '009164', '2023-11-13', 'unpaid', 'Debt', '2023-11-13 20:11:44', '2023-11-13 20:11:44'),
(172, 6, '004422', '004422', '2023-11-14', 'Paid', 'Cash', '2023-11-15 00:14:34', '2023-11-15 00:14:34'),
(173, 5, '0080/PB/UTM/1123', '0080pbutm1123', '2023-11-15', 'unpaid', 'Debt', '2023-11-15 00:19:35', '2023-11-15 00:19:35'),
(174, 8, '009330', '009330', '2023-11-15', 'unpaid', 'Debt', '2023-11-16 00:02:08', '2023-11-16 00:02:08'),
(175, 1, 'BB-05117', 'bb-05117', '2023-11-17', 'unpaid', 'Debt', '2023-11-19 20:44:45', '2023-11-19 20:44:45'),
(176, 1, 'BB-05118', 'bb-05118', '2023-11-17', 'unpaid', 'Debt', '2023-11-19 20:45:29', '2023-11-19 20:45:29'),
(177, 1, 'BB-05119', 'bb-05119', '2023-11-18', 'unpaid', 'Debt', '2023-11-19 20:46:03', '2023-11-19 20:46:03'),
(178, 1, 'BB-05120', 'bb-05120', '2023-11-18', 'unpaid', 'Debt', '2023-11-19 20:46:38', '2023-11-19 20:46:38'),
(179, 6, '004489', '004489', '2023-11-20', 'Paid', 'Cash', '2023-11-20 02:31:39', '2023-11-20 02:31:39'),
(180, 6, '004502', '004502', '2023-11-21', 'Paid', 'Cash', '2023-11-20 19:38:09', '2023-11-20 19:38:09'),
(183, 6, '004520', '004520', '2023-11-22', 'Paid', 'Cash', '2023-11-22 20:20:43', '2023-11-22 20:20:43'),
(184, 6, '004522', '004522', '2023-11-22', 'Paid', 'Cash', '2023-11-22 20:21:11', '2023-11-22 20:21:11'),
(185, 22, '003448', '003448', '2023-11-22', 'Paid', 'Cash', '2023-11-22 20:25:10', '2023-11-22 20:25:10'),
(186, 8, '009227', '009227', '2023-11-25', 'unpaid', 'Debt', '2023-11-26 19:58:03', '2023-11-26 19:58:03'),
(187, 1, 'BB-05270', 'bb-05270', '2023-11-25', 'unpaid', 'Debt', '2023-11-26 20:01:02', '2023-11-26 20:01:02'),
(188, 1, 'BB-05269', 'bb-05269', '2023-11-25', 'unpaid', 'Debt', '2023-11-26 20:01:30', '2023-11-26 20:01:30'),
(189, 1, 'BB-05362', 'bb-05362', '2023-12-01', 'unpaid', 'Debt', '2023-12-03 20:36:11', '2023-12-03 20:36:11'),
(190, 1, 'BB-05361', 'bb-05361', '2023-12-01', 'unpaid', 'Debt', '2023-12-03 20:36:39', '2023-12-03 20:36:39'),
(191, 1, 'BB-05364', 'bb-05364', '2023-12-01', 'unpaid', 'Debt', '2023-12-03 20:37:11', '2023-12-03 20:37:11'),
(192, 6, '004700', '004700', '2023-12-05', 'Paid', 'Cash', '2023-12-05 19:42:25', '2023-12-05 19:42:25'),
(193, 6, '004567', '004567', '2023-11-24', 'Paid', 'Cash', '2023-12-05 19:43:15', '2023-12-05 19:43:15'),
(195, 9, '05075/9230', '050759230', '2023-12-06', 'Paid', 'Cash', '2023-12-05 23:26:12', '2023-12-05 23:26:12'),
(196, 2, '06996', '06996', '2023-12-09', 'Paid', 'Cash', '2023-12-10 23:50:17', '2023-12-10 23:50:17'),
(197, 1, 'BB-05453', 'bb-05453', '2023-12-09', 'unpaid', 'Debt', '2023-12-11 00:24:32', '2023-12-11 00:24:32'),
(198, 1, 'BB-05400', 'bb-05400', '2023-12-09', 'unpaid', 'Debt', '2023-12-11 00:26:20', '2023-12-11 00:26:20'),
(199, 1, 'BB-05451', 'bb-05451', '2023-12-09', 'unpaid', 'Debt', '2023-12-11 00:26:58', '2023-12-11 00:26:58'),
(200, 5, '1388/JL/UTM/1123', '1388jlutm1123', '2023-11-15', 'unpaid', 'Debt', '2023-12-12 23:50:18', '2023-12-12 23:50:18'),
(201, 19, 'SVGCG084/VJ/1223', 'svgcg084vj1223', '2023-12-13', 'Paid', 'Cash', '2023-12-12 23:51:12', '2023-12-12 23:51:12'),
(202, 18, '009008-1', '009008-1', '2023-12-15', 'Paid', 'Cash', '2023-12-14 20:41:04', '2023-12-14 20:41:04'),
(203, 6, '004815', '004815', '2023-12-14', 'Paid', 'Cash', '2023-12-14 20:41:42', '2023-12-14 20:41:42'),
(204, 1, 'BB-05487', 'bb-05487', '2023-12-16', 'unpaid', 'Debt', '2023-12-17 20:07:39', '2023-12-17 20:07:39'),
(205, 1, 'BB-05486', 'bb-05486', '2023-12-16', 'unpaid', 'Debt', '2023-12-17 20:08:14', '2023-12-17 20:08:14'),
(206, 16, '009008-2', '009008-2', '2023-12-16', 'Paid', 'Cash', '2023-12-17 20:08:49', '2023-12-17 20:08:49'),
(207, 1, 'BB-05619', 'bb-05619', '2023-12-23', 'unpaid', 'Debt', '2023-12-25 23:51:32', '2023-12-25 23:51:32'),
(208, 1, 'BB-01074', 'bb-01074', '2022-11-19', 'unpaid', 'Debt', '2023-12-26 00:16:46', '2023-12-26 00:16:46'),
(209, 1, 'BB-05634', 'bb-05634', '2023-12-28', 'unpaid', 'Debt', '2023-12-29 00:15:18', '2023-12-29 00:15:18'),
(210, 1, 'BB-05633', 'bb-05633', '2023-12-28', 'unpaid', 'Debt', '2023-12-29 00:19:48', '2023-12-29 00:19:48'),
(211, 1, 'BB-05632', 'bb-05632', '2023-12-28', 'unpaid', 'Debt', '2023-12-29 00:24:03', '2023-12-29 00:24:03'),
(212, 16, '009226', '009226', '2024-01-03', 'Paid', 'Cash', '2024-01-03 01:29:34', '2024-01-03 01:29:34'),
(213, 8, '009324-1', '009324-1', '2024-01-04', 'unpaid', 'Debt', '2024-01-04 23:33:20', '2024-01-04 23:33:20'),
(214, 6, '000045', '000045', '2024-01-04', 'Paid', 'Cash', '2024-01-04 23:33:54', '2024-01-04 23:33:54'),
(215, 6, '000091', '00091', '2024-01-06', 'Paid', 'Cash', '2024-01-09 19:44:03', '2024-01-09 23:40:08'),
(216, 18, '009006-1', '009006-1', '2024-01-05', 'Paid', 'Cash', '2024-01-09 19:46:43', '2024-01-09 19:46:43'),
(217, 1, 'BB-05647', 'bb-05647', '2024-01-06', 'unpaid', 'Debt', '2024-01-09 19:49:16', '2024-01-09 19:49:16'),
(218, 1, 'BB-05648', 'bb-05648', '2024-01-06', 'unpaid', 'Debt', '2024-01-09 19:52:35', '2024-01-09 19:52:35'),
(219, 18, '009008-3', '009008-3', '2024-01-11', 'Paid', 'Cash', '2024-01-10 21:23:28', '2024-01-10 21:23:28'),
(220, 9, '05273', '05273', '2024-01-11', 'Paid', 'Cash', '2024-01-11 21:36:35', '2024-01-11 21:36:35'),
(221, 16, '009164-1', '009164-1', '2024-01-11', 'Paid', 'Cash', '2024-01-11 21:37:08', '2024-01-11 21:37:08'),
(222, 5, '0087/PB/UTM/0124', '0087pbutm0124', '2024-01-12', 'unpaid', 'Debt', '2024-01-11 23:53:26', '2024-01-11 23:53:26'),
(223, 6, '000148', '000148', '2024-01-12', 'Paid', 'Cash', '2024-01-12 00:53:02', '2024-01-12 00:53:02'),
(224, 1, 'BB-05792', 'bb-05792', '2024-01-13', 'unpaid', 'Debt', '2024-01-16 01:10:12', '2024-01-16 01:10:12'),
(225, 1, 'BB-05793', 'bb-05793', '2024-01-13', 'unpaid', 'Debt', '2024-01-16 01:11:16', '2024-01-16 01:11:16'),
(226, 1, 'BB-05794', 'bb-05794', '2024-01-13', 'unpaid', 'Debt', '2024-01-16 01:11:45', '2024-01-16 01:11:45'),
(227, 22, '003590', '003590', '2024-01-16', 'Paid', 'Cash', '2024-01-16 01:25:22', '2024-01-16 01:25:22'),
(228, 10, '009324-2', '009324-2', '2024-01-18', 'Paid', 'Cash', '2024-01-18 00:11:25', '2024-01-18 00:11:25'),
(229, 1, 'BB-05884', 'bb-05884', '2024-01-20', 'Paid', 'Cash', '2024-01-22 23:00:51', '2024-01-22 23:00:51'),
(230, 1, 'BB-05880', 'bb-05880', '2024-01-20', 'Paid', 'Cash', '2024-01-22 23:01:19', '2024-01-22 23:01:19'),
(231, 1, 'BB-05879', 'bb-0579', '2024-01-20', 'Paid', 'Cash', '2024-01-22 23:01:44', '2024-01-22 23:02:59'),
(232, 8, '009230-2', '009230-2', '2024-01-25', 'unpaid', 'Debt', '2024-01-25 19:41:01', '2024-01-25 19:41:01'),
(233, 1, 'BB-05969', 'bb-05969', '2024-01-27', 'unpaid', 'Debt', '2024-01-28 23:34:19', '2024-01-28 23:34:19'),
(234, 1, 'BB-05989', 'bb-05989', '2024-02-03', 'unpaid', 'Debt', '2024-02-04 22:59:14', '2024-02-04 22:59:14'),
(235, 1, 'BB-05990', 'bb-05990', '2024-02-03', 'unpaid', 'Debt', '2024-02-04 22:59:41', '2024-02-04 22:59:41'),
(236, 1, 'AA-00055', 'aa-00055', '2024-02-07', 'unpaid', 'Debt', '2024-02-13 00:55:49', '2024-02-13 00:55:49'),
(237, 10, '009163-1', '009163-1', '2024-02-16', 'Paid', 'Cash', '2024-02-16 00:44:27', '2024-02-16 00:44:27'),
(238, 1, 'AA-00091', 'aa-00091', '2024-02-17', 'unpaid', 'Debt', '2024-02-18 19:41:04', '2024-02-18 19:41:04'),
(239, 6, '000347', '000347', '2024-01-25', 'Paid', 'Cash', '2024-02-22 20:02:27', '2024-02-22 20:02:27'),
(240, 6, '000641', '000641', '2024-02-22', 'Paid', 'Cash', '2024-02-22 20:07:17', '2024-02-22 20:07:17'),
(241, 16, '009225-1', '009225-1', '2024-02-26', 'Paid', 'Cash', '2024-02-26 01:02:02', '2024-02-26 01:02:02'),
(242, 15, '009263', '009263', '2024-02-24', 'Paid', 'Cash', '2024-02-26 01:05:21', '2024-02-26 01:05:21'),
(243, 1, 'AA-00187', 'aa-00187', '2024-02-24', 'unpaid', 'Debt', '2024-02-26 01:09:32', '2024-02-26 01:09:32'),
(244, 1, 'AA-00190', 'aa-00190', '2024-02-24', 'unpaid', 'Debt', '2024-02-26 01:10:06', '2024-02-26 01:10:06'),
(245, 10, '00219', '00219', '2024-02-27', 'Paid', 'Cash', '2024-02-27 00:52:30', '2024-02-27 00:52:30'),
(246, 23, '009145', '009145', '2024-02-28', 'Paid', 'Cash', '2024-02-28 01:49:13', '2024-02-28 01:49:13'),
(247, 8, '009145-1', '009145-1', '2024-02-22', 'unpaid', 'Debt', '2024-03-03 21:03:11', '2024-03-03 21:03:11'),
(249, 1, 'AA-00277', 'aa-00277', '2024-03-02', 'unpaid', 'Debt', '2024-03-03 21:08:19', '2024-03-03 21:08:19'),
(250, 1, 'AA-00281', 'aa-00281', '2024-03-02', 'unpaid', 'Debt', '2024-03-03 21:08:47', '2024-03-03 21:08:47'),
(251, 1, 'AA-00278', 'aa-00278', '2024-03-02', 'unpaid', 'Debt', '2024-03-03 21:09:08', '2024-03-03 21:09:08'),
(252, 1, 'AA-00300', 'aa-00300', '2024-03-06', 'unpaid', 'Debt', '2024-03-07 00:09:06', '2024-03-07 00:09:06'),
(253, 1, 'AA-00299', 'aa-00299', '2024-03-06', 'unpaid', 'Debt', '2024-03-07 00:16:17', '2024-03-07 00:16:17'),
(254, 1, 'AA-00353', 'aa-00353', '2024-03-06', 'unpaid', 'Debt', '2024-03-07 00:25:39', '2024-03-07 00:25:39'),
(255, 1, 'AA-00352', 'aa-00352', '2024-03-06', 'unpaid', 'Debt', '2024-03-07 00:26:44', '2024-03-07 00:26:44'),
(256, 8, '009145-2', '009145-2', '2024-02-20', 'unpaid', 'Debt', '2024-03-11 21:45:59', '2024-03-11 21:45:59');

-- --------------------------------------------------------

--
-- Table structure for table `maintenances`
--

CREATE TABLE `maintenances` (
  `id` bigint(20) UNSIGNED NOT NULL,
  `unit_id` bigint(20) UNSIGNED NOT NULL,
  `name` varchar(255) COLLATE utf8mb4_unicode_ci NOT NULL,
  `slug` varchar(255) COLLATE utf8mb4_unicode_ci NOT NULL,
  `tgl` date NOT NULL,
  `estimate` int(11) NOT NULL,
  `mechanic` varchar(255) COLLATE utf8mb4_unicode_ci NOT NULL,
  `description` text COLLATE utf8mb4_unicode_ci NOT NULL,
  `progress` int(11) NOT NULL DEFAULT 0,
  `instruction` text COLLATE utf8mb4_unicode_ci NOT NULL,
  `created_at` timestamp NULL DEFAULT NULL,
  `updated_at` timestamp NULL DEFAULT NULL
) ENGINE=InnoDB DEFAULT CHARSET=utf8mb4 COLLATE=utf8mb4_unicode_ci;

--
-- Dumping data for table `maintenances`
--

INSERT INTO `maintenances` (`id`, `unit_id`, `name`, `slug`, `tgl`, `estimate`, `mechanic`, `description`, `progress`, `instruction`, `created_at`, `updated_at`) VALUES
(5, 2, '20230720256', '20230720-2-56', '2023-07-20', 1, 'Supi', '<p>Service berkala, Roda FR oblak, Roda RR keluar oli</p>', 100, '<p>Service berkala, cek roda FR dan RR</p>', '2023-07-20 00:26:18', '2023-07-20 19:42:12'),
(6, 5, '20230720556', '20230720-5-56', '2023-07-20', 1, 'Ali', '<p>Roda FR keluar oli</p>', 100, '<p>Cek roda FR</p>', '2023-07-20 01:31:02', '2023-07-20 01:37:42'),
(7, 6, '20230721664', '20230721-6-64', '2023-07-21', 1, 'Ali', 'Roda FR RH kemakan sebelah', 100, 'Cek roda FR', '2023-07-20 19:58:41', '2023-07-21 20:07:38'),
(8, 45, '2023072145100', '20230721-45-100', '2023-07-20', 1, '-', '<p>Ban RR habis</p>', 100, '<p>Ganti ban RR</p>', '2023-07-20 21:51:29', '2023-07-20 21:55:46'),
(9, 18, '202307211858', '20230721-18-58', '2023-07-21', 1, 'Nurdin', 'Service berkala', 100, 'Service berkala, Cek all unit', '2023-07-20 23:22:08', '2023-07-21 20:08:55'),
(10, 24, '202307212413', '20230721-24-13', '2023-07-20', 1, '-', 'Ban FR botak', 100, 'Ganti Ban FR', '2023-07-20 23:53:11', '2023-07-20 23:56:52'),
(11, 26, '202307212695', '20230721-26-95', '2023-07-20', 1, '-', 'Ban FR botak termakan usia', 100, 'Ganti ban FR', '2023-07-20 23:58:56', '2023-07-21 00:01:19'),
(12, 42, '202307224299', '20230722-42-99', '2023-07-23', 1, 'Nurdin', 'Sein, Hazard Mati', 100, 'Cek Kelistrikan', '2023-07-21 19:31:06', '2023-07-24 01:55:18'),
(13, 6, '20230722655', '20230722-6-55', '2023-07-22', 1, 'Supi', 'STORING :\r\nKaret Kopel hancur, Mobil ngegibrik, \r\nPosisi Di Toll Cibubur', 100, 'Storing Kopel\r\nDiarea Toll Cibubur', '2023-07-21 19:46:01', '2023-07-24 00:00:46'),
(14, 18, '202307221816', '20230722-18-16', '2023-07-22', 1, 'Komarudin', 'Lampu Senja Mati', 100, 'Cek Kelistrikan', '2023-07-21 22:51:07', '2023-07-24 00:00:20'),
(15, 56, '20230722565', '20230722-56-5', '2023-07-22', 1, 'Nurdin', 'Service Berkala', 100, 'Service Berkala', '2023-07-21 23:02:10', '2023-07-23 23:59:28'),
(16, 1, '20230724170', '20230724-1-70', '2023-07-24', 1, 'Ali', 'Service berkala,\r\nRem NGebuang Kekanan', 100, 'Service Berkala, Cek Rem', '2023-07-23 19:50:08', '2023-07-23 23:58:41'),
(17, 52, '202307245292', '20230724-52-92', '2023-07-22', 1, '-', 'Ban RR mledak dan Velg pecah', 100, 'Ganti ban RR dan Velg', '2023-07-23 22:00:29', '2023-07-23 23:47:07'),
(18, 15, '202307241589', '20230724-15-89', '2023-07-24', 1, '-', 'Ban FR botak', 100, 'Ganti ban FR', '2023-07-23 22:03:56', '2023-07-23 22:06:12'),
(19, 20, '202307242091', '20230724-20-91', '2023-07-22', 1, '-', 'Ban FR botak', 100, 'Ganti ban FR', '2023-07-23 22:06:47', '2023-07-23 22:08:21'),
(20, 27, '202307242773', '20230724-27-73', '2023-07-24', 1, '-', 'Baud RR LH slek, ban RR kemakan ga rata, Service berkala', 100, 'Ganti baud roda RR LH dan Cek roda RR RH, Service berkala', '2023-07-23 23:44:04', '2023-07-30 22:07:17'),
(21, 35, '202307243594', '20230724-35-94', '2023-07-24', 3, 'Komar', 'Pedal rem lambat berbalik', 100, 'Cek rem', '2023-07-23 23:47:59', '2023-07-24 00:40:05'),
(23, 11, '202307251191', '20230725-11-91', '2023-07-25', 1, 'Ali', 'Storing As Roda Patah.', 0, 'Storing As Roda Patah.', '2023-07-24 19:34:59', '2023-07-24 19:34:59'),
(24, 4, '20230725422', '20230725-4-22', '2023-07-25', 1, 'Nurdin', 'Service Berkala, Roda FR Kemakan sebelah, rem tinggi', 100, 'Service Berkala, Cek Roda FR, Cek Rem', '2023-07-24 19:36:06', '2023-07-30 22:06:23'),
(25, 40, '20230725405', '20230725-40-5', '2023-07-24', 1, 'Komar', 'Kopling slip', 100, 'Cek kopling', '2023-07-24 20:08:48', '2023-07-24 20:14:35'),
(26, 39, '202307253959', '20230725-39-59', '2023-07-25', 1, '-', 'Roda RR RH Keluar Oli', 100, 'Cek Roda RR RH', '2023-07-24 21:48:48', '2023-07-27 00:23:47'),
(27, 12, '202307251296', '20230725-12-96', '2023-07-25', 1, 'Nurdin', 'Kopling gredek saat d angkat, sudah ganti kopling Ban FR cepat habis', 100, 'Cek kopling dan cek tierod', '2023-07-24 23:27:00', '2023-07-27 00:20:35'),
(28, 7, '2023072673', '20230726-7-3', '2023-07-26', 1, 'Nurdin', 'Service Berkala, Roda FR Kemakan Sebelah, Rem Ngebuang Kekanan', 100, 'Service Berkala, Cek Roda FR, Cek Rem', '2023-07-25 20:21:44', '2023-07-27 00:22:35'),
(29, 58, '202307265859', '20230726-58-59', '2023-07-26', 1, 'Komarudin', 'Kopling Tinggi, Rem Ngocok', 100, 'Cek Kopling, Cek Rem', '2023-07-25 23:12:09', '2023-07-27 00:19:21'),
(30, 27, '202307282744', '20230728-27-44', '2023-07-28', 1, 'Tardi', 'Bantalan bak Keropos', 100, 'Ganti bantalan bak', '2023-07-27 19:24:57', '2023-07-31 00:58:29'),
(31, 19, '202307281971', '20230728-19-71', '2023-07-28', 1, 'Komarudin', 'Engsel Pintu Kendor', 100, 'Cek Pintu R/L', '2023-07-27 19:31:24', '2023-07-31 01:03:32'),
(32, 11, '202307311148', '20230731-11-48', '2023-07-31', 1, 'Komarudin', 'Roda RR Keluar OLi', 100, 'Cek Roda RR', '2023-07-30 19:44:17', '2023-07-31 19:43:05'),
(33, 8, '20230731846', '20230731-8-46', '2023-07-31', 1, 'Nurdin', 'Service Berkala,\r\nRem NGebuang Ke kanan,\r\nPompa Solar Bocor, \r\nBantalan Kayu Rapuh', 100, 'Service Berkala, Ganti Bantalan bak, Cek Rem, Ganti Pompa Solar', '2023-07-30 20:07:53', '2023-07-31 19:45:02'),
(35, 15, '202307311515', '20230731-15-15', '2023-07-31', 1, '-', 'Mobil Digas Ngempos', 100, 'Cek Filter Solar', '2023-07-31 00:52:35', '2023-07-31 20:20:03'),
(36, 27, '202307312755', '20230731-27-55', '2023-07-31', 1, 'Nurdin', 'Rem Fr LH macet', 0, 'Cek rem FR LH', '2023-07-31 02:12:37', '2023-07-31 02:12:37'),
(37, 56, '202308015662', '20230801-56-62', '2023-08-01', 1, 'Komar', 'Unit solar boros', 100, 'Cek system solar', '2023-07-31 19:37:26', '2023-08-01 00:16:50'),
(39, 59, '202308015944', '20230801-59-44', '2023-08-01', 1, 'Komar', 'Service berkala', 100, 'Service berkala', '2023-07-31 23:34:35', '2023-08-01 23:39:54'),
(40, 13, '20230801139', '20230801-13-9', '2023-08-01', 1, 'Ali', 'Roda RR keluar oli, Baud roda RR LH slek', 100, 'Cek roda RR dan ganti baud roda RR LH', '2023-07-31 23:36:19', '2023-08-03 23:23:56'),
(41, 60, '202308026058', '20230802-60-58', '2023-08-02', 1, 'Nurdin', 'Selang Kompresor Bocor', 100, 'Cek Selang', '2023-08-01 23:39:13', '2023-08-07 19:33:59'),
(42, 31, '20230802314', '20230802-31-4', '2023-08-02', 1, 'Ali', 'Service berkala, Bantalan bak keropos', 80, 'Service berkala dan Ganti bantalan bak', '2023-08-02 01:11:13', '2023-08-02 23:40:40'),
(43, 3, '20230803355', '20230803-3-55', '2023-08-03', 1, 'Supi', 'Roda FR LH Macet', 100, 'G. Master Rem FR LH', '2023-08-02 20:35:20', '2023-08-03 23:22:56'),
(44, 60, '202308036077', '20230803-60-77', '2023-08-03', 1, 'Komarudin', 'Lampu-Lampu Mati', 0, 'Cek Kelistrikan', '2023-08-02 21:34:58', '2023-08-02 21:34:58'),
(45, 41, '202308054141', '20230805-41-41', '2023-08-05', 1, 'Komarudin', 'Service berkala, Master Kopling Bawah Bocor', 100, 'Service Berkala, G. master Kopling Bawah KIT', '2023-08-04 23:08:54', '2023-08-06 20:50:24'),
(46, 39, '202308073981', '20230807-39-81', '2023-08-07', 1, 'Komarudin', 'Mobil NGeden', 100, 'Cek Kopling', '2023-08-06 20:14:27', '2023-08-07 19:33:24'),
(47, 1, '20230807116', '20230807-1-16', '2023-08-05', 1, '-', 'Ban FR botak', 100, 'Ganti ban FR', '2023-08-06 23:32:43', '2023-08-07 19:53:13'),
(48, 24, '202308072465', '20230807-24-65', '2023-08-07', 1, 'Komar', 'Kunci pintu R/L rusak', 100, 'Ganti kunci pintu R/L', '2023-08-07 00:46:40', '2023-08-07 19:59:55'),
(50, 27, '202308082729', '20230808-27-29', '2023-08-08', 1, 'Tardi', 'Roda RR RH Bunyi', 100, 'Cek Roda RR RH', '2023-08-07 23:37:49', '2023-08-08 18:39:26'),
(52, 19, '202308091993', '20230809-19-93', '2023-08-09', 1, 'Nurdin', 'Roda FR RH Keluar Oli', 0, 'Cek Roda FR RH', '2023-08-08 20:55:12', '2023-08-08 20:55:12'),
(53, 63, '202308096392', '20230809-63-92', '2023-08-09', 1, 'Ali', 'Service berkala', 100, 'Service berkala', '2023-08-08 23:12:53', '2023-08-08 23:54:30'),
(57, 16, '202308101650', '20230810-16-50', '2023-08-09', 1, 'Supi', 'Roda RR Keluar Oli', 100, 'Cek Roda RR', '2023-08-09 22:17:06', '2023-08-10 01:06:13'),
(58, 62, '202308106233', '20230810-62-33', '2023-08-10', 1, 'Ali', 'Transmisi Keluar Oli, Bantalan Bak Rapuh', 100, 'CeK Transmisi, Cek Bantalan', '2023-08-09 23:18:05', '2023-08-17 23:33:46'),
(60, 44, '202308104416', '20230810-44-16', '2023-08-10', 2, 'supi Nurdin', 'Build Ulang', 0, 'Build Ulang', '2023-08-10 02:23:27', '2023-08-10 02:23:27'),
(61, 35, '202308113525', '20230811-35-25', '2023-08-11', 1, 'Nurdin', 'Master Kopling atas Bocor, Baut As RR LH patah', 0, 'Cek Master Kopling, Cek Baut as RR LH', '2023-08-11 00:23:15', '2023-08-11 00:23:15'),
(62, 34, '202308113457', '20230811-34-57', '2023-08-11', 1, 'Tardi', 'Pedal Kopling Tidak Berbalik', 0, 'Cek master Kopling', '2023-08-11 01:09:54', '2023-08-11 01:09:54'),
(63, 26, '202308112694', '20230811-26-94', '2023-08-11', 1, '-', 'Service Berkala, Rem Macet', 0, 'Service Berkala, Cek Rem', '2023-08-11 02:07:01', '2023-08-11 02:07:01'),
(66, 56, '202308165674', '20230816-56-74', '2023-08-16', 1, 'Komarudin', 'Mobil Boros Setelah Penyetelan mekanik', 0, 'standarisasi stelan solar', '2023-08-15 20:05:54', '2023-08-15 20:05:54'),
(67, 25, '202308162516', '20230816-25-16', '2023-08-16', 1, 'Supi', 'Rem FR macet, Break tidak ada', 0, 'Cek rem dan break', '2023-08-16 00:04:03', '2023-08-16 00:04:03'),
(68, 42, '20230816420', '20230816-42-0', '2023-08-16', 1, 'Komarudin', 'Stoplamp Tidak ada', 0, 'Cek Stoklamp', '2023-08-16 01:23:41', '2023-08-16 01:23:41'),
(69, 42, '202308184254', '20230818-42-54', '2023-08-18', 1, 'Ali', 'Service berkala', 100, 'Service berkala', '2023-08-17 23:25:58', '2023-08-30 01:01:42'),
(71, 14, '202308211417', '20230821-14-17', '2023-08-21', 1, '-', 'Kople Ngredek saat Masuk Gigi, Slongsong Rembes, Pintu Tdk bs dikunci', 70, 'Cek Kople, Cek Slongsong, Cek Pintu', '2023-08-20 21:35:57', '2023-08-30 01:02:34'),
(72, 52, '202308215229', '20230821-52-29', '2023-08-21', 1, 'Tardi', 'Service berkala, Break mati', 100, 'Service berkala dan cek botol break', '2023-08-20 22:52:35', '2023-08-30 01:05:54'),
(73, 35, '202308243554', '20230824-35-54', '2023-08-24', 1, 'Nurdin', 'Kaca Pintu Pecah, Rem Tidak Pakem', 75, 'G. Kaca pintu, Cek Rem', '2023-08-23 20:55:11', '2023-08-24 23:32:38'),
(74, 13, '202308241378', '20230824-13-78', '2023-08-24', 1, 'Komarudin', 'Service Berkala', 100, 'Service berkala', '2023-08-23 23:50:47', '2023-08-30 01:10:24'),
(76, 24, '202308252449', '20230825-24-49', '2023-08-25', 1, 'Tardi', 'Service Berkala', 100, 'Service Berkala', '2023-08-25 00:49:11', '2023-08-25 23:12:21'),
(78, 25, '202308282581', '20230828-25-81', '2023-08-28', 1, 'Nurdin', 'Oli Rembes dari Head', 100, 'Cek Engine', '2023-08-27 20:32:11', '2023-08-30 01:12:40'),
(79, 39, '202308283996', '20230828-39-96', '2023-08-28', 1, 'Ali', 'Gigi 4 dan 5 Keras', 70, 'Cek Transmisi', '2023-08-27 20:51:33', '2023-08-30 01:14:44'),
(80, 21, '202308292166', '20230829-21-66', '2023-08-29', 1, 'Tardi', 'Kedal Kopling Tidak berbalik', 100, 'Cek Master Kopling', '2023-08-28 23:32:45', '2023-08-30 01:35:16'),
(81, 64, '202308296433', '20230829-64-33', '2023-08-29', 1, 'Komarudin', 'Rem Ngebagel', 100, 'Cek Rem', '2023-08-29 02:29:53', '2023-08-30 01:36:16'),
(82, 27, '202308312721', '20230831-27-21', '2023-08-30', 1, '-', 'Ban RR RH habis', 100, 'Ganti ban RR RH', '2023-08-30 21:29:00', '2023-08-30 21:31:59'),
(83, 1, '20230907146', '20230907-1-46', '2023-09-07', 1, 'Ali', 'Service Berkala, Karet Wiper Tipis, Kopling Tinggi, Rem Tinggi', 100, 'Service berkala, G. Wiper, Cek Kopling, Cek Rem', '2023-09-06 20:17:11', '2023-09-07 00:45:32'),
(84, 60, '202309076035', '20230907-60-35', '2023-09-07', 1, 'Nurdin', 'Service Berkala', 100, 'Service Berkala', '2023-09-06 23:51:29', '2023-09-07 00:41:40'),
(85, 58, '202309075884', '20230907-58-84', '2023-09-06', 2, 'Komar', 'Roda FR saat pengereman bunyi', 100, 'Cek roda FR', '2023-09-07 00:46:53', '2023-09-07 00:52:26'),
(86, 11, '202309071111', '20230907-11-11', '2023-09-07', 1, 'Supi', 'Ban habis karena sering berangkat siang', 100, 'Ganti ban FR dan RR', '2023-09-07 02:46:45', '2023-09-07 02:48:38'),
(87, 22, '20230907220', '20230907-22-0', '2023-09-07', 1, 'Supi', 'Ban FR dan RR habis', 100, 'Ganti ban FR dan RR', '2023-09-07 02:49:39', '2023-09-07 02:52:17'),
(88, 44, '202309094419', '20230909-44-19', '2023-09-09', 1, 'Nurdin', 'Rem Blong', 0, 'Cek Rem', '2023-09-08 22:56:47', '2023-09-08 22:56:47'),
(89, 14, '202309091416', '20230909-14-16', '2023-09-09', 1, 'Komarudin', 'Slongsong Rembes, Behel Bak Tidak Bisa Dikencangkan, Rumah Filter Solar Penyok', 0, 'CEk Slongsongm Cek Behel, Cek Filter Solar', '2023-09-08 22:58:19', '2023-09-08 22:58:19'),
(90, 65, '202309096570', '20230909-65-70', '2023-09-09', 1, 'Nurdin', 'Mobil Mbrebet', 0, 'Cek Filter Solar', '2023-09-08 23:28:40', '2023-09-08 23:28:40'),
(91, 47, '202309114779', '20230911-47-79', '2023-09-08', 2, 'Tardi', 'Service berkala, Ban RR RH habis', 100, 'Service berkala, ganti ban RR RH', '2023-09-11 01:44:53', '2023-09-11 02:01:19'),
(92, 65, '202309126515', '20230912-65-15', '2023-09-12', 1, 'KOmar', 'Service berkala, Roda RR RH keluar oli', 70, 'Service berkala dan cek roda RR RH', '2023-09-12 01:46:04', '2023-09-12 01:55:37'),
(93, 22, '202309122233', '20230912-22-33', '2023-09-12', 1, '-', 'Rachet tie down di pake B 9945 JQP', 100, 'Ganti Rachet tie down', '2023-09-12 01:47:08', '2023-09-12 01:48:27'),
(94, 35, '202309133547', '20230913-35-47', '2023-09-13', 1, 'Komarudin', 'Rem Blong, Service Berkala', 100, 'Cek Rem, Service Berkala', '2023-09-12 20:28:48', '2023-09-12 23:26:39'),
(95, 3, '20230913371', '20230913-3-71', '2023-09-13', 1, 'Supi', 'Service Berkala', 100, 'Service Berkala', '2023-09-12 20:29:08', '2023-09-13 02:40:26'),
(96, 16, '202309131678', '20230913-16-78', '2023-09-13', 1, 'Supi', 'Mobil mrebet', 100, 'Cek system solar', '2023-09-13 02:41:14', '2023-09-13 02:44:14'),
(97, 42, '20230913425', '20230913-42-5', '2023-09-13', 1, 'komar', 'Headlamp redup ', 100, 'Cek kelistrikan', '2023-09-13 02:45:05', '2023-09-18 01:59:40'),
(98, 48, '202309144850', '20230914-48-50', '2023-09-14', 1, 'Tardi', 'Service Berkala', 80, 'Service Berkala', '2023-09-13 19:09:31', '2023-09-14 00:25:39'),
(99, 4, '20230914458', '20230914-4-58', '2023-09-14', 1, 'Supi', 'Service Berkala, Rem Tinggi', 100, 'Service Berkala, Cek Rem', '2023-09-13 19:10:34', '2023-09-14 00:37:09'),
(100, 31, '202309143133', '20230914-31-33', '2023-09-14', 1, 'Komar', 'Kopling bunyi', 100, 'Cek Kopling', '2023-09-14 01:17:27', '2023-09-15 01:56:05'),
(101, 19, '202309151943', '20230915-19-43', '2023-09-15', 1, 'Ali', 'Unit mrebet', 100, 'Cek system solar', '2023-09-14 23:17:00', '2023-09-18 01:43:52'),
(102, 5, '20230918532', '20230918-5-32', '2023-09-18', 1, 'ali', 'Rem Tangan Hancur', 100, 'Cek Rem Tangan', '2023-09-17 19:38:48', '2023-09-18 01:58:43'),
(103, 23, '202309182326', '20230918-23-26', '2023-09-18', 1, 'Ali', 'Service Berkala', 100, 'Service Berkala', '2023-09-17 22:54:16', '2023-09-18 01:58:01'),
(104, 2, '20230920286', '20230920-2-86', '2023-09-20', 1, 'Ali', 'Service Berkala', 100, 'Service Berkala', '2023-09-20 01:36:15', '2023-09-21 01:02:19'),
(105, 35, '202309203525', '20230920-35-25', '2023-09-20', 1, 'Tardi', 'Roda FR Goyang, Rem Ngebuang', 0, 'Cek Roda FR', '2023-09-20 01:36:43', '2023-09-20 01:36:43'),
(106, 16, '202309201698', '20230920-16-98', '2023-09-20', 1, 'Supi', 'Roda RR Keluar Oli', 0, 'Cek Roda RR', '2023-09-20 01:37:10', '2023-09-20 01:37:10'),
(107, 41, '202309214122', '20230921-41-22', '2023-09-19', 60, 'ali', 'Oli Boros', 20, 'Turun Mesin', '2023-09-20 21:45:25', '2024-01-01 23:32:13'),
(108, 8, '20230921885', '20230921-8-85', '2023-09-21', 1, 'Nurdin', 'Service Berkala, Spakboard Bak Tidak ada', 0, 'Service Berkala, Repair Spakboard Bak', '2023-09-20 21:46:59', '2023-09-20 21:46:59'),
(109, 57, '202309215791', '20230921-57-91', '2023-07-21', 100, '-', 'Ban Botak, velg Tidak Ada', 0, 'G Ban + Velg', '2023-09-20 21:48:03', '2023-09-20 21:49:01'),
(110, 38, '202309213815', '20230921-38-15', '2023-09-21', 100, '-', 'Ban dan Velg Tidak Ada, ', 0, 'G. Ban+velg', '2023-09-20 21:50:30', '2023-09-20 21:51:02'),
(111, 67, '202309216790', '20230921-67-90', '2023-09-21', 100, '-', 'Mobil Boros Oli', 0, 'Turun Mesin', '2023-09-20 21:52:37', '2023-09-20 21:54:21'),
(112, 36, '20230921365', '20230921-36-5', '2023-09-21', 100, 'ali Tardi', 'Oli Bocor/Rembes', 0, 'Turun Mesin', '2023-09-20 21:55:15', '2023-09-20 21:55:54'),
(113, 25, '202309212548', '20230921-25-48', '2023-09-21', 1, 'Nurdin', 'Roda RR LH Panas', 0, 'Cek Roda RR LH', '2023-09-20 23:02:02', '2023-09-20 23:02:02'),
(114, 24, '202309212445', '20230921-24-45', '2023-09-18', 1, '-', 'Ban RR benjol, Gantungan Ban stip tidak berfungsi', 100, 'Ganti Ban RR, Ganti gantungan ban stip', '2023-09-21 00:39:38', '2023-09-21 00:43:36'),
(115, 27, '202309212711', '20230921-27-11', '2023-09-19', 1, '-', 'Ban RR LH habis ', 100, 'Ganti ban RR LH', '2023-09-21 00:40:09', '2023-09-21 00:45:35'),
(116, 56, '202309235664', '20230923-56-64', '2023-09-23', 1, 'Ali', 'Mobil ngerotok', 100, 'Cek unit', '2023-09-22 20:05:48', '2023-09-25 01:01:59'),
(117, 39, '202309253942', '20230925-39-42', '2023-09-25', 1, 'Nurdin', 'Service Berkala', 100, 'Service Berkala', '2023-09-24 20:03:00', '2023-09-26 00:57:46'),
(118, 22, '202309252281', '20230925-22-81', '2023-09-25', 1, 'Ali', 'Gardan bunyi', 100, 'Cek gardan', '2023-09-25 01:02:41', '2023-09-26 02:08:48'),
(119, 8, '20230926821', '20230926-8-21', '2023-09-26', 1, 'Tardi', 'service berkala\n-las spakbor\n-seil as roda kiri bocor\n-Kopling Tinggi\n-ganti songket dinamo stater/ rusak udh ga bisa ngancing\n-ganti palzersen/kebakar', 100, 'Service Berkala\nRepair Spakboard\nCek Roda RR LH\nStel Kopling,\nCek Dinamo Stater', '2023-09-25 21:46:47', '2023-09-26 02:20:02'),
(120, 14, '202309261439', '20230926-14-39', '2023-09-24', 1, 'SUpi', 'Slongsong Gardan Patah', 100, 'Cek Slongsong Gardan', '2023-09-26 00:58:33', '2023-09-26 02:13:33'),
(121, 46, '20230927466', '20230927-46-6', '2023-09-27', 1, '-', 'Service Berkala', 100, 'Service Berkala', '2023-09-26 19:24:25', '2023-09-29 22:00:37'),
(122, 7, '20230927773', '20230927-7-73', '2023-09-27', 1, '-', '-service\n-cek per kanan\n-ampersolar/mati', 100, '-Service Berkala,\n-Cek Per\n-Cek Ampere Solar', '2023-09-26 19:25:45', '2023-09-29 22:08:22'),
(123, 58, '202309275816', '20230927-58-16', '2023-09-26', 1, 'Komarudin', 'Storing Oli Muncrat Didaerah Pd. Labu', 0, 'Storing G. Selang L', '2023-09-26 19:29:24', '2023-09-26 19:29:24'),
(124, 19, '202309271968', '20230927-19-68', '2023-09-27', 1, '-', 'Oli Muncrat Didaerah Ciapus', 0, 'Storing G. Selang L Daerah Ciapus', '2023-09-26 19:30:21', '2023-09-26 19:30:21'),
(125, 59, '202309295942', '20230929-59-42', '2023-09-29', 1, 'ali', 'Roda RR LH Keluar Oli', 0, 'Cek Roda RR LH', '2023-09-28 20:49:34', '2023-09-28 20:49:34'),
(126, 66, '202309296689', '20230929-66-89', '2023-09-29', 1, 'Nurdin', 'Kopling Jika Diinjak Bunyi', 100, 'Cek Kopling', '2023-09-28 21:09:52', '2023-09-29 22:12:12'),
(127, 18, '202309291826', '20230929-18-26', '2023-09-29', 1, 'Nurdin', 'Service Berkala', 0, 'Service Berkala', '2023-09-29 00:12:42', '2023-09-29 00:12:42'),
(128, 34, '202309293486', '20230929-34-86', '2023-09-29', 1, 'Nurdin', 'Rem ngebagel', 0, 'cek rem ', '2023-09-29 00:26:49', '2023-09-29 00:26:49'),
(129, 56, '202309305614', '20230930-56-14', '2023-09-30', 1, 'Tardi', 'Rem NGebuang Ke kanan', 0, 'Cek Rem', '2023-09-29 19:15:06', '2023-09-29 19:15:06'),
(130, 44, '202310024423', '20231002-44-23', '2023-09-29', 1, '-', 'Kaca Depan Retak', 100, 'Ganti Kaca depan', '2023-10-01 20:56:00', '2023-10-01 20:56:49'),
(131, 31, '202310023185', '20231002-31-85', '2023-10-02', 1, 'Tardi', 'Bantalan bak keropos', 100, 'Ganti bantalan Bak', '2023-10-01 23:30:50', '2023-10-03 00:53:17'),
(132, 6, '20231003634', '20231003-6-34', '2023-10-03', 1, 'Komarudin', 'Service Berkala', 100, 'Service Berkala', '2023-10-02 20:20:28', '2023-10-03 00:55:53'),
(133, 21, '202310032156', '20231003-21-56', '2023-10-03', 1, 'Supi', 'Service Berkala', 100, 'Service Berkala', '2023-10-03 00:45:26', '2023-10-03 01:00:11'),
(134, 63, '202310036346', '20231003-63-46', '2023-10-03', 1, 'Komar', 'Ban RR RH meledak, Spakbor RR RH lepas', 100, 'Ganti Ban buat stip, Las spakbor', '2023-10-03 01:01:33', '2023-10-06 00:13:12'),
(135, 20, '202310062050', '20231006-20-50', '2023-10-06', 1, 'Supi', 'Service Berkala', 100, 'Service berkala, Cek Unit', '2023-10-05 23:50:24', '2023-10-05 23:54:06'),
(136, 13, '202310061394', '20231006-13-94', '2023-10-06', 1, 'Komar', 'Rem kurang pakem', 0, 'Cek rem ', '2023-10-05 23:50:55', '2023-10-05 23:50:55'),
(137, 11, '202310061122', '20231006-11-22', '2023-10-06', 1, 'Komarudin', 'Roda FR RH Keluar Oli', 0, 'Cek Roda FR RH', '2023-10-06 01:38:17', '2023-10-06 01:38:17'),
(138, 25, '202310092516', '20231009-25-16', '2023-10-08', 1, 'Nurdin', 'Mobil susah starter', 100, 'Cek aki dan kelistrikan', '2023-10-08 23:51:51', '2023-10-08 23:53:14'),
(139, 16, '202310091681', '20231009-16-81', '2023-10-09', 1, 'Supi', 'Oli transmisi rembes,susah starter, Ada bunyi di bagian gardan', 100, 'Cek seal transmisi, cek dynamo starter, cek gardan', '2023-10-09 00:43:04', '2023-10-09 21:05:06'),
(140, 12, '202310101214', '20231010-12-14', '2023-10-10', 1, 'Tardi', 'Roda FR goyang', 100, 'Cek roda FR', '2023-10-09 19:41:13', '2023-10-10 00:37:05'),
(142, 56, '202310105684', '20231010-56-84', '2023-10-10', 1, 'Komarudin', 'Roda FR RH Kemakan Sebelah', 100, 'Cek Roda FR', '2023-10-09 19:46:39', '2023-10-10 23:27:05'),
(143, 8, '20231010857', '20231010-8-57', '2023-10-10', 1, '-', '\n-pasang soket stater\n-Air Radiator Kotor\n-baut roda belakang kiri patah 1\n-brig mati\n-cekkakidepan', 100, 'Pasang Soket Stater, Cek Baut Roda RR LH, Cek Brik, Cek Roda FR', '2023-10-09 19:54:02', '2023-10-10 00:32:31'),
(144, 42, '202310104271', '20231010-42-71', '2023-10-10', 1, 'Komarudin', 'Mobil Brebet', 100, 'Cek Filter Solar', '2023-10-09 23:41:10', '2023-10-10 00:35:27'),
(145, 6, '20231012651', '20231012-6-51', '2023-10-12', 1, 'Komarudin', 'Break Mati, Rem Ngebuang Kanan', 100, 'Cek Break, Cek Rem ', '2023-10-11 20:18:44', '2023-10-16 21:33:29'),
(146, 44, '202310124482', '20231012-44-82', '2023-10-12', 1, 'Tardi', 'Pedal Kopling Tidak Berbalik', 100, 'Cek Master Kopling Bawah', '2023-10-11 21:26:14', '2023-10-16 21:32:28'),
(147, 14, '202310121476', '20231012-14-76', '2023-10-12', 1, 'Tardi', 'Ban RR botak, Service Berkala', 100, 'Ganti Ban RR 2set, Service Berkala', '2023-10-11 21:33:30', '2023-10-12 00:03:32'),
(148, 33, '20231012336', '20231012-33-6', '2023-10-11', 1, '-', 'Ban RR RH botak', 100, 'Ganti Ban RR RH 2set', '2023-10-11 21:35:52', '2023-10-11 21:37:19'),
(149, 34, '202310133472', '20231013-34-72', '2023-10-13', 1, 'Nurdin', 'Roda FR goyang', 100, 'Cek roda FR', '2023-10-12 20:08:37', '2023-10-16 21:30:28'),
(150, 64, '202310136420', '20231013-64-20', '2023-10-12', 1, '-', 'Ban RR sobek', 100, 'Ganti Ban RR 2set', '2023-10-12 20:09:56', '2023-10-12 20:12:17'),
(151, 16, '20231014167', '20231014-16-7', '2023-10-13', 1, '-', 'Ban RR botak', 100, 'Ganti Ban RR 2set Goodyear HD', '2023-10-13 21:32:39', '2023-10-13 21:34:50'),
(152, 59, '202310165958', '20231016-59-58', '2023-10-16', 1, 'Nurdin', 'Service Berkala, Rem Ngocok', 100, 'Service Berkala, Cek Rem', '2023-10-15 23:20:04', '2023-10-16 21:28:40'),
(153, 45, '202310164551', '20231016-45-51', '2023-10-13', 2, 'Ali', 'Service Berkala, BAn RR botak , Las knalpot', 100, 'Service Berkala, Ganti ban RR, Las knalpot', '2023-10-16 00:28:44', '2023-10-16 21:26:19'),
(154, 33, '202310173384', '20231017-33-84', '2023-10-17', 1, 'Nurdin', 'Roda RR RH Keluar Oli, baut roda', 100, 'CEk Roda RR RH', '2023-10-16 20:26:15', '2023-10-16 23:35:40'),
(155, 25, '202310172558', '20231017-25-58', '2023-10-17', 1, 'Tardi', 'Baut roda RR RH patah', 100, 'Ganti Baut roda RR RH', '2023-10-16 23:27:54', '2023-10-18 20:19:55'),
(156, 37, '20231017379', '20231017-37-9', '2023-10-17', 1, 'Ali', 'Master kopling bawah rembes', 100, 'Cek master kopling bawah', '2023-10-17 02:09:37', '2023-10-18 20:21:19'),
(157, 6, '20231018649', '20231018-6-49', '2023-10-18', 1, 'Tardi', 'Shockbreaker RR tidak ada', 100, 'Pasang shockbreaker RR', '2023-10-17 23:14:13', '2023-10-18 20:23:59'),
(158, 5, '20231018580', '20231018-5-80', '2023-10-18', 1, 'Nurdin', 'Kopling selip', 100, 'Cek kopling', '2023-10-17 23:15:10', '2023-10-18 20:35:05'),
(159, 21, '202310192199', '20231019-21-99', '2023-10-18', 1, '-', 'Kaca depan retak', 100, 'Ganti kaca depan ', '2023-10-18 19:29:06', '2023-10-18 19:33:00'),
(160, 56, '202310195668', '20231019-56-68', '2023-10-19', 1, 'Nurdin', 'Service Berkla', 100, 'Service Berkala', '2023-10-18 19:46:53', '2023-10-20 19:30:28'),
(161, 66, '202310196647', '20231019-66-47', '2023-10-19', 1, 'Ali', 'Roda FR Kemakan Sebelah, Mobil Mrebet', 100, 'Cek Roda FR, Cek Filter Solar', '2023-10-18 22:14:53', '2023-10-20 19:32:44'),
(162, 64, '202310196464', '20231019-64-64', '2023-10-19', 1, 'Ali', 'Service Berkala', 100, 'Service Berkala', '2023-10-18 23:19:47', '2023-10-20 19:34:44'),
(163, 66, '202310206684', '20231020-66-84', '2023-10-20', 1, 'Tardi', 'Rem Blong,,', 100, 'Cek Rem', '2023-10-19 23:15:07', '2023-10-20 19:37:01'),
(164, 3, '20231020383', '20231020-3-83', '2023-10-19', 1, '-', 'Ban RR meledak', 100, 'Ganti ban RR 2set', '2023-10-19 23:16:38', '2023-10-19 23:20:55'),
(165, 9, '20231020935', '20231020-9-35', '2023-10-19', 1, '-', 'Ban habis termakan usia', 100, 'Ganti ban 4set', '2023-10-19 23:17:05', '2023-10-19 23:18:56'),
(166, 24, '20231020242', '20231020-24-2', '2023-10-20', 1, 'Tardi', 'Rem FR macet', 100, 'Cek rem', '2023-10-19 23:46:29', '2023-10-20 19:40:11'),
(167, 47, '202310214764', '20231021-47-64', '2023-10-20', 1, '-', 'Aki sudah ga nyimpes strum', 100, 'Ganti aki', '2023-10-20 21:35:21', '2023-10-20 21:36:20'),
(168, 61, '202310256190', '20231025-61-90', '2023-10-25', 1, 'Ali', 'Service berkala', 100, 'Service berkala', '2023-10-24 22:23:27', '2023-10-25 00:25:16'),
(169, 61, '202310256153', '20231025-61-53', '2023-10-03', 1, '-', 'per RR sudah peruh', 100, 'Ganti per RR', '2023-10-24 23:33:53', '2023-10-24 23:45:12'),
(170, 12, '202310261251', '20231026-12-51', '2023-10-24', 1, 'Komar', 'Mobil susah starter', 0, 'Cek kelistrikan', '2023-10-25 20:10:35', '2023-10-25 20:10:35'),
(171, 12, '202310261299', '20231026-12-99', '2023-10-26', 1, '-', 'Ban RR LH meledak', 100, 'Ganti Ban RR LH', '2023-10-25 23:24:51', '2023-10-26 00:22:56'),
(172, 5, '20231026566', '20231026-5-66', '2023-10-26', 1, '-', 'Ban habis termakan usia', 100, 'Ganti ban 2set', '2023-10-25 23:25:54', '2023-10-26 00:24:48'),
(173, 24, '202310262447', '20231026-24-47', '2023-10-26', 1, '-', 'Ban RR LH benjol', 100, 'Ganti Ban RR RH', '2023-10-26 00:25:40', '2023-10-26 00:48:29'),
(174, 66, '202310266690', '20231026-66-90', '2023-10-26', 1, '-', 'Ban FR botak ', 100, 'Ganti Ban FR', '2023-10-26 00:28:09', '2023-10-26 00:30:13'),
(175, 56, '202310265644', '20231026-56-44', '2023-10-26', 1, '-', 'Ban RR LH sobek', 100, 'Ganti BAn RR LH', '2023-10-26 00:40:51', '2023-10-26 00:42:17'),
(176, 34, '202310263417', '20231026-34-17', '2023-10-26', 1, '-', 'Ban FR botak', 100, 'Ganti ban FR', '2023-10-26 00:42:57', '2023-10-26 00:44:20'),
(177, 39, '202310263916', '20231026-39-16', '2023-10-26', 1, '-', 'Ban RR RH meledak, ban tgl 20/07/2023', 100, 'Ganti ban RR RH', '2023-10-26 00:45:05', '2023-10-26 00:49:02'),
(178, 39, '202310263981', '20231026-39-81', '2023-10-26', 1, 'Tardi', 'Baud roda RR RH patah', 100, 'Ganti baud roda RR RH', '2023-10-26 00:50:26', '2023-10-26 19:19:22'),
(179, 27, '202310262788', '20231026-27-88', '2023-10-26', 1, 'Tardi', 'Service berkala', 100, 'Service berkala', '2023-10-26 01:33:50', '2023-10-26 19:24:58'),
(180, 33, '202310273349', '20231027-33-49', '2023-10-26', 1, '-', 'Per RR patah', 100, 'Ganti per RR ', '2023-10-26 19:26:21', '2023-10-26 19:33:58'),
(181, 66, '202310276692', '20231027-66-92', '2023-10-25', 1, '-', 'Per RR patah', 100, 'Ganti per RR', '2023-10-26 19:39:03', '2023-10-26 20:00:28'),
(182, 34, '202310283427', '20231028-34-27', '2023-10-28', 1, 'Komarudin', 'Mobil Brebet, Keluar Asap Putih', 100, 'Cek Filter Solar bawah', '2023-10-27 22:23:55', '2023-10-29 20:15:29'),
(183, 60, '202310306022', '20231030-60-22', '2023-10-30', 1, 'Komarudin', 'Roda RR LH Bunyi', 100, 'Cek Roda RR LH', '2023-10-29 19:41:42', '2023-10-29 20:31:16'),
(184, 39, '202310303921', '20231030-39-21', '2023-10-30', 1, 'Tardi', 'Tidak Kuat Stater, Rem Blong', 100, 'Cek Stater Dan Kelistrikan, Cek Rem', '2023-10-29 20:55:56', '2023-10-30 00:24:21'),
(185, 44, '202310304494', '20231030-44-94', '2023-10-30', 1, 'Tardi', 'Baut As Hilang 2', 0, 'Cek Roda', '2023-10-29 23:02:10', '2023-10-29 23:02:10'),
(186, 64, '202311026438', '20231102-64-38', '2023-11-02', 1, 'Ali', 'Roda FR Masih Kemakan Sebelah', 100, 'Cek Roda RR LH', '2023-11-01 19:13:10', '2023-11-06 00:41:10'),
(187, 37, '202311023786', '20231102-37-86', '2023-11-01', 1, '-', 'Per extra No.5 patah', 100, 'Ganti per ', '2023-11-01 19:56:28', '2023-11-01 19:59:41'),
(188, 31, '202311023169', '20231102-31-69', '2023-11-02', 1, 'Ali', 'Roda pada saat belok\n goyang, Rem ngocok', 0, 'Cek longtirod dan cek rem', '2023-11-01 21:54:35', '2023-11-01 21:54:52'),
(189, 46, '202311034691', '20231103-46-91', '2023-11-03', 2, 'Tardi, Supi, Komar', 'Kopling tipis, Ban botak', 100, 'Cek kopling, ganti BAn ', '2023-11-02 20:51:56', '2023-11-06 00:42:05'),
(190, 19, '202311031927', '20231103-19-27', '2023-11-02', 1, '-', 'Per RR dan FR peruh', 100, 'Cek per', '2023-11-02 20:52:38', '2023-11-05 20:17:25'),
(191, 47, '202311064711', '20231106-47-11', '2023-11-03', 1, '-', 'Ban FR botak', 100, 'Ganti Ban FR 2st', '2023-11-05 20:18:09', '2023-11-05 20:21:37'),
(192, 59, '202311065944', '20231106-59-44', '2023-11-04', 1, 'Komar', 'Nap RR LH rusak', 0, 'Nap RR pake B 9340 NDD', '2023-11-05 20:22:56', '2023-11-05 20:22:56'),
(193, 32, '202311063225', '20231106-32-25', '2023-11-06', 1, 'Komarudin', 'Roda FR Kemakan Sebelah, Gantungan Kople Hancur', 100, 'Cek Roda FR, G. Gantungan Kople', '2023-11-05 20:28:31', '2023-11-06 20:08:46'),
(194, 59, '202311065930', '20231106-59-30', '2023-11-06', 1, 'Tardi', 'Roda FR LH Panas', 100, 'Cek Roda FR', '2023-11-05 21:52:32', '2023-11-06 00:38:23'),
(195, 44, '202311064474', '20231106-44-74', '2023-11-06', 1, 'Komarudin', 'Wiper Error, Sein LH mati', 0, 'Cek Wiper, Cek Kelistrikan', '2023-11-06 00:31:54', '2023-11-06 00:31:54'),
(197, 31, '202311073125', '20231107-31-25', '2023-11-06', 1, '-', 'Tusukan Per RR LH patah', 100, 'Ganti tusukan per RR LH', '2023-11-06 20:05:00', '2023-11-06 20:06:22'),
(198, 66, '202311076659', '20231107-66-59', '2023-11-07', 1, 'Komar', 'baud roda RR RH patah', 100, 'Ganti BAud roda RR RH', '2023-11-06 23:39:57', '2023-11-07 22:58:32'),
(199, 13, '202311071391', '20231107-13-91', '2023-11-07', 1, 'Ali', 'Service berkala', 100, 'Service Berkala', '2023-11-06 23:48:56', '2023-11-07 22:57:01'),
(200, 62, '202311076228', '20231107-62-28', '2023-11-07', 1, 'Ali', 'Oper gigi keras', 80, 'Cek master kopling ', '2023-11-07 01:54:44', '2023-11-07 23:02:34'),
(201, 58, '202311075842', '20231107-58-42', '2023-11-07', 1, 'Komar', 'Las bak, Rem blong', 0, 'Las bak, cek rem', '2023-11-07 02:42:01', '2023-11-07 02:42:01'),
(202, 50, '202311085076', '20231108-50-76', '2023-11-08', 1, 'Tardi', 'Service Berkala, Las bak', 100, 'Service Berkala, Las bak', '2023-11-07 20:42:46', '2023-11-08 23:44:25'),
(203, 51, '202311085181', '20231108-51-81', '2023-11-08', 1, 'Tardi', 'Service berkala, Baud roda RR patah', 100, 'service berkala, Ganti baud roda', '2023-11-07 20:43:29', '2023-11-07 23:11:53'),
(204, 6, '20231109638', '20231109-6-38', '2023-11-09', 1, 'Komarudin', 'Roda RR RH Keluar Oli', 100, 'Cek Roda RH', '2023-11-08 20:11:10', '2023-11-08 23:57:19'),
(205, 34, '202311093425', '20231109-34-25', '2023-11-09', 1, 'Tardi', 'Rem Blong', 100, 'Cek rem', '2023-11-08 21:40:51', '2023-11-08 23:58:17'),
(206, 56, '202311095670', '20231109-56-70', '2023-11-09', 1, 'Ali', 'Mobil Susah Stater, Rem Dalam', 100, 'Cek Kelistrikan Stater, Cek Rem', '2023-11-08 23:06:05', '2023-11-13 23:17:50'),
(207, 44, '202311104411', '20231110-44-11', '2023-11-10', 1, 'Nurdin', 'Pompa Solar Bocor', 100, 'Cek pompa Solar', '2023-11-10 00:01:27', '2023-11-13 23:16:49'),
(208, 56, '202311115640', '20231111-56-40', '2023-11-11', 1, 'Nurdin', 'Stoplamp Mati', 100, 'Cek Kelistrikan', '2023-11-10 20:06:46', '2023-11-13 23:21:21'),
(209, 23, '202311132372', '20231113-23-72', '2023-11-13', 1, 'Komar', 'Rem FR macet', 100, 'Cek rem', '2023-11-12 20:21:13', '2023-11-13 23:24:22'),
(210, 21, '202311132162', '20231113-21-62', '2023-11-13', 1, 'Supi', 'Air Radiator Kurang', 0, 'Tambah Air Radiator', '2023-11-12 23:17:43', '2023-11-12 23:17:43'),
(211, 4, '20231114410', '20231114-4-10', '2023-11-14', 1, 'Tardi', 'Service berkala, Rem dalem', 100, 'service berkala, cek kampas rem RR ', '2023-11-13 20:19:23', '2023-11-14 02:11:29'),
(212, 44, '202311144432', '20231114-44-32', '2023-11-14', 1, 'Komarudin', 'Wiper Mati, Mobil Brebet', 0, 'Cek Wiper, Cek Filter Solar', '2023-11-13 20:51:32', '2023-11-13 20:51:32'),
(213, 33, '202311143322', '20231114-33-22', '2023-11-14', 1, 'Nurdin', 'Mobil susah starter, sudah cek aki dan ganti kepala aki', 0, 'Cek system kelistrikan', '2023-11-13 22:42:24', '2023-11-13 22:42:24'),
(214, 16, '202311141649', '20231114-16-49', '2023-11-14', 1, 'Tardi', 'Baud roda RR R/L patah, Knalpot patah', 0, 'Ganti baud roda RR R/L, Las knalpot', '2023-11-13 23:54:02', '2023-11-13 23:54:02'),
(215, 65, '202311146567', '20231114-65-67', '2023-11-14', 1, 'Komar', 'Rem ngebagel, Break mati, Per extra No 1 patah', 100, 'Cek rem, Ganti Per di Awen spring', '2023-11-14 01:46:43', '2023-11-16 02:15:43'),
(216, 16, '202311151663', '20231115-16-63', '2023-11-15', 1, 'Nurdin', 'Rembes oli transmisi', 0, 'Cek Paking Transmisi', '2023-11-14 20:05:35', '2023-11-14 20:05:35'),
(217, 39, '202311153995', '20231115-39-95', '2023-11-15', 1, 'Nurdin', 'Lampu Senja Mati', 0, 'Cek Kelistrikan', '2023-11-14 20:23:38', '2023-11-14 20:23:38'),
(218, 1, '20231115170', '20231115-1-70', '2023-11-15', 1, 'Tardi', 'Service BErkala, Rem Dalam, Kopling Tinggi', 100, 'Service BErkala, Cek Rem, Cek Kopling', '2023-11-14 20:53:47', '2023-11-16 02:05:01'),
(219, 7, '20231115790', '20231115-7-90', '2023-11-15', 1, 'Nurdin', 'Service BErkala, Rem tinggi', 100, 'Service Berkala, Cek rem', '2023-11-14 20:57:17', '2023-11-16 02:06:36'),
(220, 66, '202311156686', '20231115-66-86', '2023-11-14', 1, '-', 'Ban FR botak', 100, 'Ganti ban FR 2set', '2023-11-15 00:22:02', '2023-11-15 00:24:59'),
(221, 19, '202311151950', '20231115-19-50', '2023-11-15', 1, '-', 'Ban RR RH benjol', 100, 'Ganti ban RR RH', '2023-11-15 00:23:05', '2023-11-15 00:27:02'),
(222, 8, '20231116828', '20231116-8-28', '2023-11-16', 1, 'Nurdin', 'Service Berkala, lamput bak atas tidak ada', 100, 'Service Berkala, Pasang lampu atas', '2023-11-15 20:46:14', '2023-11-19 23:27:37'),
(223, 2, '20231116265', '20231116-2-65', '2023-11-16', 1, 'Komarudin', 'Service Berkala, Kampas Rem RR Tipis', 100, 'Service Berkala, G. Kampas Rem', '2023-11-15 22:09:17', '2023-11-19 23:38:16'),
(224, 34, '202311163475', '20231116-34-75', '2023-11-15', 1, '-', 'Per belakang no1 patah', 100, 'Ganti per RR dan FR', '2023-11-16 00:45:06', '2023-11-16 02:11:02'),
(225, 60, '202311176022', '20231117-60-22', '2023-11-17', 1, 'Tardi', 'Oli Kurang, Roda RR LH Goyang, Keluar Oli, Lampu Besar Koslet', 0, 'Tambah Oli, Cek Roda RR LH, Cek Kelistrikan', '2023-11-16 23:11:15', '2023-11-16 23:11:15'),
(226, 11, '202311171155', '20231117-11-55', '2023-11-17', 1, 'Ali', 'Rem RR RH ngempos', 0, 'Cek Rem RR RH', '2023-11-17 00:06:17', '2023-11-17 00:06:17'),
(227, 59, '202311175946', '20231117-59-46', '2023-11-17', 1, 'Ali', 'Mobil Susah Stater', 100, 'Cek Kelistrikan', '2023-11-17 01:34:15', '2023-11-20 23:49:03'),
(228, 10, '202311201066', '20231120-10-66', '2023-11-20', 1, 'Ali', 'Service Berkala, Roda FR L/R Goyang', 100, 'Service Berkala, Cek Roda FR', '2023-11-19 21:32:11', '2023-11-20 23:56:49'),
(229, 24, '202311202433', '20231120-24-33', '2023-11-20', 1, 'Nurdin', 'Service berkala', 100, 'Service Berkala', '2023-11-20 00:06:47', '2023-11-20 23:52:19'),
(230, 6, '20231120650', '20231120-6-50', '2023-11-20', 1, '-', 'Ban RR habis termakan usia', 100, 'Ganti ban RR ', '2023-11-20 02:34:12', '2023-11-20 02:36:22'),
(231, 60, '202311206020', '20231120-60-20', '2023-11-20', 1, '-', 'Ban RR vulkanisir meledak', 100, 'Ganti ban RR 2set', '2023-11-20 02:34:47', '2023-11-20 19:42:01'),
(232, 27, '202311212732', '20231121-27-32', '2023-11-21', 1, '-', 'Ban FR botak', 100, 'Ganti BAn FR', '2023-11-20 19:46:55', '2023-11-20 19:49:04'),
(233, 59, '202311215926', '20231121-59-26', '2023-11-21', 1, '-', 'Ban RR meledak', 100, 'Ganti ban RR ', '2023-11-21 00:27:58', '2023-11-21 00:29:43'),
(234, 19, '202311231985', '20231123-19-85', '2023-11-23', 1, 'Komarudin', 'Service Berkala, rem Tinggi', 0, 'Service Berkala, Cek Rem', '2023-11-22 20:06:00', '2023-11-22 20:06:00'),
(235, 48, '202311234849', '20231123-48-49', '2023-11-22', 2, 'Ali', 'Service Berkala, Kampas rem tipis', 0, 'Service berkala, Cek rem', '2023-11-22 20:54:00', '2023-11-22 20:54:00'),
(236, 3, '2023112334', '20231123-3-4', '2023-11-23', 1, '-', 'Service Berkala', 0, 'Service berkala', '2023-11-22 22:05:02', '2023-11-22 22:05:02'),
(237, 16, '202311271678', '20231127-16-78', '2023-11-27', 1, 'Supi', 'Stir goyang, Baut RR  LH Cepet Kendor', 0, 'Cek Stir, Cek Roda RR', '2023-11-26 19:17:33', '2023-11-26 19:17:33'),
(238, 32, '202311273284', '20231127-32-84', '2023-11-27', 1, 'Nurdin', 'Mobil Merebet', 100, 'Cek fuel system', '2023-11-26 20:32:28', '2023-11-29 00:26:48'),
(239, 25, '202311272513', '20231127-25-13', '2023-11-25', 1, '-', 'Per RR patah', 100, 'Ganti Per RR', '2023-11-26 21:04:43', '2023-11-26 21:12:15'),
(240, 19, '202311271954', '20231127-19-54', '2023-11-27', 1, '-', 'Ban FR dari A 9220 ZB belah', 100, 'Ganti Ban FR goodyear HD 2set', '2023-11-26 21:42:17', '2023-11-26 21:47:26'),
(241, 26, '202311272616', '20231127-26-16', '2023-11-27', 1, 'Nurdin', 'Service berkala', 100, 'Service Berkala', '2023-11-27 02:03:35', '2023-11-29 00:21:11'),
(242, 34, '20231128345', '20231128-34-5', '2023-11-28', 1, 'Nurdin', 'Rem Ngebagel', 0, 'Cek Rem', '2023-11-28 01:22:45', '2023-11-28 01:22:45'),
(243, 52, '202311295247', '20231129-52-47', '2023-11-29', 1, 'Ali', 'Service Berkala', 100, 'Service Berkala', '2023-11-28 20:17:42', '2023-11-29 00:29:44'),
(244, 25, '202311292542', '20231129-25-42', '2023-11-29', 1, 'Komarudin', 'Rem Panas', 100, 'Cek Rem', '2023-11-28 21:31:24', '2023-11-29 23:30:35'),
(245, 42, '202311294252', '20231129-42-52', '2023-11-29', 1, 'Komar', 'Roda FR goyang', 100, 'Cek roda FR', '2023-11-28 23:46:38', '2023-11-29 23:31:12'),
(246, 22, '202311292564', '20231129-25-64', '2023-11-29', 1, 'Ali', 'Service berkala', 100, 'Service berkala', '2023-11-28 23:48:24', '2023-11-29 23:34:14'),
(247, 12, '202311301283', '20231130-12-83', '2023-11-30', 1, 'Tari', 'Servuce Berkala', 100, 'Service Berkala', '2023-11-29 19:22:59', '2023-11-29 23:36:08'),
(248, 19, '202312011981', '20231201-19-81', '2023-12-01', 1, 'Nurdin', 'Pedal Kopling Tidak Berbalik', 100, 'Cek Master Kopling', '2023-11-30 20:17:34', '2023-12-03 21:45:21'),
(249, 44, '202312044428', '20231204-44-28', '2023-12-04', 1, 'Nurdin', 'Stoplamp mati', 0, 'Cek kelistrikan', '2023-12-03 23:21:51', '2023-12-03 23:22:06'),
(250, 66, '202312056610', '20231205-66-10', '2023-12-05', 1, 'Tardi', 'Service Berkala', 0, 'Service Berkala', '2023-12-05 01:17:55', '2023-12-05 01:17:55'),
(251, 19, '202312061939', '20231206-19-39', '2023-12-06', 1, 'Komarudin', 'Roda FR Kemakan Sebelah', 0, 'Cek Roda FR', '2023-12-05 19:21:58', '2023-12-05 19:21:58'),
(252, 10, '202312061022', '20231206-10-22', '2023-11-24', 1, '-', 'Ban FR kemakan sebelah', 100, 'Cek roda FR', '2023-12-05 19:47:22', '2023-12-05 19:48:30'),
(253, 15, '202312061545', '20231206-15-45', '2023-12-05', 1, '-', 'Ban RR vulkanisir meledak', 100, 'Ganti ban RR ', '2023-12-05 19:49:36', '2023-12-05 19:51:52'),
(254, 40, '202312064070', '20231206-40-70', '2023-12-05', 1, '-', 'Ban RR RH meledak', 100, 'Ganti Ban RR 2set', '2023-12-05 19:50:27', '2023-12-05 19:53:36'),
(255, 11, '202312061176', '20231206-11-76', '2023-12-06', 1, 'Komar', 'Kayu Bantalan keropos', 100, 'Ganti Kayu Bantalan', '2023-12-05 22:05:49', '2023-12-10 23:53:29'),
(256, 45, '202312114562', '20231211-45-62', '2023-12-09', 1, 'Supi', 'Service Berkala', 100, 'Service Berkala', '2023-12-10 23:54:14', '2023-12-11 00:23:08'),
(257, 64, '202312116470', '20231211-64-70', '2023-12-11', 1, 'Tardi', 'Roda FR Goyang, Pedal Kopling Tidak berbalik', 100, 'Cek Roda FR, Cek Master Kopling', '2023-12-10 23:55:32', '2023-12-14 22:49:39'),
(258, 14, '202312141470', '20231214-14-70', '2023-12-14', 1, 'Nurdin', 'Roda FR Kemakan Sebelah, Pintu Kabin TidaK bisa Dikunci, Kople Bunyi', 100, 'Cek Roda FR, Cek Pintu, Cek kopel, G. Karet Wiper', '2023-12-13 20:32:33', '2023-12-14 22:52:59'),
(259, 16, '202312151695', '20231215-16-95', '2023-12-15', 1, 'Tardi', 'Roda RR RH Keluar Oli, Service Berkala', 100, 'Cek Roda RR RH, Service Berkala', '2023-12-14 20:13:51', '2023-12-18 02:03:31'),
(260, 47, '202312184750', '20231218-47-50', '2023-12-16', 2, 'Ali,Supi,Nurdin', 'Service Berkala, Ban RR botak', 100, 'Service Berkala, Ganti Ban RR', '2023-12-17 23:13:14', '2023-12-17 23:45:12'),
(261, 21, '202312182137', '20231218-21-37', '2023-12-18', 1, 'Supi', 'Service Berkala', 100, 'Service Berkala', '2023-12-17 23:48:05', '2023-12-18 02:06:27'),
(262, 56, '202312195653', '20231219-56-53', '2023-12-19', 1, 'Tardi', 'Service Berkala', 100, 'Service Berkala', '2023-12-18 19:21:30', '2023-12-19 00:05:04'),
(263, 37, '202312193773', '20231219-37-73', '2023-12-19', 1, 'Komar', 'Service Berkala, ', 100, 'Service Berkala', '2023-12-18 22:41:47', '2023-12-19 00:09:08'),
(264, 27, '202312192733', '20231219-27-33', '2023-12-19', 1, 'Supi', 'Service Berkala', 100, 'Service Berkala', '2023-12-19 01:13:29', '2023-12-19 23:36:19'),
(265, 16, '202312201667', '20231220-16-67', '2023-12-20', 1, 'Komar', 'Pedal Kopling tidak berbalik', 100, 'Cek Master kopling', '2023-12-19 19:24:20', '2023-12-19 23:34:22'),
(266, 5, '20231221547', '20231221-5-47', '2023-12-21', 1, 'Nurdin', 'Master kopling bawah bocor', 100, 'Cek master kopling bawah', '2023-12-21 00:18:35', '2023-12-26 00:07:38'),
(267, 59, '202312225931', '20231222-59-31', '2023-12-22', 1, 'Tardi', 'Spion Patah Dudukan', 0, 'Cek Spion', '2023-12-21 21:00:31', '2023-12-21 21:00:31'),
(268, 19, '202312261938', '20231226-19-38', '2023-12-26', 1, 'Tardi', 'Roda FR Macet', 100, 'CEk Roda FR', '2023-12-25 19:49:42', '2023-12-26 00:14:42'),
(269, 56, '202312265678', '20231226-56-78', '2023-12-26', 1, 'Nur', 'HAnger Patah', 0, 'G. Hanger', '2023-12-25 19:50:40', '2023-12-25 19:50:40'),
(270, 25, '202312262587', '20231226-25-87', '2023-12-26', 1, 'Tardi', 'Service Berkala', 0, 'Service Berkala', '2023-12-26 00:15:34', '2023-12-26 00:15:34'),
(271, 18, '202312291824', '20231229-18-24', '2023-12-29', 1, 'Komarudin', 'Service Berkala', 0, 'Service Berkala', '2023-12-29 00:59:26', '2023-12-29 00:59:26'),
(272, 9, '20240103964', '20240103-9-64', '2024-01-03', 1, 'Ali', 'Service Berkala, Roda RR LH Keluar Oli, Mobil Ngeden', 100, 'Service Berkala, Cek Roda RR LH, Cek Kopling', '2024-01-02 21:35:22', '2024-01-03 23:36:06'),
(273, 34, '202401033411', '20240103-34-11', '2024-01-03', 1, 'Nurdin', 'Shockbreaker depan patah', 100, 'Ganti shockbreaker depan', '2024-01-02 22:57:51', '2024-01-03 23:38:09'),
(274, 59, '202401035961', '20240103-59-61', '2024-01-03', 1, 'Nurdin', 'Mobil Susah Stater', 0, 'Cek Kelistrikan', '2024-01-03 00:44:25', '2024-01-03 00:44:25'),
(275, 24, '202401032443', '20240103-24-43', '2024-01-03', 1, '-', 'Aki sudah ga nyimpen strum', 100, 'Ganti aki N100 Yuasa', '2024-01-03 01:30:44', '2024-01-03 01:31:30'),
(276, 20, '20240103203', '20240103-20-3', '2024-01-03', 1, 'Supi', 'Service Berkala', 100, 'Service Berkala', '2024-01-03 01:33:59', '2024-01-03 23:14:31'),
(277, 13, '20240104132', '20240104-13-2', '2024-01-04', 1, 'Komarudin', 'Roda FR Kemakan Sebelah', 100, 'Cek Roda FR', '2024-01-03 23:42:32', '2024-01-09 19:59:33'),
(278, 32, '202401043255', '20240104-32-55', '2024-01-04', 1, 'Ali', 'Master kopling bawah rembes', 100, 'Cek master kopling bawah', '2024-01-04 00:08:13', '2024-01-09 20:04:03'),
(279, 33, '202401043326', '20240104-33-26', '2024-01-04', 1, 'Nurdin', 'Service Berkala', 100, 'Service Berkala', '2024-01-04 01:10:34', '2024-01-09 20:06:20'),
(280, 31, '202401053144', '20240105-31-44', '2024-01-04', 1, '-', 'Mobil miring kanan', 100, 'Cek per', '2024-01-04 23:46:44', '2024-01-04 23:51:04'),
(281, 44, '202401054469', '20240105-44-69', '2024-01-05', 1, 'Komarudin', 'Baut As RR LH Patah', 100, 'Cek Roda RR LH', '2024-01-05 02:03:49', '2024-01-09 20:08:50'),
(282, 15, '202401081555', '20240108-15-55', '2024-01-08', 1, 'Supi', 'Air Wiper Kecil', 0, 'Cek Wiper', '2024-01-07 20:22:23', '2024-01-07 20:22:23'),
(283, 58, '202401085865', '20240108-58-65', '2024-01-08', 1, 'Tardi', 'Rem Ngocok', 0, 'Cek Rem', '2024-01-07 20:44:43', '2024-01-07 20:44:43'),
(285, 6, '20240112653', '20240112-6-53', '2024-01-12', 1, 'Supi', 'Roda RR keluar oli, Ban RR RH habis', 70, 'Cek roda RR dan ganti ban RR 2set', '2024-01-12 00:55:19', '2024-01-12 00:57:17'),
(286, 46, '20240115464', '20240115-46-4', '2024-01-15', 1, 'Tardi', 'Ban botak, service berkala, Wing box tidak naik', 100, 'g. Ban, Service Berkala, Pompa Wing Box', '2024-01-14 19:31:40', '2024-01-15 02:34:31'),
(287, 44, '202401154473', '20240115-44-73', '2024-01-15', 1, 'Nurdin', 'Roda Fr Kemakan Sebelah, Service Berkala', 100, 'Cek Roda FR, Service Berkala', '2024-01-14 19:32:23', '2024-01-15 02:40:54'),
(288, 24, '202401152443', '20240115-24-43', '2024-01-15', 1, '-', 'Master Kopling atas Bocor', 100, 'G. master Kopling Atas', '2024-01-14 21:13:43', '2024-01-15 23:47:06'),
(289, 13, '202401161365', '20240116-13-65', '2024-01-16', 1, 'Komarudin', 'Service berkala', 100, 'Service Berkala', '2024-01-15 19:49:47', '2024-01-17 00:57:49'),
(290, 65, '202401166539', '20240116-65-39', '2024-01-11', 1, '-', 'Aki ga kuat starter', 100, 'Cek aki', '2024-01-15 23:50:56', '2024-01-15 23:51:50'),
(291, 25, '202401172567', '20240117-25-67', '2024-01-17', 1, 'Komarudin', 'Bantalan Bak Rapuh', 100, 'Cek Bantalan Bak', '2024-01-16 19:56:20', '2024-01-19 02:03:50'),
(292, 59, '202401175991', '20240117-59-91', '2024-01-17', 1, 'Supi', 'Service Berkala', 100, 'Service Berkala', '2024-01-17 00:58:52', '2024-01-17 20:30:10'),
(294, 31, '202401183118', '20240118-31-18', '2024-01-18', 1, 'Supi', 'Roda FR goyang, Roda RR keluar oli', 100, 'Cek roda FR, Cek roda RR', '2024-01-17 20:31:12', '2024-01-23 00:14:00'),
(295, 1, '20240118181', '20240118-1-81', '2024-01-18', 1, 'Nurdin', 'Service Berkala,\npersneleng Keras, Pedal Kopling Seset,\nRem Tinggi', 100, '-service berkala\n-cek master kopling\n-stel remdepanbelakang', '2024-01-17 21:44:15', '2024-01-18 01:54:28'),
(296, 59, '202401185922', '20240118-59-22', '2024-01-18', 1, 'komar', 'Roda FR goyang, kemakan sebelah', 100, 'Cek roda FR', '2024-01-17 23:15:43', '2024-01-18 20:56:19'),
(297, 19, '202401191941', '20240119-19-41', '2024-01-19', 1, 'Nurdin', 'Baut roda Patah', 100, 'G. Baut Roda', '2024-01-18 19:53:21', '2024-01-19 00:21:47'),
(298, 64, '202401196430', '20240119-64-30', '2024-01-19', 1, 'Tardi', 'Rem Ngocok', 0, 'Cek Rem', '2024-01-19 00:03:15', '2024-01-19 00:03:15'),
(299, 24, '202401222484', '20240122-24-84', '2024-01-22', 1, 'Nurdin', 'Mobil Ngeden', 100, 'Cek Kopling', '2024-01-21 21:10:58', '2024-01-22 20:32:05'),
(300, 8, '20240123859', '20240123-8-59', '2024-01-23', 1, 'Nurdin', 'Roda FR Goyang, Flasher Sein Sering Kebakar, Service berkala, Rem Tinggi', 0, 'Cek Roda Fr, \nService Berkala, \nCek Kelistrikan, \nCek Rem', '2024-01-22 19:13:51', '2024-01-22 19:13:51'),
(301, 10, '202401241064', '20240124-10-64', '2024-01-24', 1, 'Ali', 'Mobil Susah Stater', 100, 'Cek System Stater', '2024-01-24 00:30:25', '2024-01-25 19:20:04'),
(302, 7, '20240125742', '20240125-7-42', '2024-01-25', 1, 'Nurdin', 'Service Berkala', 100, 'Service Berkala', '2024-01-24 20:00:29', '2024-01-25 20:08:46'),
(303, 12, '202401251276', '20240125-12-76', '2024-01-25', 1, 'Komarudin', 'Perisai Lepas Lasan', 0, 'las Perisai', '2024-01-24 21:49:07', '2024-01-24 21:49:07'),
(304, 39, '202401253915', '20240125-39-15', '2024-01-25', 1, 'Komarudin', 'Service Berkala', 100, 'Service Berkala', '2024-01-24 21:49:33', '2024-01-25 23:34:18'),
(305, 65, '202401256520', '20240125-65-20', '2024-01-25', 1, 'Nurdin', 'Rem NGebagel', 100, 'Cek Rem', '2024-01-24 23:45:54', '2024-01-25 23:42:38'),
(306, 21, '202401252198', '20240125-21-98', '2024-01-25', 1, 'Nurdin', 'Master Kopling bawah Bocor', 100, 'Cek Master Koping bawah', '2024-01-24 23:46:40', '2024-01-25 23:44:05'),
(307, 23, '202401262358', '20240126-23-58', '2024-01-26', 1, 'Ali', 'Service Berkala', 100, 'Service Berkala', '2024-01-25 19:08:36', '2024-01-29 00:02:19'),
(308, 11, '20240126114', '20240126-11-4', '2024-01-25', 1, '-', 'Per RR no.1 patah', 100, 'Ganti Per RR', '2024-01-25 20:00:30', '2024-01-25 20:06:12'),
(309, 11, '202401291199', '20240129-11-99', '2024-01-29', 1, 'Nurdin', 'Cek Gardan', 100, 'Cek Gardan', '2024-01-28 21:05:49', '2024-01-29 01:28:29'),
(310, 51, '202401305142', '20240130-51-42', '2024-01-30', 1, 'Tardi', 'Relay Valve/ kura Kura bocor', 100, 'Cek kit relay valve', '2024-01-29 23:59:05', '2024-01-30 00:00:07'),
(311, 4, '20240131480', '20240131-4-80', '2024-01-31', 1, '-', 'Service Berkala', 100, 'Service Berkala', '2024-01-30 19:15:08', '2024-01-31 00:47:13'),
(312, 2, '20240201270', '20240201-2-70', '2024-02-01', 1, 'Supi', 'Service Berkala, \nroda RR L/R Keluar Oli', 100, 'Service Berkala, Cek Rem, Cek Oli Gardan, Cek Radiator', '2024-01-31 21:57:42', '2024-02-04 21:32:08'),
(313, 33, '20240206330', '20240206-33-0', '2024-02-06', 1, 'Komarudin', 'Roda FR Kemakan Sebelah', 100, 'Cek Roda FR', '2024-02-05 19:07:12', '2024-02-05 23:33:32'),
(314, 3, '20240206325', '20240206-3-25', '2024-02-06', 1, 'Supi', 'Service Berkala, Rem FR macet R/L, Rem RR Keluar oli R/L', 100, 'Service Berkala, Cek Rem', '2024-02-05 20:43:34', '2024-02-06 23:53:37');
INSERT INTO `maintenances` (`id`, `unit_id`, `name`, `slug`, `tgl`, `estimate`, `mechanic`, `description`, `progress`, `instruction`, `created_at`, `updated_at`) VALUES
(315, 60, '202402076019', '20240207-60-19', '2024-02-07', 1, 'Komarudin', 'Pintu Tidak Bisa Rapat, Oli Kurang, Stoplamp Mati', 0, 'Cek Pintu, Tambah Oli, Cek Kelistrikan', '2024-02-06 23:40:18', '2024-02-06 23:40:18'),
(316, 5, '20240213592', '20240213-5-92', '2024-02-13', 1, 'Supir', 'Service Berkala', 100, 'Service berkala', '2024-02-12 23:53:02', '2024-02-14 22:47:38'),
(317, 52, '202402135277', '20240213-52-77', '2024-02-12', 1, 'Ali', 'Kaca Pintu RH pecah', 100, 'Ganti Kaca Pintu RH', '2024-02-13 01:01:43', '2024-02-13 01:03:08'),
(318, 15, '202402151527', '20240215-15-27', '2024-02-15', 1, 'Komarudin', 'Service Berkala, Pedal Kopling Tdk Berbalik', 100, 'Cek Master Kopling, Service Berkala', '2024-02-14 22:45:45', '2024-02-15 22:59:45'),
(319, 66, '202402156649', '20240215-66-49', '2024-02-15', 1, 'Supi', 'Service Berkala', 100, 'Service Berkala', '2024-02-14 22:59:22', '2024-02-15 23:00:47'),
(320, 64, '202402166518', '20240216-65-18', '2024-02-16', 1, 'Tardi', 'Roda FR Kemakan Sebelah', 100, 'Cek Roda FR', '2024-02-15 20:40:49', '2024-02-16 02:09:53'),
(321, 59, '20240219598', '20240219-59-8', '2024-02-17', 1, 'Komar', 'Roda RR Keluar oli', 100, 'Cek roda RR', '2024-02-18 20:55:36', '2024-02-19 00:05:29'),
(322, 11, '202402191188', '20240219-11-88', '2024-02-19', 1, 'Komarudin', 'Stoplamp RR Mati', 100, 'Cek Kelistrikan', '2024-02-18 21:05:59', '2024-02-19 01:27:00'),
(323, 61, '202402196136', '20240219-61-36', '2024-02-19', 1, '-', 'Baud Roda RR RH slek, Kunci Roda Patah', 100, 'Ganti Baud roda RR RH, Ganti Kunci Roda', '2024-02-19 01:22:17', '2024-02-19 21:25:00'),
(324, 27, '20240220271', '20240220-27-1', '2024-02-20', 1, 'Ali', 'Gardan Rembes', 100, 'Cek gardan', '2024-02-19 21:23:05', '2024-02-22 20:15:49'),
(325, 14, '20240220149', '20240220-14-9', '2024-02-20', 1, 'Nurdin', 'Gigi 1 s.d 3 tdk bs masuk', 40, 'Cek Kopling Persneling', '2024-02-19 23:53:18', '2024-02-26 01:25:17'),
(326, 65, '202402226586', '20240222-65-86', '2024-02-22', 1, 'Komarudin', 'Rem Macet', 100, 'Cek Rem', '2024-02-21 20:07:42', '2024-02-26 01:00:53'),
(327, 31, '202402223189', '20240222-31-89', '2024-02-22', 1, 'Komarudin', 'Solar Bocor', 0, 'Cek system bahan bakar', '2024-02-21 23:26:14', '2024-02-21 23:26:14'),
(328, 63, '202402236383', '20240223-63-83', '2024-01-25', 1, '-', 'Ban FR botak', 100, 'Ganti ban FR', '2024-02-22 20:04:55', '2024-02-22 20:06:29'),
(329, 56, '202402235646', '20240223-56-46', '2024-02-22', 1, '-', 'Ban RR RH habis', 100, 'Ganti Ban RR ', '2024-02-22 20:10:40', '2024-02-22 20:12:20'),
(330, 32, '202402263246', '20240226-32-46', '2024-02-24', 3, 'Nurdin', 'Pucuk rebung RR LH patah', 100, 'Ganti Pucuk rebung RR LH', '2024-02-26 00:57:31', '2024-02-27 20:21:36'),
(331, 5, '20240226541', '20240226-5-41', '2024-02-26', 1, '-', 'Mobil gak kuat starter', 100, 'Cek aki', '2024-02-26 00:58:41', '2024-02-26 01:04:27'),
(332, 16, '20240227168', '20240227-16-8', '2024-02-27', 1, 'Supi', 'Service Berkala', 100, 'service Berkala', '2024-02-27 00:21:19', '2024-02-27 00:44:30'),
(333, 19, '202402271940', '20240227-19-40', '2024-02-27', 1, '-', 'Tusukan Per depan patah', 100, 'Ganti tusukan per', '2024-02-27 01:10:08', '2024-02-27 01:18:35'),
(334, 59, '202402285947', '20240228-59-47', '2024-02-28', 1, 'Komarudin', 'Stoplamp Jatoh', 0, 'Las Stoplamp', '2024-02-27 19:19:24', '2024-02-27 19:19:24'),
(335, 10, '202402281067', '20240228-10-67', '2024-02-28', 1, 'Nurdin', 'Service Berkala, Pompa solar bocor', 100, 'Service Berkala, Cek pompa solar', '2024-02-28 00:49:07', '2024-03-01 00:12:33'),
(336, 58, '202403015889', '20240301-58-89', '2024-03-01', 1, 'Komarudin', 'Roda RR LH KEluar Oli, \nService Berkala', 100, 'Cek Roda RR LH,\nService Berkala', '2024-02-29 19:13:02', '2024-03-03 20:03:31'),
(337, 45, '202403014566', '20240301-45-66', '2024-03-02', 1, 'Ali', 'Service Berkala, Fanbelt putus, Roda FR kalau di rem goyang', 100, 'Service Berkala, Ganti Fantbelt, Cek roda RR dan FR', '2024-03-01 00:15:22', '2024-03-04 00:38:54'),
(338, 5, '20240304576', '20240304-5-76', '2024-03-04', 1, 'Ali', 'Roda FR LH Goyang', 100, 'Cek Roda FR LH', '2024-03-03 19:27:31', '2024-03-04 00:41:18'),
(339, 51, '20240304519', '20240304-51-9', '2024-03-04', 1, 'Tardi', 'Rem Nyelonong', 0, 'Cek Rem', '2024-03-03 19:28:12', '2024-03-03 19:28:12'),
(340, 10, '20240304106', '20240304-10-6', '2024-02-22', 1, '-', 'Mobil miring', 100, 'Cek per', '2024-03-03 21:06:54', '2024-03-03 21:07:35'),
(341, 9, '20240305962', '20240305-9-62', '2024-03-05', 1, 'Ali', 'Indikator nyala, pompa solar ngempos', 0, 'Cek engine, Cek Pompa Solar', '2024-03-04 20:11:02', '2024-03-04 20:11:02'),
(342, 8, '20240305851', '20240305-8-51', '2024-03-05', 1, 'Nudin', 'Sein Ngedip Tidak Berhenti-berhenti sampai bohlam putus\nService Berkala', 100, 'Service Berkala.\nCek Kelistrikan', '2024-03-04 22:43:46', '2024-03-05 00:19:22'),
(343, 19, '202403051949', '20240305-19-49', '2024-03-05', 1, 'Supi', 'Mobil mrebet', 100, 'Cek system solar', '2024-03-05 00:20:48', '2024-03-05 00:22:21'),
(344, 66, '202403056694', '20240305-66-94', '2024-03-05', 1, 'komar', 'Pedal kopling tidak Berbalik', 100, 'Cek master kopling', '2024-03-05 00:23:16', '2024-03-05 00:25:18'),
(345, 9, '20240306948', '20240306-9-48', '2024-03-06', 1, 'Tardi', 'engine Ngretek', 10, 'Cek Engine', '2024-03-05 19:43:22', '2024-03-13 22:28:41'),
(346, 7, '20240308735', '20240308-7-35', '2024-03-08', 1, 'Komarudin', 'Kelistrikan Kebakar, Service Berkala', 0, 'Cek Kelistrikan, Service Berkala', '2024-03-07 20:06:32', '2024-03-07 20:06:32'),
(347, 56, '202403125622', '20240312-56-22', '2024-03-12', 1, 'Tardi', 'Baud roda RR LH patah', 100, 'Ganti Baud roda', '2024-03-11 19:46:33', '2024-03-11 22:56:09'),
(348, 10, '202403121053', '20240312-10-53', '2024-02-20', 1, '-', 'Mobil miring', 100, 'Cek per', '2024-03-11 21:51:36', '2024-03-11 21:53:39'),
(349, 27, '202403132768', '20240313-27-68', '2024-03-13', 1, 'Komarudin', 'Roda FR LH Oblak', 100, 'Cek Roda FR', '2024-03-12 20:58:50', '2024-03-13 20:53:19'),
(350, 1, '20240313126', '20240313-1-26', '2024-03-13', 1, 'Nurdin', 'Service Berkala, Rem FR RH Bunyi, ', 100, 'Service Berkala, Cek Rem', '2024-03-12 21:17:06', '2024-03-12 23:42:05'),
(351, 4, '20240314465', '20240314-4-65', '2024-03-14', 1, 'Supi', 'Service Berkaa', 100, 'Service Berkaa', '2024-03-13 19:52:11', '2024-03-13 23:45:22'),
(352, 61, '202403146155', '20240314-61-55', '2024-03-14', 1, 'Supi', 'Service Berkala', 100, 'Service Berkala', '2024-03-13 23:48:26', '2024-03-13 23:50:18');

-- --------------------------------------------------------

--
-- Table structure for table `maintenance_parts`
--

CREATE TABLE `maintenance_parts` (
  `id` bigint(20) UNSIGNED NOT NULL,
  `maintenance_id` bigint(20) UNSIGNED NOT NULL,
  `sparepart_id` bigint(20) UNSIGNED NOT NULL,
  `qty` int(11) NOT NULL,
  `description` varchar(255) COLLATE utf8mb4_unicode_ci NOT NULL,
  `created_at` timestamp NULL DEFAULT NULL,
  `updated_at` timestamp NULL DEFAULT NULL,
  `price` int(11) DEFAULT NULL
) ENGINE=InnoDB DEFAULT CHARSET=utf8mb4 COLLATE=utf8mb4_unicode_ci;

--
-- Dumping data for table `maintenance_parts`
--

INSERT INTO `maintenance_parts` (`id`, `maintenance_id`, `sparepart_id`, `qty`, `description`, `created_at`, `updated_at`, `price`) VALUES
(1, 5, 1, 1, '', '2023-07-20 00:47:21', '2023-07-20 00:47:21', NULL),
(2, 5, 2, 1, '', '2023-07-20 00:47:39', '2023-07-20 00:47:39', NULL),
(3, 5, 3, 1, '', '2023-07-20 00:48:22', '2023-07-20 00:48:22', NULL),
(4, 5, 5, 9, '', '2023-07-20 00:48:41', '2023-07-20 00:48:41', NULL),
(5, 5, 4, 1, '', '2023-07-20 00:49:05', '2023-07-20 00:49:05', NULL),
(6, 5, 7, 2, '', '2023-07-20 19:43:27', '2023-07-20 19:43:27', NULL),
(7, 8, 19, 6, '', '2023-07-20 21:54:54', '2023-07-20 21:54:54', NULL),
(8, 10, 18, 2, '', '2023-07-20 23:53:44', '2023-07-20 23:53:44', NULL),
(9, 10, 20, 2, '', '2023-07-20 23:55:03', '2023-07-20 23:55:03', NULL),
(10, 10, 21, 2, '', '2023-07-20 23:55:35', '2023-07-20 23:55:35', NULL),
(11, 11, 20, 2, '3222-6428, 3922-5645', '2023-07-21 00:00:00', '2023-07-21 01:15:47', NULL),
(12, 11, 18, 2, '', '2023-07-21 00:00:23', '2023-07-21 00:00:23', NULL),
(13, 11, 21, 2, '', '2023-07-21 00:00:44', '2023-07-21 00:00:44', NULL),
(14, 9, 5, 10, '', '2023-07-21 00:11:42', '2023-07-21 00:11:42', NULL),
(15, 7, 4, 1, '', '2023-07-21 00:46:27', '2023-07-21 00:46:27', NULL),
(16, 9, 24, 1, 'Sakura', '2023-07-21 02:00:19', '2023-07-21 02:00:19', NULL),
(17, 9, 25, 1, 'Sakura', '2023-07-21 02:05:37', '2023-07-21 02:05:37', NULL),
(18, 7, 7, 2, 'Kampas Rem Depan Kiri Kanan', '2023-07-21 20:06:18', '2023-07-21 20:06:18', NULL),
(19, 17, 30, 2, '-', '2023-07-23 22:00:53', '2023-07-23 22:00:53', NULL),
(20, 18, 18, 2, 'Y14 85223, Z16 91227/ Goodyear HD', '2023-07-23 22:05:03', '2023-07-23 22:05:03', NULL),
(21, 18, 20, 2, 'GT 750-16', '2023-07-23 22:05:25', '2023-07-23 22:05:25', NULL),
(22, 18, 21, 2, 'GT R16', '2023-07-23 22:05:47', '2023-07-23 22:05:47', NULL),
(23, 19, 18, 2, 'Y15 87783, Z15 88443/Goodyear HD', '2023-07-23 22:07:31', '2023-07-26 00:50:10', 1350000),
(24, 19, 20, 2, 'GT 750-16', '2023-07-23 22:07:47', '2023-07-26 00:50:17', 190000),
(25, 19, 21, 2, 'GT R16', '2023-07-23 22:08:04', '2023-07-26 00:50:24', 50000),
(26, 17, 19, 2, '233164559,2331464655/ Road X', '2023-07-23 22:13:58', '2023-07-23 22:13:58', NULL),
(27, 21, 27, 1, 'Hop', '2023-07-23 23:48:48', '2023-07-25 02:35:06', 1200000),
(28, 16, 1, 1, 'Sakura', '2023-07-24 00:35:40', '2023-07-24 00:35:40', NULL),
(29, 16, 2, 1, 'Sakura', '2023-07-24 00:35:54', '2023-07-24 00:35:54', NULL),
(30, 16, 3, 1, 'Sakura', '2023-07-24 00:36:10', '2023-07-24 00:36:10', NULL),
(31, 16, 5, 10, 'Sinlube', '2023-07-24 00:36:42', '2023-07-24 00:36:42', NULL),
(32, 20, 1, 1, 'Sakura', '2023-07-24 00:37:13', '2023-07-25 02:33:03', 65000),
(33, 20, 2, 1, 'Sakura', '2023-07-24 00:37:56', '2023-07-25 02:33:09', 27500),
(34, 20, 3, 1, 'Sakura', '2023-07-24 00:38:14', '2023-07-25 02:33:39', 20000),
(35, 20, 5, 10, 'Sinlube', '2023-07-24 00:38:51', '2023-07-25 02:33:44', 32000),
(36, 25, 31, 1, 'Pantek nikki', '2023-07-24 20:09:23', '2023-07-26 00:49:07', 525000),
(37, 25, 32, 1, 'NSK', '2023-07-24 20:13:48', '2023-07-25 02:06:26', 300000),
(40, 24, 5, 10, 'Sinlube', '2023-07-25 00:29:29', '2023-07-26 00:49:27', 32000),
(41, 24, 1, 1, 'Sakura', '2023-07-25 00:30:03', '2023-07-26 00:49:33', 65000),
(42, 24, 2, 1, 'Sakura', '2023-07-25 00:30:25', '2023-07-26 00:49:43', 27500),
(43, 27, 10, 1, 'Hop', '2023-07-25 02:07:31', '2023-07-25 02:07:31', 300000),
(44, 20, 4, 1, '-', '2023-07-25 02:12:13', '2023-07-25 02:33:16', 550000),
(46, 28, 5, 9, 'Sinlube', '2023-07-27 00:04:41', '2023-07-27 00:04:41', 32000),
(47, 28, 1, 1, 'Sakura', '2023-07-27 00:04:58', '2023-07-27 00:04:58', 65000),
(48, 28, 2, 1, 'Sakura', '2023-07-27 00:05:15', '2023-07-27 00:05:15', 27500),
(49, 28, 3, 1, 'Sakura', '2023-07-27 00:05:31', '2023-07-27 00:05:31', 20000),
(50, 28, 4, 1, 'National', '2023-07-27 00:05:55', '2023-07-27 00:05:55', 550000),
(51, 28, 7, 1, 'RCA', '2023-07-27 00:06:38', '2023-07-27 00:06:38', 110000),
(52, 28, 42, 1, '-', '2023-07-27 00:10:12', '2023-07-27 00:10:12', 650000),
(53, 28, 43, 4, '-', '2023-07-27 00:14:21', '2023-07-27 00:14:21', 8500),
(54, 28, 44, 1, 'FUSO', '2023-07-27 00:18:01', '2023-07-27 00:18:01', 52500),
(55, 26, 9, 2, '-', '2023-07-27 00:23:05', '2023-07-27 00:23:05', 20000),
(56, 26, 8, 1, '-', '2023-07-27 00:23:19', '2023-07-27 00:23:19', 2500),
(57, 24, 7, 1, 'RCA', '2023-07-27 00:24:24', '2023-07-27 00:24:39', 110000),
(58, 24, 37, 1, '33210 Koyo', '2023-07-27 00:25:16', '2023-07-27 00:25:16', 280000),
(59, 24, 36, 2, '32207 Koyo', '2023-07-27 00:25:44', '2023-07-27 00:25:44', 95000),
(60, 32, 7, 1, 'RCA', '2023-07-30 21:57:13', '2023-07-30 21:57:13', 110000),
(61, 30, 46, 1, 'Bantalan Bak', '2023-07-31 00:00:28', '2023-07-31 00:00:28', 145000),
(62, 30, 58, 5, '-', '2023-07-31 00:58:13', '2023-07-31 00:58:13', 55000),
(63, 30, 5, 2, '-', '2023-07-31 00:58:49', '2023-07-31 00:58:49', 32000),
(64, 32, 41, 1, '-', '2023-07-31 01:04:23', '2023-07-31 01:04:23', 40000),
(65, 32, 44, 1, 'FUSO', '2023-07-31 01:04:54', '2023-07-31 01:04:54', 52500),
(66, 32, 43, 4, 'Seiken', '2023-07-31 01:05:36', '2023-07-31 01:05:36', 8500),
(67, 33, 5, 9, '-', '2023-07-31 01:13:52', '2023-07-31 01:13:52', 32000),
(68, 33, 1, 1, 'Sakura', '2023-07-31 01:14:07', '2023-07-31 01:14:07', 65000),
(69, 33, 2, 1, 'Sakura', '2023-07-31 01:14:24', '2023-07-31 01:14:24', 27500),
(70, 33, 3, 1, 'Sakura', '2023-07-31 01:14:43', '2023-07-31 01:14:43', 20000),
(71, 33, 46, 2, '-', '2023-07-31 01:15:14', '2023-07-31 01:15:14', 145000),
(72, 33, 58, 4, 'IBK', '2023-07-31 01:15:38', '2023-07-31 01:15:38', 55000),
(74, 33, 51, 2, 'Stanley', '2023-07-31 01:19:27', '2023-07-31 01:19:27', 3000),
(75, 33, 52, 2, 'Stanley', '2023-07-31 01:19:49', '2023-07-31 01:19:49', 2750),
(76, 35, 2, 1, 'Sakura', '2023-07-31 20:18:47', '2023-07-31 20:18:47', 27500),
(77, 35, 3, 1, 'Sakura', '2023-07-31 20:19:03', '2023-07-31 20:19:03', 20000),
(78, 35, 60, 1, 'Sakura', '2023-07-31 20:24:12', '2023-07-31 20:24:12', 95000),
(79, 37, 60, 1, 'Sakura', '2023-07-31 21:36:36', '2023-07-31 21:36:36', 95000),
(86, 39, 1, 1, 'Sakura', '2023-08-01 00:04:25', '2023-08-01 00:04:25', 65000),
(87, 39, 2, 1, 'Sakura', '2023-08-01 00:04:39', '2023-08-01 00:04:39', 27500),
(88, 39, 3, 1, 'Sakura', '2023-08-01 00:04:55', '2023-08-01 00:04:55', 20000),
(89, 39, 5, 9, 'Sinlube', '2023-08-01 00:05:17', '2023-08-01 00:05:17', 32000),
(92, 37, 5, 2, 'Sinlube', '2023-08-01 00:17:15', '2023-08-01 00:17:15', 32000),
(93, 40, 43, 4, 'Seiken', '2023-08-01 23:49:42', '2023-08-01 23:49:42', 8500),
(94, 40, 41, 1, '-', '2023-08-01 23:53:07', '2023-08-01 23:53:07', 40000),
(95, 40, 44, 1, 'FUSO', '2023-08-01 23:53:42', '2023-08-01 23:53:42', 52500),
(96, 40, 29, 2, 'HWC', '2023-08-01 23:54:32', '2023-08-01 23:54:32', 60000),
(97, 40, 59, 2, 'Seiken', '2023-08-01 23:55:10', '2023-08-01 23:55:10', 4500),
(98, 42, 1, 1, 'Sakura', '2023-08-02 23:30:47', '2023-08-02 23:30:47', 65000),
(99, 42, 2, 1, 'Sakura', '2023-08-02 23:31:02', '2023-08-02 23:31:02', 27500),
(100, 42, 3, 1, 'Sakura', '2023-08-02 23:31:17', '2023-08-02 23:31:17', 20000),
(101, 42, 5, 9, 'Sinlube', '2023-08-02 23:31:49', '2023-08-02 23:31:49', 32000),
(102, 42, 46, 2, '-', '2023-08-02 23:32:09', '2023-08-02 23:32:09', 145000),
(103, 42, 63, 1, 'TR04-FDL A', '2023-08-02 23:39:35', '2023-08-02 23:39:35', 575000),
(104, 43, 15, 2, '-', '2023-08-03 23:20:52', '2023-08-03 23:20:52', 150000),
(105, 43, 45, 1, 'Rotary', '2023-08-03 23:21:16', '2023-08-03 23:21:16', 17050),
(106, 43, 44, 1, 'FUSO', '2023-08-03 23:21:43', '2023-08-03 23:21:43', 52500),
(110, 45, 1, 1, 'Sakura', '2023-08-06 20:46:23', '2023-08-06 20:46:23', 65000),
(111, 45, 3, 1, 'Sakura', '2023-08-06 20:46:44', '2023-08-06 20:46:44', 20000),
(112, 45, 5, 9, 'Sinlube', '2023-08-06 20:47:34', '2023-08-06 20:47:34', 32000),
(113, 45, 14, 1, 'Seiken', '2023-08-06 20:48:07', '2023-08-06 20:48:07', 50000),
(114, 45, 44, 1, 'FUSO', '2023-08-06 20:48:31', '2023-08-06 20:48:31', 52500),
(115, 47, 18, 2, 'Goodyear HD', '2023-08-06 23:33:14', '2023-08-06 23:33:14', 1350000),
(116, 47, 20, 2, 'GT 750-16', '2023-08-06 23:33:32', '2023-08-06 23:33:32', 190000),
(117, 47, 21, 2, 'GT R16', '2023-08-06 23:33:55', '2023-08-06 23:33:55', 50000),
(118, 46, 31, 1, '525000', '2023-08-06 23:35:13', '2023-08-06 23:35:13', 525000),
(119, 46, 10, 1, 'Hop', '2023-08-06 23:35:32', '2023-08-06 23:35:32', 700000),
(120, 46, 32, 1, 'NSK', '2023-08-06 23:36:17', '2023-08-06 23:36:17', 300000),
(121, 48, 48, 1, 'SH', '2023-08-07 01:43:04', '2023-08-07 01:43:04', 90000),
(129, 50, 49, 1, 'Koyo', '2023-08-08 01:22:06', '2023-08-08 01:22:06', 165000),
(130, 52, 71, 3, '65000', '2023-08-08 23:11:54', '2023-08-08 23:11:54', 65000),
(131, 53, 1, 1, 'Sakura', '2023-08-08 23:52:59', '2023-08-08 23:52:59', 65000),
(132, 53, 2, 1, 'Sakura', '2023-08-08 23:53:17', '2023-08-08 23:53:17', 27500),
(133, 53, 3, 1, 'Sakura', '2023-08-08 23:53:34', '2023-08-08 23:53:34', 20000),
(134, 53, 5, 9, 'Sinlube', '2023-08-08 23:53:52', '2023-08-08 23:53:52', 32000),
(135, 52, 66, 1, '325000', '2023-08-08 23:55:21', '2023-08-08 23:55:21', 325000),
(141, 57, 1, 1, 'Sakura', '2023-08-10 01:04:42', '2023-08-10 01:04:42', 65000),
(142, 57, 2, 1, 'Sakura', '2023-08-10 01:04:57', '2023-08-10 01:04:57', 27500),
(143, 57, 3, 1, 'Sakura', '2023-08-10 01:05:13', '2023-08-10 01:05:13', 20000),
(144, 57, 5, 9, 'Sinlube', '2023-08-10 01:05:30', '2023-08-10 01:05:30', 32000),
(145, 58, 18, 6, 'X04-23524,23525,23641,X05-26012,X10-34930,Z08-34636', '2023-08-14 21:57:11', '2023-08-14 21:57:11', 1350000),
(146, 58, 20, 6, 'GT 750-16', '2023-08-14 21:57:32', '2023-08-14 21:57:32', 190000),
(147, 58, 21, 6, 'GT R16', '2023-08-14 21:58:05', '2023-08-14 21:58:05', 50000),
(148, 60, 27, 1, 'Hop', '2023-08-14 23:13:00', '2023-08-14 23:13:00', 1200000),
(149, 60, 5, 5, 'Sinlube', '2023-08-14 23:13:19', '2023-08-14 23:13:19', 32000),
(150, 60, 8, 2, '-', '2023-08-14 23:20:13', '2023-08-14 23:20:13', 2500),
(152, 60, 18, 6, 'Goodyear HD', '2023-08-15 21:03:01', '2023-08-15 21:03:01', 1350000),
(153, 60, 20, 6, 'GT 750-16', '2023-08-15 21:03:25', '2023-08-15 21:03:25', 190000),
(154, 60, 21, 6, 'GT R16', '2023-08-15 21:03:43', '2023-08-15 21:03:43', 50000),
(156, 69, 5, 9, 'Sinlube', '2023-08-18 21:30:20', '2023-08-18 21:30:20', 32000),
(159, 67, 44, 1, 'FUSO', '2023-08-18 21:33:57', '2023-08-18 21:33:57', 52500),
(160, 74, 3, 1, '000', '2023-08-24 01:56:32', '2023-08-24 01:56:32', 20000),
(162, 74, 2, 1, '000', '2023-08-24 02:07:05', '2023-08-24 02:07:05', 27500),
(163, 76, 2, 1, '-', '2023-08-25 23:10:57', '2023-08-25 23:10:57', 27500),
(164, 76, 3, 1, '-', '2023-08-25 23:11:09', '2023-08-25 23:11:09', 20000),
(165, 76, 1, 1, '-', '2023-08-25 23:11:22', '2023-08-25 23:11:22', 65000),
(166, 76, 5, 9, '-', '2023-08-25 23:11:37', '2023-08-25 23:11:37', 32000),
(167, 69, 88, 1, 'Sakura C-1012', '2023-08-30 00:53:04', '2023-08-30 00:53:04', 75000),
(170, 72, 5, 14, '-', '2023-08-30 01:03:11', '2023-08-30 01:03:11', 32000),
(171, 72, 12, 1, '-', '2023-08-30 01:03:30', '2023-08-30 01:03:30', 85000),
(172, 72, 99, 1, 'sakura', '2023-08-30 01:04:16', '2023-08-30 01:04:16', 100000),
(173, 72, 100, 4, 'HWC', '2023-08-30 01:04:36', '2023-08-30 01:04:36', 45000),
(174, 72, 101, 1, '-', '2023-08-30 01:04:56', '2023-08-30 01:04:56', 375000),
(175, 72, 102, 1, 'Sakura', '2023-08-30 01:05:16', '2023-08-30 01:05:16', 250000),
(176, 74, 1, 1, 'Sakura', '2023-08-30 01:06:28', '2023-08-30 01:06:28', 65000),
(177, 74, 5, 5, '-', '2023-08-30 01:07:41', '2023-08-30 01:07:41', 32000),
(178, 74, 5, 9, 'XP HD 15W/40', '2023-08-30 01:08:18', '2023-08-30 01:08:18', 32000),
(179, 78, 40, 1, '-', '2023-08-30 01:11:04', '2023-08-30 01:11:04', 30000),
(180, 78, 79, 1, '-', '2023-08-30 01:11:56', '2023-08-30 01:11:56', 40000),
(181, 80, 45, 1, '-', '2023-08-30 01:15:29', '2023-08-30 01:15:29', 17050),
(182, 80, 44, 1, 'FUSO', '2023-08-30 01:15:56', '2023-08-30 01:15:56', 52500),
(183, 80, 59, 2, 'Seiken', '2023-08-30 01:16:41', '2023-08-30 01:16:41', 4500),
(184, 80, 14, 1, 'Seiken', '2023-08-30 01:17:09', '2023-08-30 01:17:09', 50000),
(185, 80, 107, 2, 'Seiken', '2023-08-30 01:29:57', '2023-08-30 01:29:57', 10000),
(186, 80, 106, 2, 'sanyco', '2023-08-30 01:33:26', '2023-08-30 01:33:26', 325000),
(187, 81, 44, 1, 'FUSO', '2023-08-30 01:35:53', '2023-08-30 01:35:53', 52500),
(189, 82, 20, 2, 'GT 750-16', '2023-08-30 21:29:54', '2023-08-30 21:29:54', 190000),
(191, 82, 18, 2, '3123-7997,3123-3502/GT HD', '2023-08-30 21:33:25', '2023-08-30 21:33:25', 1475000),
(192, 82, 21, 2, 'KRC', '2023-08-30 21:33:51', '2023-08-30 21:33:51', 45000),
(193, 84, 5, 9, '-', '2023-09-07 00:39:19', '2023-09-07 00:39:19', 32000),
(194, 84, 1, 1, '-', '2023-09-07 00:39:42', '2023-09-07 00:39:42', 65000),
(195, 84, 2, 1, '-', '2023-09-07 00:40:00', '2023-09-07 00:40:00', 27500),
(196, 84, 3, 1, '-', '2023-09-07 00:40:20', '2023-09-07 00:40:20', 20000),
(197, 83, 1, 1, '-', '2023-09-07 00:42:25', '2023-09-07 00:42:25', 65000),
(198, 83, 2, 1, '-', '2023-09-07 00:42:35', '2023-09-07 00:42:35', 27500),
(199, 83, 3, 1, '-', '2023-09-07 00:42:57', '2023-09-07 00:42:57', 20000),
(200, 83, 5, 9, '-', '2023-09-07 00:43:11', '2023-09-07 00:43:11', 32000),
(201, 83, 79, 1, '-', '2023-09-07 00:44:09', '2023-09-07 00:44:09', 40000),
(203, 85, 7, 1, 'R', '2023-09-07 00:47:21', '2023-09-07 00:47:21', 110000),
(204, 85, 37, 1, '33', '2023-09-07 00:47:55', '2023-09-07 00:47:55', 280000),
(205, 85, 36, 1, '32207 Koyo', '2023-09-07 00:48:22', '2023-09-07 00:48:22', 95000),
(206, 85, 44, 1, 'FUSO', '2023-09-07 00:48:50', '2023-09-07 00:48:50', 52500),
(207, 85, 45, 1, 'Rotary', '2023-09-07 00:49:11', '2023-09-07 00:49:11', 17050),
(208, 85, 59, 2, 'Seiken', '2023-09-07 00:49:38', '2023-09-07 00:49:38', 4500),
(209, 85, 43, 2, 'Seiken', '2023-09-07 00:50:11', '2023-09-07 00:50:11', 8500),
(210, 85, 78, 1, 'Mitsuwa', '2023-09-07 00:50:41', '2023-09-07 00:50:41', 1050000),
(211, 86, 18, 6, 'Y05-75174,74784,X04-72733,Z08-79963,Y02-69055,Y08-79622', '2023-09-07 02:47:20', '2023-09-07 02:47:20', 1350000),
(212, 86, 20, 6, 'GT 750-16', '2023-09-07 02:47:34', '2023-09-07 02:47:34', 190000),
(213, 86, 21, 6, 'GT R', '2023-09-07 02:47:53', '2023-09-07 02:47:53', 50000),
(214, 87, 110, 6, '2923-2274,6404,7391,1271,5593,1790', '2023-09-07 02:50:16', '2023-09-07 02:50:16', 1475000),
(215, 87, 20, 6, 'GT 750-16', '2023-09-07 02:50:40', '2023-09-07 02:50:40', 190000),
(216, 87, 21, 6, 'GT R', '2023-09-07 02:51:23', '2023-09-07 02:51:23', 50000),
(218, 91, 99, 1, 'Sakura', '2023-09-11 01:46:36', '2023-09-11 01:46:36', 100000),
(222, 91, 19, 6, 'GY-3904,8385,9788,9851, GT-8579,4857/ Jadi-AA3', '2023-09-11 01:51:22', '2023-09-11 01:51:22', 1730000),
(223, 91, 112, 20, '-', '2023-09-11 01:56:24', '2023-09-11 01:56:24', 30000),
(224, 91, 5, 14, '-', '2023-09-11 01:56:38', '2023-09-11 01:56:38', 32000),
(225, 91, 12, 1, 'Hop', '2023-09-11 01:56:58', '2023-09-11 01:56:58', 85000),
(226, 91, 2, 1, 'Sakura', '2023-09-11 01:57:14', '2023-09-11 01:57:14', 27500),
(227, 91, 22, 4, 'KRC 900-20', '2023-09-11 01:59:43', '2023-09-11 01:59:43', 245000),
(228, 91, 23, 4, 'KRC R20', '2023-09-11 01:59:58', '2023-09-11 01:59:58', 80000),
(229, 93, 113, 4, 'Go save 8M', '2023-09-12 01:47:45', '2023-09-12 01:47:45', 175000),
(230, 92, 112, 5, 'Hi Power Engo 40CC', '2023-09-12 01:50:00', '2023-09-12 01:50:00', 30000),
(231, 92, 1, 1, 'Sakura C-1318', '2023-09-12 01:50:29', '2023-09-12 01:50:29', 65000),
(232, 92, 5, 9, 'Sinlube XP HD', '2023-09-12 01:50:57', '2023-09-12 01:50:57', 32000),
(233, 92, 8, 1, '-', '2023-09-12 01:51:10', '2023-09-12 01:51:10', 2500),
(234, 92, 43, 4, 'Seiken', '2023-09-12 01:51:32', '2023-09-12 01:51:32', 8500),
(235, 92, 45, 2, 'Rotary', '2023-09-12 01:52:03', '2023-09-12 01:52:03', 17050),
(236, 92, 44, 1, 'FUSO', '2023-09-12 01:52:23', '2023-09-12 01:52:23', 52500),
(237, 92, 41, 1, '-', '2023-09-12 01:52:48', '2023-09-12 01:52:48', 40000),
(238, 92, 59, 2, 'Seiken', '2023-09-12 01:53:31', '2023-09-12 01:53:31', 4500),
(239, 93, 55, 1, '-', '2023-09-12 01:54:16', '2023-09-12 01:54:16', 325000),
(240, 93, 117, 1, 'Yuasa N100 ', '2023-09-12 23:17:48', '2023-09-12 23:17:48', 1315000),
(242, 94, 5, 9, 'Sinlube ', '2023-09-12 23:19:38', '2023-09-12 23:19:38', 32000),
(243, 94, 50, 1, '8190-32010', '2023-09-12 23:20:27', '2023-09-12 23:20:27', 90000),
(244, 94, 112, 5, '-', '2023-09-12 23:21:52', '2023-09-12 23:21:52', 30000),
(245, 94, 1, 1, 'Sakura C-1318', '2023-09-12 23:24:02', '2023-09-12 23:24:02', 65000),
(246, 94, 51, 2, '-', '2023-09-12 23:25:03', '2023-09-12 23:25:03', 3000),
(247, 95, 1, 1, 'Sakura C-1318', '2023-09-12 23:27:02', '2023-09-12 23:27:02', 65000),
(248, 95, 2, 1, 'Sakura FC-1301', '2023-09-12 23:27:24', '2023-09-12 23:27:24', 27500),
(249, 95, 3, 1, 'Sakura F-1002', '2023-09-12 23:27:40', '2023-09-12 23:27:40', 20000),
(250, 95, 5, 9, 'XP', '2023-09-13 02:39:33', '2023-09-13 02:39:33', 32000),
(251, 95, 112, 5, '-', '2023-09-13 02:39:59', '2023-09-13 02:39:59', 30000),
(252, 96, 1, 1, 'Sakura C-1318', '2023-09-13 02:41:35', '2023-09-13 02:41:35', 65000),
(253, 96, 2, 1, 'Sakura FC-1301', '2023-09-13 02:41:58', '2023-09-13 02:41:58', 27500),
(254, 96, 3, 1, 'F-1002', '2023-09-13 02:42:32', '2023-09-13 02:42:32', 20000),
(255, 96, 5, 9, 'Sinlube', '2023-09-13 02:42:55', '2023-09-13 02:42:55', 32000),
(256, 96, 112, 5, '-', '2023-09-13 02:43:10', '2023-09-13 02:43:10', 30000),
(257, 96, 113, 1, 'Go save 8M', '2023-09-13 02:43:31', '2023-09-13 02:43:31', 175000),
(258, 98, 12, 1, 'HOP JAC70', '2023-09-14 00:18:42', '2023-09-14 00:18:42', 85000),
(259, 98, 2, 1, 'Sakura FC-1301', '2023-09-14 00:19:03', '2023-09-14 00:19:03', 27500),
(260, 98, 5, 14, 'XP HD 15W/40', '2023-09-14 00:19:29', '2023-09-14 00:19:29', 32000),
(261, 98, 112, 10, '-', '2023-09-14 00:19:46', '2023-09-14 00:19:46', 30000),
(262, 98, 99, 1, 'sakura C-1316', '2023-09-14 00:21:54', '2023-09-14 00:21:54', 100000),
(263, 98, 19, 2, '28741-1019,27310-1019/ INV/Jadi', '2023-09-14 00:23:07', '2023-09-14 00:23:07', 1500000),
(264, 99, 1, 1, 'HOP', '2023-09-14 00:35:57', '2023-09-14 00:35:57', 85000),
(265, 99, 2, 1, 'Hop', '2023-09-14 00:36:17', '2023-09-14 00:36:17', 50000),
(266, 99, 3, 1, 'sakura F-1002', '2023-09-14 00:36:36', '2023-09-14 00:36:36', 30000),
(267, 99, 5, 9, 'XP HD 15W/40', '2023-09-14 00:37:29', '2023-09-14 00:37:29', 32000),
(268, 99, 112, 5, '-', '2023-09-14 00:37:44', '2023-09-14 00:37:44', 30000),
(270, 98, 19, 1, '24E-0420/BS/Jadi', '2023-09-14 23:15:45', '2023-09-14 23:15:45', 1530000),
(271, 100, 31, 1, '-', '2023-09-15 01:52:39', '2023-09-15 01:52:39', 525000),
(272, 100, 32, 1, 'NSK 3803RA', '2023-09-15 01:53:40', '2023-09-15 01:53:40', 300000),
(273, 100, 10, 1, 'HOP 31210-LAA50', '2023-09-15 01:54:46', '2023-09-15 01:54:46', 700000),
(274, 101, 5, 9, 'XP', '2023-09-15 01:57:00', '2023-09-15 01:57:00', 32000),
(275, 101, 3, 1, 'F-1002', '2023-09-15 01:57:18', '2023-09-15 01:57:18', 20000),
(276, 103, 1, 1, '-', '2023-09-18 01:44:21', '2023-09-18 01:44:21', 65000),
(277, 103, 2, 1, 'Hop', '2023-09-18 01:44:36', '2023-09-18 01:54:32', 27500),
(278, 103, 5, 9, '-', '2023-09-18 01:44:57', '2023-09-18 01:44:57', 32000),
(279, 103, 3, 1, 'Hop', '2023-09-18 01:45:26', '2023-09-18 01:45:26', 20000),
(280, 103, 60, 1, 'Sakura', '2023-09-18 01:57:19', '2023-09-18 01:57:19', 90000),
(281, 97, 67, 1, '-', '2023-09-18 01:59:25', '2023-09-18 01:59:25', 37500),
(282, 114, 20, 2, 'GT 750-16', '2023-09-21 00:40:42', '2023-09-21 00:40:42', 190000),
(283, 114, 21, 2, 'GT R16', '2023-09-21 00:41:03', '2023-09-21 00:41:03', 50000),
(284, 114, 18, 2, '3523-0270,3523-1074/ GT HD', '2023-09-21 00:42:05', '2023-09-21 00:42:05', 1475000),
(285, 114, 55, 1, '-', '2023-09-21 00:42:34', '2023-09-21 00:42:34', 325000),
(286, 115, 18, 2, '0323-3824,2123-9349/ GT HD', '2023-09-21 00:44:30', '2023-09-21 00:44:30', 1475000),
(287, 115, 20, 2, 'GT 750-16', '2023-09-21 00:44:51', '2023-09-21 00:44:51', 190000),
(288, 115, 21, 2, 'GT R16', '2023-09-21 00:45:10', '2023-09-21 00:45:10', 50000),
(289, 104, 5, 9, 'XP HD 15W/40', '2023-09-21 00:59:40', '2023-09-21 00:59:40', 32000),
(290, 104, 122, 1, 'HOP ', '2023-09-21 01:00:33', '2023-09-21 01:01:18', 95000),
(291, 104, 123, 1, 'Hop ', '2023-09-21 01:01:06', '2023-09-21 01:01:06', 45000),
(292, 104, 112, 5, '-', '2023-09-21 01:01:53', '2023-09-21 01:01:53', 30000),
(293, 116, 49, 1, 'NTN 32211', '2023-09-25 01:00:45', '2023-09-25 01:00:45', 165000),
(294, 117, 5, 9, 'Oli Mesin', '2023-09-26 00:56:27', '2023-09-26 00:56:27', 32000),
(295, 117, 1, 1, '-', '2023-09-26 00:56:52', '2023-09-26 00:56:52', 65000),
(296, 117, 2, 1, '-', '2023-09-26 00:57:03', '2023-09-26 00:57:03', 27500),
(297, 117, 3, 1, '-', '2023-09-26 00:57:21', '2023-09-26 00:57:21', 20000),
(298, 119, 122, 1, '-', '2023-09-26 01:01:20', '2023-09-26 02:14:42', 95000),
(299, 119, 123, 1, '-', '2023-09-26 01:01:29', '2023-09-26 02:14:59', 45000),
(300, 119, 120, 1, '-', '2023-09-26 01:01:46', '2023-09-26 02:15:10', 100000),
(301, 119, 5, 5, 'Oli Mesin Sinlube 10', '2023-09-26 01:02:13', '2023-09-26 02:15:42', 32000),
(302, 118, 127, 6, 'Sinlube Nebulla HD140', '2023-09-26 02:07:54', '2023-09-26 02:07:54', 47000),
(303, 118, 40, 1, '-', '2023-09-26 02:08:18', '2023-09-26 02:08:18', 30000),
(304, 120, 127, 5, 'Sinlube Nebulla HD140', '2023-09-26 02:09:35', '2023-09-26 02:09:35', 47000),
(305, 120, 8, 2, '-', '2023-09-26 02:09:48', '2023-09-26 02:09:48', 2500),
(306, 120, 40, 1, '-', '2023-09-26 02:10:14', '2023-09-26 02:10:14', 30000),
(307, 120, 41, 1, '-', '2023-09-26 02:10:34', '2023-09-26 02:10:34', 40000),
(308, 120, 43, 8, '-', '2023-09-26 02:10:53', '2023-09-26 02:10:53', 8500),
(309, 120, 45, 2, 'Rotary', '2023-09-26 02:11:14', '2023-09-26 02:11:14', 17050),
(310, 120, 44, 1, 'FUSO', '2023-09-26 02:11:35', '2023-09-26 02:11:35', 52500),
(311, 120, 59, 4, '-', '2023-09-26 02:12:44', '2023-09-26 02:12:44', 4500),
(312, 119, 5, 10, 'Sinlube 40CF/SF', '2023-09-26 02:16:27', '2023-09-26 02:16:27', 32000),
(313, 119, 50, 1, 'Hino 81980-32010', '2023-09-26 02:17:06', '2023-09-26 02:17:06', 90000),
(314, 119, 8, 1, '-', '2023-09-26 02:17:48', '2023-09-26 02:17:48', 2500),
(315, 119, 130, 2, '-', '2023-09-26 02:19:19', '2023-09-26 02:19:19', 10000),
(316, 120, 50, 1, 'Hino 81980-32010', '2023-09-26 02:21:02', '2023-09-26 02:21:02', 90000),
(317, 121, 5, 15, 'Sinlube XP HD 15W/40', '2023-09-29 21:41:44', '2023-09-29 21:41:44', 32000),
(318, 121, 22, 4, 'KRC-900-20', '2023-09-29 21:42:14', '2023-09-29 21:42:14', 245000),
(319, 121, 70, 1, 'Denso', '2023-09-29 21:43:16', '2023-09-29 21:43:16', 215000),
(320, 121, 112, 10, '-', '2023-09-29 21:45:44', '2023-09-29 21:45:44', 30000),
(321, 121, 19, 3, 'BS 0661-0054,1379-0127,0076-0187', '2023-09-29 21:47:18', '2023-09-29 21:47:18', 1530000),
(322, 121, 123, 1, 'Hop', '2023-09-29 21:48:09', '2023-09-29 21:48:09', 45000),
(323, 121, 99, 1, 'sakura C-1316', '2023-09-29 21:48:46', '2023-09-29 21:48:46', 100000),
(324, 121, 3, 1, 'HOP JAC70', '2023-09-29 21:50:15', '2023-09-29 21:50:15', 85000),
(325, 121, 19, 2, 'BS 5048-4768,3879-4769/A1/Kleman', '2023-09-29 21:52:53', '2023-09-29 21:52:53', 1200000),
(326, 121, 19, 1, 'BS 0558-0185/Jadi CA3', '2023-09-29 21:54:52', '2023-09-29 21:54:52', 1200000),
(327, 122, 112, 5, '-', '2023-09-29 22:01:48', '2023-09-29 22:01:48', 30000),
(328, 122, 5, 10, 'Sinlube XP ', '2023-09-29 22:02:20', '2023-09-29 22:02:20', 28828),
(329, 122, 120, 1, 'Hop ', '2023-09-29 22:03:23', '2023-09-29 22:03:23', 100000),
(330, 122, 123, 1, 'Hop', '2023-09-29 22:04:05', '2023-09-29 22:04:05', 45000),
(332, 122, 122, 1, 'Hop', '2023-09-29 22:05:24', '2023-09-29 22:05:24', 95000),
(333, 122, 50, 1, 'Hino 81980-32010', '2023-09-29 22:06:06', '2023-09-29 22:06:06', 90000),
(334, 122, 60, 1, 'Jimco ', '2023-09-29 22:06:38', '2023-09-29 22:06:38', 95000),
(335, 122, 71, 2, '-', '2023-09-29 22:09:24', '2023-09-29 22:09:24', 65000),
(336, 126, 31, 1, '-', '2023-09-29 22:10:20', '2023-09-29 22:10:20', 525000),
(337, 126, 32, 1, '-', '2023-09-29 22:11:46', '2023-09-29 22:11:46', 300000),
(338, 130, 165, 1, 'Asahi', '2023-10-01 20:56:27', '2023-10-01 20:56:27', 1100000),
(339, 131, 46, 2, '-', '2023-10-03 00:49:08', '2023-10-03 00:49:08', 145000),
(340, 131, 58, 4, '-', '2023-10-03 00:52:29', '2023-10-03 00:52:29', 65000),
(341, 132, 5, 9, 'Sinlube XP HD 15W/40', '2023-10-03 00:54:12', '2023-10-03 00:54:12', 32000),
(342, 132, 112, 5, '-', '2023-10-03 00:54:34', '2023-10-03 00:54:34', 30000),
(343, 132, 122, 1, 'HOP ', '2023-10-03 00:55:16', '2023-10-03 00:55:16', 95000),
(344, 133, 5, 9, 'Sinlube XP HD 15W/40', '2023-10-03 00:56:28', '2023-10-03 00:56:28', 32000),
(345, 133, 79, 1, '-', '2023-10-03 00:56:53', '2023-10-03 00:56:53', 40000),
(346, 133, 122, 1, 'Hop ', '2023-10-03 00:57:22', '2023-10-03 00:57:22', 95000),
(347, 133, 120, 1, 'HOP ', '2023-10-03 00:58:02', '2023-10-03 00:58:02', 100000),
(348, 133, 60, 1, 'JIMCO', '2023-10-03 00:58:59', '2023-10-03 00:58:59', 90000),
(349, 133, 123, 1, 'Hop', '2023-10-03 00:59:17', '2023-10-03 00:59:17', 45000),
(350, 135, 44, 1, 'FUSO', '2023-10-05 23:51:36', '2023-10-05 23:51:36', 52500),
(351, 135, 122, 1, 'Hop', '2023-10-05 23:52:29', '2023-10-05 23:52:29', 95000),
(352, 135, 123, 1, 'Hop', '2023-10-05 23:52:51', '2023-10-05 23:52:51', 45000),
(353, 135, 120, 1, 'Hop', '2023-10-05 23:53:07', '2023-10-05 23:53:07', 100000),
(354, 135, 5, 10, 'XP HD 15W/40', '2023-10-05 23:53:26', '2023-10-05 23:53:26', 32000),
(355, 135, 13, 1, 'Seiken', '2023-10-05 23:53:44', '2023-10-05 23:53:44', 80000),
(356, 134, 169, 2, 'Aeolus', '2023-10-06 00:10:45', '2023-10-06 00:10:45', 2100000),
(357, 138, 117, 1, 'Yuasa N100 ', '2023-10-08 23:52:30', '2023-10-08 23:52:30', 1315000),
(358, 143, 29, 1, 'HWC', '2023-10-09 21:06:57', '2023-10-09 21:06:57', 60000),
(359, 143, 41, 1, '-', '2023-10-09 21:07:25', '2023-10-09 21:07:25', 40000),
(360, 143, 45, 2, 'Rotary', '2023-10-09 21:08:07', '2023-10-09 21:08:07', 17050),
(361, 142, 4, 1, 'National', '2023-10-09 21:08:55', '2023-10-09 21:08:55', 550000),
(362, 143, 37, 1, 'Koyo 33210', '2023-10-10 00:14:42', '2023-10-10 00:14:42', 280000),
(363, 143, 36, 1, 'Koyo 32207', '2023-10-10 00:15:05', '2023-10-10 00:15:05', 95000),
(364, 143, 57, 1, '-', '2023-10-10 00:16:38', '2023-10-10 00:16:38', 65000),
(365, 143, 173, 1, '-', '2023-10-10 00:20:38', '2023-10-10 00:20:38', 65000),
(366, 143, 129, 4, '-', '2023-10-10 00:31:35', '2023-10-10 00:31:35', 6500),
(367, 144, 2, 1, 'sakura', '2023-10-10 00:35:01', '2023-10-10 00:35:01', 37500),
(368, 142, 175, 2, '-', '2023-10-10 23:17:28', '2023-10-10 23:17:28', 65000),
(369, 142, 174, 1, '-', '2023-10-10 23:17:44', '2023-10-10 23:17:44', 65000),
(370, 142, 45, 2, 'Rotary', '2023-10-10 23:18:14', '2023-10-10 23:18:14', 17050),
(371, 147, 21, 2, 'GT R16', '2023-10-11 21:34:00', '2023-10-11 21:34:00', 50000),
(372, 147, 20, 2, 'KRC 750-16', '2023-10-11 21:34:18', '2023-10-11 21:34:18', 190000),
(373, 147, 18, 2, 'Y21-54487,Y21-54616/Goodyear HD', '2023-10-11 21:34:46', '2023-10-11 21:34:46', 1350000),
(374, 148, 18, 2, 'X24-57284,X21-57390/ Goodyear HD', '2023-10-11 21:36:16', '2023-10-11 21:36:16', 1350000),
(375, 148, 20, 2, 'KRC 750-16', '2023-10-11 21:36:32', '2023-10-11 21:36:32', 190000),
(376, 148, 21, 2, 'GT R16', '2023-10-11 21:36:46', '2023-10-11 21:36:46', 50000),
(377, 150, 18, 2, '3723-8254,3723-7160/ GT HD 750-16', '2023-10-12 20:11:08', '2023-10-12 20:11:08', 1475000),
(378, 150, 20, 2, 'KRC 750-16', '2023-10-12 20:11:33', '2023-10-12 20:11:33', 160000),
(379, 150, 21, 2, 'GT R16', '2023-10-12 20:11:50', '2023-10-12 20:11:50', 50000),
(380, 151, 18, 2, 'X21-55264,X24-57480', '2023-10-13 21:33:18', '2023-10-13 21:33:18', 1350000),
(381, 151, 20, 2, 'KRC 750-16', '2023-10-13 21:33:40', '2023-10-13 21:33:40', 160000),
(382, 151, 21, 2, 'GT R16', '2023-10-13 21:34:05', '2023-10-13 21:34:05', 50000),
(383, 151, 28, 2, 'HWC', '2023-10-13 21:34:22', '2023-10-13 21:34:22', 60000),
(384, 153, 111, 4, 'BS-D1A5L1857,1664,1298, DLP-8235/ Jamblang', '2023-10-16 21:17:10', '2023-10-16 21:17:10', 1300000),
(385, 153, 70, 1, 'Denso', '2023-10-16 21:17:34', '2023-10-16 21:17:34', 215000),
(386, 153, 5, 14, 'Sinlube 40 CF/SF / KM 485174', '2023-10-16 21:18:20', '2023-10-16 21:18:20', 32000),
(387, 153, 22, 4, 'KRC 900-20', '2023-10-16 21:18:49', '2023-10-16 21:18:49', 245000),
(388, 153, 23, 4, 'GrandPrix R20', '2023-10-16 21:19:33', '2023-10-16 21:19:33', 85000),
(389, 153, 113, 1, 'Go save 8M', '2023-10-16 21:20:11', '2023-10-16 21:20:11', 175000),
(390, 153, 99, 1, 'sakura C-1316', '2023-10-16 21:21:39', '2023-10-16 21:21:39', 100000),
(391, 153, 123, 1, 'Hop', '2023-10-16 21:22:00', '2023-10-16 21:22:00', 45000),
(392, 153, 67, 1, 'Hella', '2023-10-16 21:22:45', '2023-10-16 21:22:45', 37500),
(393, 153, 3, 1, 'Hop', '2023-10-16 21:23:44', '2023-10-16 21:23:44', 85000),
(394, 153, 112, 10, 'Sinlube ', '2023-10-16 21:24:57', '2023-10-16 21:24:57', 30000),
(395, 152, 5, 10, 'Sinlube 40CF/SF', '2023-10-16 21:26:58', '2023-10-16 21:26:58', 32000),
(396, 152, 120, 1, 'Hop', '2023-10-16 21:27:17', '2023-10-16 21:27:17', 100000),
(397, 152, 123, 1, 'Hop', '2023-10-16 21:27:51', '2023-10-16 21:27:51', 45000),
(398, 146, 14, 1, 'Seiken', '2023-10-16 21:31:45', '2023-10-16 21:31:45', 50000),
(399, 146, 44, 1, 'FUSO', '2023-10-16 21:32:08', '2023-10-16 21:32:08', 52500),
(400, 154, 8, 1, '-', '2023-10-16 23:32:29', '2023-10-16 23:32:29', 2500),
(401, 154, 28, 2, 'HWC', '2023-10-16 23:32:50', '2023-10-16 23:32:50', 60000),
(402, 154, 59, 2, 'Seiken', '2023-10-16 23:33:21', '2023-10-16 23:33:21', 4500),
(403, 154, 44, 1, 'FUSO', '2023-10-16 23:33:37', '2023-10-16 23:33:37', 52500),
(404, 154, 43, 4, 'Seiken SC 7059', '2023-10-16 23:34:23', '2023-10-16 23:34:23', 8500),
(405, 154, 45, 1, 'Rotary', '2023-10-16 23:34:42', '2023-10-16 23:34:42', 17050),
(406, 159, 165, 1, 'TR04-FHM', '2023-10-18 19:32:39', '2023-10-18 19:32:39', 900000),
(407, 155, 133, 1, 'IBK', '2023-10-18 20:18:49', '2023-10-18 20:18:49', 65000),
(408, 155, 8, 2, '-', '2023-10-18 20:19:03', '2023-10-18 20:19:03', 2500),
(409, 155, 45, 1, 'Rotary', '2023-10-18 20:19:27', '2023-10-18 20:19:27', 17050),
(410, 156, 14, 1, 'Seiken', '2023-10-18 20:20:31', '2023-10-18 20:20:31', 50000),
(411, 156, 44, 1, 'FUSO', '2023-10-18 20:20:50', '2023-10-18 20:20:50', 52500),
(412, 157, 171, 2, 'HOp', '2023-10-18 20:22:23', '2023-10-18 20:22:23', 260000),
(413, 157, 51, 2, '-', '2023-10-18 20:22:57', '2023-10-18 20:22:57', 3000),
(414, 157, 52, 4, '-', '2023-10-18 20:23:15', '2023-10-18 20:23:15', 2750),
(415, 158, 31, 1, '-', '2023-10-18 20:24:38', '2023-10-18 20:24:38', 525000),
(416, 158, 109, 1, 'Nachi', '2023-10-18 20:26:25', '2023-10-18 20:26:25', 185000),
(417, 158, 117, 1, 'GS second', '2023-10-18 20:34:48', '2023-10-18 20:34:48', 900000),
(418, 165, 18, 4, '3233-2628,5215,2665,4228/GT HD', '2023-10-19 23:17:43', '2023-10-19 23:17:43', 1475000),
(419, 165, 20, 4, 'GT 750-16', '2023-10-19 23:18:12', '2023-10-19 23:18:12', 190000),
(420, 165, 21, 4, 'GT R16', '2023-10-19 23:18:30', '2023-10-19 23:18:30', 50000),
(421, 164, 18, 2, '3123-6247,3223-1502/GT HD', '2023-10-19 23:19:53', '2023-10-19 23:19:53', 1475000),
(422, 164, 20, 2, 'GT 750-16', '2023-10-19 23:20:19', '2023-10-19 23:20:19', 190000),
(423, 164, 21, 2, 'GT R16', '2023-10-19 23:20:37', '2023-10-19 23:20:37', 50000),
(424, 160, 123, 1, 'Hop', '2023-10-20 02:21:10', '2023-10-20 02:21:10', 45000),
(425, 160, 5, 9, 'Sinlube 40CF/SF', '2023-10-20 19:29:26', '2023-10-20 19:29:26', 32000),
(426, 160, 120, 1, 'HOP', '2023-10-20 19:29:50', '2023-10-20 19:29:50', 100000),
(427, 161, 4, 1, 'National', '2023-10-20 19:30:55', '2023-10-20 19:30:55', 550000),
(428, 161, 44, 1, 'FUSO', '2023-10-20 19:31:22', '2023-10-20 19:31:22', 52500),
(429, 161, 45, 2, 'Rotary', '2023-10-20 19:31:43', '2023-10-20 19:31:43', 17050),
(430, 161, 123, 1, 'Hop', '2023-10-20 19:31:57', '2023-10-20 19:31:57', 45000),
(431, 161, 120, 1, 'Hop', '2023-10-20 19:32:14', '2023-10-20 19:32:14', 100000),
(432, 162, 5, 9, 'Sinlube 40CF/SF', '2023-10-20 19:33:25', '2023-10-20 19:33:25', 32000),
(433, 162, 122, 1, 'HOP', '2023-10-20 19:33:46', '2023-10-20 19:33:46', 95000),
(434, 162, 123, 1, 'Hop', '2023-10-20 19:34:04', '2023-10-20 19:34:04', 45000),
(435, 162, 120, 1, 'Hop', '2023-10-20 19:34:18', '2023-10-20 19:34:18', 100000),
(436, 166, 44, 1, 'FUSO', '2023-10-20 19:37:33', '2023-10-20 19:37:33', 52500),
(437, 166, 107, 2, 'Seiken', '2023-10-20 19:38:37', '2023-10-20 19:38:37', 10000),
(438, 166, 59, 2, 'Seiken', '2023-10-20 19:39:36', '2023-10-20 19:39:36', 4500),
(439, 167, 195, 1, 'Incoe Gold 2nd', '2023-10-20 21:35:58', '2023-10-20 21:35:58', 450000),
(440, 169, 203, 1, '-', '2023-10-24 23:34:19', '2023-10-24 23:34:19', 521500),
(441, 169, 181, 1, '-', '2023-10-24 23:34:47', '2023-10-24 23:34:47', 233500),
(442, 169, 182, 1, '-', '2023-10-24 23:39:29', '2023-10-24 23:39:29', 307000),
(443, 169, 184, 2, '-', '2023-10-24 23:39:44', '2023-10-24 23:39:44', 35000),
(444, 169, 185, 6, '-', '2023-10-24 23:40:14', '2023-10-24 23:40:14', 55000),
(445, 169, 186, 6, '-', '2023-10-24 23:40:47', '2023-10-24 23:40:47', 30000),
(446, 169, 187, 4, 'Baud Spi', '2023-10-24 23:41:16', '2023-10-24 23:41:44', 15000),
(448, 169, 161, 1, 'baud samping', '2023-10-24 23:42:25', '2023-10-24 23:42:25', 10000),
(449, 169, 188, 6, '-', '2023-10-24 23:42:47', '2023-10-24 23:42:47', 15000),
(450, 169, 192, 6, '-', '2023-10-24 23:43:04', '2023-10-24 23:43:04', 10000),
(451, 169, 162, 1, 'Speed gemuk', '2023-10-24 23:43:29', '2023-10-24 23:43:29', 50000),
(452, 169, 162, 2, 'Jasa Bongkar Pasang', '2023-10-24 23:43:52', '2023-10-24 23:43:52', 75000),
(453, 168, 5, 9, 'Sinlube 40CF/SF', '2023-10-25 00:22:57', '2023-10-25 00:22:57', 32000),
(454, 168, 122, 1, 'Hop', '2023-10-25 00:23:36', '2023-10-25 00:23:36', 95000),
(455, 168, 123, 1, 'Hop', '2023-10-25 00:24:01', '2023-10-25 00:24:01', 45000),
(456, 168, 120, 1, 'Hop', '2023-10-25 00:24:19', '2023-10-25 00:24:19', 100000),
(457, 168, 79, 1, '-', '2023-10-25 00:24:54', '2023-10-25 00:24:54', 40000),
(458, 171, 18, 2, 'A12-62202,62382/ Goodyear HD', '2023-10-26 00:17:54', '2023-10-26 00:17:54', 1350000),
(459, 171, 20, 2, 'GT 750-16', '2023-10-26 00:18:12', '2023-10-26 00:18:12', 190000),
(460, 171, 21, 2, 'GT R16', '2023-10-26 00:22:31', '2023-10-26 00:22:31', 50000),
(461, 172, 18, 2, '3223-3484,3223-6839/ GT HD 750-16', '2023-10-26 00:23:37', '2023-10-26 00:23:37', 1475000),
(462, 172, 20, 2, 'GT 750-16', '2023-10-26 00:24:02', '2023-10-26 00:24:02', 190000),
(463, 172, 21, 2, 'GT R16', '2023-10-26 00:24:18', '2023-10-26 00:24:18', 50000),
(464, 173, 18, 2, '3123-7901,3223-5985', '2023-10-26 00:26:05', '2023-10-26 00:26:05', 1475000),
(465, 173, 20, 2, 'GT 750-16', '2023-10-26 00:26:19', '2023-10-26 00:26:19', 190000),
(466, 173, 21, 2, 'GT R16', '2023-10-26 00:26:39', '2023-10-26 00:26:39', 50000),
(467, 174, 18, 2, '3223-7081,3123-8966/ GT HD', '2023-10-26 00:29:23', '2023-10-26 00:29:23', 1475000),
(468, 174, 20, 2, 'GT 750-16', '2023-10-26 00:29:42', '2023-10-26 00:29:42', 190000),
(469, 174, 21, 2, 'GT ', '2023-10-26 00:29:55', '2023-10-26 00:29:55', 50000),
(470, 175, 18, 2, '3223-3234,3223-2090/ GT HD', '2023-10-26 00:41:21', '2023-10-26 00:41:21', 1475000),
(471, 175, 20, 2, 'GT 750-16', '2023-10-26 00:41:38', '2023-10-26 00:41:38', 190000),
(472, 175, 21, 2, 'GT R16', '2023-10-26 00:41:53', '2023-10-26 00:41:53', 50000),
(473, 176, 18, 2, 'C02-82197,81863/ Goodyear HD', '2023-10-26 00:43:30', '2023-10-26 00:43:30', 1350000),
(474, 176, 20, 2, 'GT 750-16', '2023-10-26 00:43:47', '2023-10-26 00:43:47', 190000),
(475, 176, 21, 2, 'GT R16', '2023-10-26 00:44:02', '2023-10-26 00:44:02', 50000),
(476, 177, 18, 2, 'C13-66528,C12-64149/ Goodyear HD', '2023-10-26 00:45:47', '2023-10-26 00:45:47', 1350000),
(477, 177, 20, 2, 'GT 750-16', '2023-10-26 00:46:09', '2023-10-26 00:46:09', 190000),
(478, 177, 21, 2, 'GT R16', '2023-10-26 00:46:34', '2023-10-26 00:46:34', 50000),
(479, 178, 28, 1, '-', '2023-10-26 19:18:07', '2023-10-26 19:18:07', 60000),
(480, 178, 8, 1, '-', '2023-10-26 19:18:29', '2023-10-26 19:18:29', 2500),
(481, 178, 45, 1, 'Rotary', '2023-10-26 19:18:56', '2023-10-26 19:18:56', 17050),
(482, 179, 5, 10, 'Sinlube 40CF/SF', '2023-10-26 19:21:16', '2023-10-26 19:21:16', 32000),
(483, 179, 122, 1, 'Hop', '2023-10-26 19:23:58', '2023-10-26 19:23:58', 95000),
(484, 179, 123, 1, 'Hop', '2023-10-26 19:24:21', '2023-10-26 19:24:21', 45000),
(485, 179, 120, 1, 'Hop', '2023-10-26 19:24:42', '2023-10-26 19:24:42', 100000),
(486, 180, 182, 1, '-', '2023-10-26 19:27:55', '2023-10-26 19:27:55', 365500),
(487, 180, 183, 1, '-', '2023-10-26 19:28:44', '2023-10-26 19:28:44', 312500),
(488, 180, 207, 1, '-', '2023-10-26 19:29:10', '2023-10-26 19:29:10', 202500),
(489, 180, 184, 2, '-', '2023-10-26 19:30:18', '2023-10-26 19:30:18', 35000),
(490, 180, 186, 6, '-', '2023-10-26 19:30:44', '2023-10-26 19:30:44', 30000),
(491, 180, 185, 6, '-', '2023-10-26 19:31:02', '2023-10-26 19:31:02', 55000),
(492, 180, 188, 6, '-', '2023-10-26 19:31:24', '2023-10-26 19:31:24', 15000),
(493, 180, 187, 2, 'baud samping', '2023-10-26 19:31:53', '2023-10-26 19:31:53', 10000),
(494, 180, 162, 1, 'Speed gemuk', '2023-10-26 19:32:30', '2023-10-26 19:32:30', 50000),
(495, 180, 162, 2, 'Jasa Bongkar Pasang', '2023-10-26 19:32:56', '2023-10-26 19:32:56', 75000),
(496, 180, 192, 6, '-', '2023-10-26 19:33:26', '2023-10-26 19:33:26', 10000),
(497, 181, 204, 1, '-', '2023-10-26 19:44:31', '2023-10-26 19:44:31', 766000),
(498, 181, 184, 2, '-', '2023-10-26 19:45:10', '2023-10-26 19:45:10', 35000),
(501, 181, 187, 6, 'Baud samping', '2023-10-26 19:47:32', '2023-10-26 19:47:32', 10000),
(502, 181, 158, 1, '-', '2023-10-26 19:47:52', '2023-10-26 19:47:52', 125000),
(503, 181, 160, 1, '-', '2023-10-26 19:48:43', '2023-10-26 19:48:43', 50000),
(504, 181, 206, 4, '-', '2023-10-26 19:49:22', '2023-10-26 19:49:22', 75000),
(505, 181, 162, 4, 'Jasa Bongkar Pasang', '2023-10-26 19:50:06', '2023-10-26 19:50:06', 75000),
(506, 181, 208, 2, '-', '2023-10-26 19:56:43', '2023-10-26 19:56:43', 35000),
(507, 181, 205, 8, '-', '2023-10-26 19:58:16', '2023-10-26 19:58:16', 75000),
(508, 182, 123, 1, 'Hop', '2023-10-29 20:12:22', '2023-10-29 20:12:22', 45000),
(509, 182, 120, 1, 'Hop', '2023-10-29 20:12:37', '2023-10-29 20:12:37', 100000),
(510, 182, 60, 1, 'Jimco ', '2023-10-29 20:14:55', '2023-10-29 20:14:55', 90000),
(511, 184, 43, 4, 'Seiken SC 7059', '2023-10-30 00:21:59', '2023-10-30 00:21:59', 8500),
(512, 184, 59, 2, 'Seiken', '2023-10-30 00:22:31', '2023-10-30 00:22:31', 4500),
(513, 184, 44, 1, 'FUSO', '2023-10-30 00:22:57', '2023-10-30 00:22:57', 52500),
(514, 184, 45, 2, 'Rotary', '2023-10-30 00:23:16', '2023-10-30 00:23:16', 17050),
(515, 184, 7, 1, 'RCA', '2023-10-30 00:23:39', '2023-10-30 00:23:39', 110000),
(516, 187, 207, 1, '-', '2023-11-01 19:56:50', '2023-11-01 19:56:50', 218000),
(517, 187, 184, 1, '-', '2023-11-01 19:57:04', '2023-11-01 19:57:04', 35000),
(518, 187, 185, 3, '55000', '2023-11-01 19:57:23', '2023-11-01 19:57:23', 55000),
(519, 187, 190, 3, '30000', '2023-11-01 19:57:39', '2023-11-01 19:57:39', 30000),
(520, 187, 188, 3, '-', '2023-11-01 19:58:08', '2023-11-01 19:58:08', 15000),
(521, 187, 192, 3, '-', '2023-11-01 19:58:41', '2023-11-01 19:58:41', 10000),
(522, 187, 162, 1, 'Jasa Bongkar pasang', '2023-11-01 19:59:16', '2023-11-01 19:59:16', 75000),
(523, 189, 197, 1, 'Exedy', '2023-11-03 00:38:12', '2023-11-03 00:38:12', 1950000),
(524, 189, 199, 1, 'CT70B', '2023-11-03 00:38:53', '2023-11-03 00:38:53', 300000),
(525, 189, 19, 4, 'BS-4904,1137,1058,2346', '2023-11-03 00:55:03', '2023-11-03 00:55:03', 1550000),
(526, 190, 184, 2, '-', '2023-11-03 02:39:05', '2023-11-03 02:39:05', 35000),
(527, 190, 185, 6, '-', '2023-11-03 02:39:40', '2023-11-03 02:39:40', 55000),
(528, 190, 186, 6, '-', '2023-11-03 02:40:16', '2023-11-03 02:40:16', 30000),
(529, 190, 71, 2, '-', '2023-11-03 02:42:00', '2023-11-03 02:42:00', 65000),
(530, 190, 187, 6, 'baud samping', '2023-11-03 02:42:30', '2023-11-03 02:42:30', 10000),
(531, 190, 160, 2, '-', '2023-11-03 02:43:03', '2023-11-03 02:43:03', 50000),
(532, 190, 187, 4, 'Baud Spi', '2023-11-03 02:43:48', '2023-11-03 02:44:04', 15000),
(534, 190, 188, 12, '-', '2023-11-03 02:44:40', '2023-11-03 02:44:40', 15000),
(535, 190, 192, 6, '-', '2023-11-03 02:45:02', '2023-11-03 02:45:02', 10000),
(537, 190, 162, 2, 'Jasa Bongkar Pasang stoper', '2023-11-03 02:46:29', '2023-11-03 02:46:29', 15000),
(538, 190, 209, 1, '-', '2023-11-03 02:46:47', '2023-11-03 02:46:47', 580000),
(539, 190, 210, 1, '-', '2023-11-03 02:47:00', '2023-11-03 02:47:00', 387500),
(540, 190, 211, 2, '-', '2023-11-03 02:47:24', '2023-11-03 02:47:24', 25000),
(541, 190, 190, 4, '-', '2023-11-03 02:47:53', '2023-11-03 02:47:53', 30000),
(542, 190, 189, 2, '-', '2023-11-03 02:48:15', '2023-11-03 02:48:15', 55000),
(543, 190, 175, 2, '-', '2023-11-03 02:48:33', '2023-11-03 02:48:33', 85000),
(544, 190, 192, 4, '-', '2023-11-03 02:48:51', '2023-11-03 02:48:51', 10000),
(545, 190, 191, 2, '-', '2023-11-03 02:49:31', '2023-11-03 02:49:31', 250000),
(546, 190, 162, 4, 'Jasa Bongkar Pasang', '2023-11-03 02:51:02', '2023-11-03 02:51:02', 75000),
(547, 189, 22, 2, 'KRC 900-20', '2023-11-05 20:14:48', '2023-11-05 20:14:48', 245000),
(548, 189, 23, 4, 'GrandPrix R20', '2023-11-05 20:15:11', '2023-11-05 20:15:11', 85000),
(549, 191, 212, 2, 'B12-81565/100109,B12-81348/04279', '2023-11-05 20:18:46', '2023-11-05 20:18:46', 3150000),
(550, 191, 22, 2, 'KRC 900-20', '2023-11-05 20:19:19', '2023-11-05 20:19:19', 245000),
(551, 191, 23, 2, 'GP R20', '2023-11-05 20:19:42', '2023-11-05 20:19:42', 85000),
(552, 191, 111, 1, 'BS-0549/5064/4921', '2023-11-05 20:20:44', '2023-11-05 20:20:44', 725000),
(553, 193, 178, 1, '-', '2023-11-06 00:34:05', '2023-11-06 00:34:05', 350000),
(554, 194, 37, 1, 'Koyo 33210', '2023-11-06 00:34:46', '2023-11-06 00:34:46', 280000),
(555, 194, 36, 1, 'Koyo 32207', '2023-11-06 00:35:09', '2023-11-06 00:35:09', 95000),
(556, 194, 45, 2, 'Rotary', '2023-11-06 00:35:30', '2023-11-06 00:35:30', 17050),
(557, 194, 55, 1, '-', '2023-11-06 00:35:58', '2023-11-06 00:35:58', 325000),
(558, 194, 57, 1, '-', '2023-11-06 00:36:38', '2023-11-06 00:36:38', 65000),
(559, 186, 37, 1, 'Koyo 33210', '2023-11-06 00:40:06', '2023-11-06 00:40:06', 280000),
(560, 186, 36, 1, 'Koyo 32207', '2023-11-06 00:40:23', '2023-11-06 00:40:23', 95000),
(561, 186, 45, 1, 'Rotary', '2023-11-06 00:40:42', '2023-11-06 00:40:42', 17050),
(562, 197, 184, 1, '-', '2023-11-06 20:05:22', '2023-11-06 20:05:22', 25000),
(563, 197, 187, 1, 'Baud spi', '2023-11-06 20:05:38', '2023-11-06 20:05:38', 15000),
(564, 197, 162, 1, 'Bongkar pasang', '2023-11-06 20:05:59', '2023-11-06 20:05:59', 50000),
(565, 193, 4, 1, 'National', '2023-11-06 20:07:35', '2023-11-06 20:07:35', 550000),
(566, 193, 45, 2, 'Rotary', '2023-11-06 20:07:59', '2023-11-06 20:07:59', 17050),
(567, 199, 5, 9, 'Sinlube 40CF/SF', '2023-11-07 00:09:29', '2023-11-07 00:09:29', 32000),
(568, 199, 120, 1, 'Hop', '2023-11-07 00:09:44', '2023-11-07 00:09:44', 100000),
(569, 199, 123, 1, 'Hop', '2023-11-07 00:09:58', '2023-11-07 00:09:58', 45000),
(570, 199, 170, 1, 'Hop', '2023-11-07 00:11:24', '2023-11-07 00:11:24', 260000),
(571, 199, 172, 1, '-', '2023-11-07 00:12:01', '2023-11-07 00:12:01', 100000),
(572, 198, 28, 1, '-', '2023-11-07 22:57:50', '2023-11-07 22:57:50', 60000),
(573, 198, 8, 1, '-', '2023-11-07 22:58:02', '2023-11-07 22:58:02', 2500),
(574, 200, 44, 1, 'Fuso', '2023-11-07 22:59:10', '2023-11-07 22:59:10', 52500),
(575, 200, 90, 1, 'seiken', '2023-11-07 23:00:49', '2023-11-07 23:00:49', 450000),
(576, 200, 120, 1, 'Hop', '2023-11-07 23:01:04', '2023-11-07 23:01:04', 100000),
(577, 202, 5, 14, 'Sinlube 40CF/SF/ KM 175420', '2023-11-07 23:04:49', '2023-11-07 23:05:15', 32000),
(578, 202, 99, 1, 'sakura C-1316', '2023-11-07 23:06:16', '2023-11-07 23:06:16', 100000),
(579, 202, 123, 1, 'HOP', '2023-11-07 23:06:31', '2023-11-07 23:06:31', 45000),
(580, 203, 5, 14, 'Sinlube 40CF/SF', '2023-11-07 23:07:07', '2023-11-07 23:07:07', 32000),
(581, 203, 123, 1, 'HOp', '2023-11-07 23:07:26', '2023-11-07 23:07:26', 45000),
(582, 203, 99, 1, 'sakura C-1316', '2023-11-07 23:08:11', '2023-11-07 23:08:11', 100000),
(583, 203, 3, 1, 'HOP JAC70', '2023-11-07 23:09:53', '2023-11-07 23:09:53', 85000),
(584, 203, 100, 2, 'HWC', '2023-11-07 23:10:38', '2023-11-07 23:10:38', 45000),
(585, 202, 12, 1, 'Hop', '2023-11-08 23:43:12', '2023-11-08 23:43:12', 85000),
(586, 204, 8, 1, '-', '2023-11-08 23:45:08', '2023-11-08 23:45:08', 2500),
(587, 205, 44, 1, 'Fuso', '2023-11-08 23:57:56', '2023-11-08 23:57:56', 52500),
(588, 207, 70, 1, 'Denso 092130-0220', '2023-11-13 23:16:20', '2023-11-13 23:16:20', 215000),
(589, 208, 51, 4, '-', '2023-11-13 23:18:42', '2023-11-13 23:18:42', 3000),
(590, 208, 52, 2, '-', '2023-11-13 23:18:57', '2023-11-13 23:18:57', 2750),
(591, 209, 44, 1, 'FUSO', '2023-11-13 23:21:51', '2023-11-13 23:21:51', 52500),
(592, 209, 59, 2, 'Seiken', '2023-11-13 23:22:19', '2023-11-13 23:22:19', 4500),
(593, 209, 107, 2, 'Seiken 40493', '2023-11-13 23:23:04', '2023-11-13 23:23:04', 10000),
(594, 209, 103, 1, 'HOP', '2023-11-13 23:23:57', '2023-11-13 23:23:57', 250000),
(595, 211, 8, 2, '-', '2023-11-13 23:26:47', '2023-11-13 23:26:47', 2500),
(596, 211, 7, 1, 'RCA', '2023-11-13 23:27:00', '2023-11-13 23:27:00', 110000),
(597, 211, 5, 9, 'Sinlube 40CF/SF', '2023-11-13 23:27:16', '2023-11-13 23:27:16', 32000),
(598, 211, 29, 1, 'HWC', '2023-11-13 23:27:32', '2023-11-13 23:27:32', 60000),
(599, 211, 45, 2, 'Rotary', '2023-11-13 23:27:55', '2023-11-13 23:27:55', 17050),
(600, 211, 122, 1, 'HOP', '2023-11-13 23:29:14', '2023-11-13 23:29:14', 95000),
(601, 211, 120, 1, 'HOP', '2023-11-13 23:29:39', '2023-11-13 23:29:39', 100000),
(602, 211, 123, 1, 'HOP', '2023-11-13 23:29:52', '2023-11-13 23:29:52', 45000),
(603, 211, 44, 1, 'FUSO', '2023-11-13 23:30:13', '2023-11-13 23:30:13', 52500),
(604, 211, 55, 1, '-', '2023-11-14 02:10:52', '2023-11-14 02:10:52', 325000),
(605, 215, 180, 1, '-', '2023-11-14 02:13:10', '2023-11-14 02:13:10', 250000),
(606, 215, 184, 1, '-', '2023-11-14 02:13:21', '2023-11-14 02:13:21', 35000),
(607, 215, 205, 12, '-', '2023-11-14 02:13:33', '2023-11-14 02:13:33', 75000),
(608, 215, 206, 4, '-', '2023-11-14 02:13:46', '2023-11-14 02:13:46', 75000),
(609, 215, 158, 2, '-', '2023-11-14 02:13:58', '2023-11-14 02:13:58', 125000),
(610, 215, 162, 4, 'Jasa Bongkar Pasang', '2023-11-14 02:14:08', '2023-11-14 02:14:21', 230000),
(611, 220, 18, 2, 'GT HD 750-16', '2023-11-15 00:23:34', '2023-11-15 00:23:34', 1475000),
(612, 220, 20, 2, 'GT 750-16', '2023-11-15 00:23:49', '2023-11-15 00:23:49', 190000),
(613, 220, 21, 2, 'GT R16', '2023-11-15 00:24:03', '2023-11-15 00:24:03', 50000),
(614, 221, 18, 2, '3722-4018,3722-8714/ GT HD 750-16', '2023-11-15 00:25:57', '2023-11-15 00:25:57', 1475000),
(615, 221, 20, 2, 'GT 750-16', '2023-11-15 00:26:25', '2023-11-15 00:26:25', 190000),
(616, 221, 21, 2, 'GT R16', '2023-11-15 00:26:42', '2023-11-15 00:26:42', 50000),
(617, 218, 5, 9, 'Sinlube 40CF/SF', '2023-11-16 01:56:44', '2023-11-16 01:56:44', 32000),
(618, 218, 120, 1, 'HOP', '2023-11-16 01:58:33', '2023-11-16 01:58:33', 100000),
(619, 218, 123, 1, 'HOP', '2023-11-16 01:59:53', '2023-11-16 01:59:53', 45000),
(620, 218, 60, 1, 'JIMCO', '2023-11-16 02:02:28', '2023-11-16 02:02:28', 90000),
(621, 218, 122, 1, 'HOP', '2023-11-16 02:03:11', '2023-11-16 02:03:11', 95000),
(622, 218, 37, 1, 'Koyo 33210', '2023-11-16 02:03:42', '2023-11-16 02:03:42', 280000),
(623, 218, 44, 1, 'FUSO', '2023-11-16 02:04:20', '2023-11-16 02:04:20', 52500),
(624, 219, 5, 9, 'Sinlube 40CF/SF', '2023-11-16 02:05:34', '2023-11-16 02:05:34', 32000),
(625, 219, 120, 1, 'HOP', '2023-11-16 02:05:53', '2023-11-16 02:05:53', 100000),
(626, 219, 123, 1, 'HOP', '2023-11-16 02:06:10', '2023-11-16 02:06:10', 45000),
(627, 224, 204, 1, '-', '2023-11-16 02:07:07', '2023-11-16 02:07:07', 676500),
(628, 224, 207, 1, '-', '2023-11-16 02:07:24', '2023-11-16 02:07:24', 202500),
(629, 224, 218, 1, '-', '2023-11-16 02:07:38', '2023-11-16 02:07:38', 147500),
(630, 224, 184, 1, '-', '2023-11-16 02:07:50', '2023-11-16 02:07:50', 35000),
(631, 224, 185, 1, '-', '2023-11-16 02:08:02', '2023-11-16 02:08:02', 55000),
(632, 224, 186, 1, '-', '2023-11-16 02:08:13', '2023-11-16 02:08:13', 30000),
(633, 224, 187, 3, '-', '2023-11-16 02:08:33', '2023-11-16 02:08:33', 15000),
(634, 224, 187, 2, 'baud samping', '2023-11-16 02:09:02', '2023-11-16 02:09:02', 10000),
(635, 224, 192, 7, '-', '2023-11-16 02:09:19', '2023-11-16 02:09:19', 10000),
(636, 224, 189, 6, '-', '2023-11-16 02:09:39', '2023-11-16 02:09:39', 55000),
(637, 224, 190, 6, '-', '2023-11-16 02:09:56', '2023-11-16 02:09:56', 30000),
(638, 224, 188, 7, '-', '2023-11-16 02:10:12', '2023-11-16 02:10:12', 15000),
(639, 224, 175, 2, '-', '2023-11-16 02:10:24', '2023-11-16 02:10:24', 85000),
(640, 224, 162, 3, 'Jasa Bongkar Pasang', '2023-11-16 02:10:38', '2023-11-16 02:10:38', 75000),
(641, 216, 108, 1, '-', '2023-11-16 02:16:51', '2023-11-16 02:16:51', 385000),
(642, 222, 5, 9, 'Sinlube XP HD 15W/40', '2023-11-19 23:24:19', '2023-11-19 23:24:19', 32000),
(643, 222, 120, 1, 'HOP', '2023-11-19 23:24:38', '2023-11-19 23:24:38', 100000),
(644, 222, 123, 1, 'HOP', '2023-11-19 23:24:55', '2023-11-19 23:24:55', 45000),
(645, 222, 122, 1, 'HOP', '2023-11-19 23:25:54', '2023-11-19 23:25:54', 95000),
(646, 223, 5, 9, 'Sinlube XP HD 15W/40', '2023-11-19 23:28:06', '2023-11-19 23:28:06', 32000),
(647, 223, 122, 1, 'HOP', '2023-11-19 23:28:22', '2023-11-19 23:28:22', 95000),
(648, 223, 123, 1, 'HoP', '2023-11-19 23:28:42', '2023-11-19 23:28:42', 45000),
(649, 223, 120, 1, 'HOP', '2023-11-19 23:29:01', '2023-11-19 23:29:01', 100000),
(650, 223, 7, 1, 'RCA ', '2023-11-19 23:29:21', '2023-11-19 23:29:21', 110000),
(651, 223, 59, 2, 'Seiken', '2023-11-19 23:29:40', '2023-11-19 23:29:40', 4500),
(652, 223, 61, 2, 'Seiken 40284', '2023-11-19 23:30:36', '2023-11-19 23:30:36', 12500),
(653, 223, 8, 4, '-', '2023-11-19 23:30:47', '2023-11-19 23:30:47', 2500),
(654, 223, 44, 1, 'FUSO', '2023-11-19 23:31:10', '2023-11-19 23:31:10', 52500),
(655, 223, 45, 2, 'Rotary', '2023-11-19 23:32:47', '2023-11-19 23:32:47', 17050),
(656, 230, 18, 2, 'Goodyear HD', '2023-11-20 02:35:28', '2023-11-20 02:35:28', 1350000),
(657, 230, 20, 2, 'GT 750-16', '2023-11-20 02:35:45', '2023-11-20 02:35:45', 190000),
(658, 230, 21, 2, 'GT R16', '2023-11-20 02:35:58', '2023-11-20 02:35:58', 50000),
(659, 231, 18, 2, 'Goodyear HD', '2023-11-20 19:41:00', '2023-11-20 19:41:00', 1350000),
(660, 231, 20, 2, 'GT 750-16', '2023-11-20 19:41:18', '2023-11-20 19:41:18', 190000),
(661, 231, 21, 2, 'GT R16', '2023-11-20 19:41:35', '2023-11-20 19:41:35', 50000),
(662, 232, 18, 2, 'SP-106-91,SP-106-115', '2023-11-20 19:48:16', '2023-11-20 19:48:16', 1475000),
(663, 232, 20, 2, 'GT 750-16', '2023-11-20 19:48:33', '2023-11-20 19:48:33', 190000),
(664, 232, 21, 2, 'GT R16', '2023-11-20 19:48:50', '2023-11-20 19:48:50', 50000),
(665, 229, 5, 9, 'Sinlube XP HD 15W/40', '2023-11-20 23:50:00', '2023-11-20 23:50:00', 32000),
(666, 229, 60, 1, 'JIMCO', '2023-11-20 23:50:37', '2023-11-20 23:50:37', 90000);
INSERT INTO `maintenance_parts` (`id`, `maintenance_id`, `sparepart_id`, `qty`, `description`, `created_at`, `updated_at`, `price`) VALUES
(667, 229, 120, 1, 'HOP', '2023-11-20 23:51:03', '2023-11-20 23:51:03', 100000),
(668, 229, 123, 1, 'HOP', '2023-11-20 23:51:34', '2023-11-20 23:51:34', 45000),
(669, 228, 5, 9, 'Sinlube XP HD 15W/40', '2023-11-20 23:52:49', '2023-11-20 23:52:49', 32000),
(670, 228, 4, 1, 'National', '2023-11-20 23:53:05', '2023-11-20 23:53:05', 550000),
(671, 228, 43, 2, 'Seiken SC 7059', '2023-11-20 23:53:26', '2023-11-20 23:53:26', 8500),
(672, 228, 45, 2, 'Rotary', '2023-11-20 23:53:42', '2023-11-20 23:53:42', 17050),
(673, 228, 55, 1, '-', '2023-11-20 23:54:02', '2023-11-20 23:54:02', 325000),
(674, 228, 36, 1, 'Koyo 32207', '2023-11-20 23:54:27', '2023-11-20 23:54:27', 95000),
(675, 228, 120, 1, 'HOP', '2023-11-20 23:54:46', '2023-11-20 23:54:46', 100000),
(676, 228, 123, 1, 'HOP', '2023-11-20 23:55:07', '2023-11-20 23:55:07', 45000),
(677, 228, 122, 1, 'HoP', '2023-11-20 23:55:21', '2023-11-20 23:55:21', 95000),
(678, 228, 44, 1, 'FUSO', '2023-11-20 23:55:42', '2023-11-20 23:55:42', 52500),
(679, 233, 18, 2, 'C27-95714,A27-93576/ Goodyear HD', '2023-11-21 00:28:30', '2023-11-21 00:28:30', 1350000),
(680, 233, 20, 2, 'GT 750-16', '2023-11-21 00:28:55', '2023-11-21 00:28:55', 190000),
(681, 233, 21, 2, 'GT R16', '2023-11-21 00:29:11', '2023-11-21 00:29:11', 50000),
(682, 239, 182, 1, '-', '2023-11-26 21:05:21', '2023-11-26 21:05:21', 200500),
(683, 239, 225, 1, '-', '2023-11-26 21:05:35', '2023-11-26 21:05:35', 228000),
(684, 239, 184, 1, '-', '2023-11-26 21:06:13', '2023-11-26 21:06:13', 35000),
(685, 239, 185, 6, '-', '2023-11-26 21:06:32', '2023-11-26 21:06:32', 55000),
(686, 239, 186, 6, '-', '2023-11-26 21:06:46', '2023-11-26 21:06:46', 30000),
(687, 239, 187, 6, 'Baud Spi', '2023-11-26 21:08:09', '2023-11-26 21:08:09', 15000),
(688, 239, 188, 6, '-', '2023-11-26 21:08:33', '2023-11-26 21:08:33', 15000),
(689, 239, 192, 6, '-', '2023-11-26 21:09:28', '2023-11-26 21:09:28', 10000),
(690, 239, 71, 2, '-', '2023-11-26 21:09:43', '2023-11-26 21:09:43', 65000),
(691, 239, 187, 3, 'baud samping', '2023-11-26 21:10:46', '2023-11-26 21:10:46', 10000),
(692, 239, 162, 2, 'Jasa Bongkar Pasang', '2023-11-26 21:11:18', '2023-11-26 21:11:18', 75000),
(693, 239, 162, 2, 'Jasa Bongkar Pasang stoper', '2023-11-26 21:11:55', '2023-11-26 21:11:55', 15000),
(694, 240, 18, 2, 'Goodyear HD', '2023-11-26 21:43:27', '2023-11-26 21:43:27', 1350000),
(695, 240, 20, 2, 'GT 750-16', '2023-11-26 21:43:43', '2023-11-26 21:43:43', 190000),
(696, 240, 21, 2, 'GT R16', '2023-11-26 21:44:50', '2023-11-26 21:44:50', 50000),
(697, 240, 171, 2, 'HOP', '2023-11-26 21:46:26', '2023-11-26 21:46:26', 260000),
(698, 241, 5, 9, 'Sinlube XP HD 15W/40', '2023-11-29 00:20:14', '2023-11-29 00:20:14', 32000),
(699, 241, 123, 1, 'HOP', '2023-11-29 00:20:29', '2023-11-29 00:20:29', 45000),
(700, 241, 120, 1, 'HOP', '2023-11-29 00:20:46', '2023-11-29 00:20:46', 100000),
(701, 238, 40, 1, '-', '2023-11-29 00:21:54', '2023-11-29 00:21:54', 30000),
(702, 238, 41, 1, '-', '2023-11-29 00:23:20', '2023-11-29 00:23:20', 40000),
(703, 238, 59, 4, '-', '2023-11-29 00:23:48', '2023-11-29 00:23:48', 4500),
(704, 238, 44, 1, 'FUSO', '2023-11-29 00:24:45', '2023-11-29 00:24:45', 52500),
(705, 238, 43, 4, 'Seiken SC 7059', '2023-11-29 00:25:26', '2023-11-29 00:25:26', 8500),
(706, 243, 5, 14, 'Sinlube XP HD 15W/40/ KM 224939', '2023-11-29 00:28:17', '2023-11-29 00:28:17', 32000),
(707, 243, 12, 1, 'HOP JAC70', '2023-11-29 00:28:42', '2023-11-29 00:28:42', 85000),
(708, 243, 99, 1, 'sakura C-1316', '2023-11-29 00:29:25', '2023-11-29 00:29:25', 100000),
(709, 244, 45, 1, 'Rotary', '2023-11-29 23:27:57', '2023-11-29 23:27:57', 17050),
(710, 244, 44, 1, 'FUSO', '2023-11-29 23:28:16', '2023-11-29 23:28:16', 52500),
(711, 244, 59, 2, '-', '2023-11-29 23:28:47', '2023-11-29 23:28:47', 4500),
(712, 244, 107, 2, 'Seiken 40493', '2023-11-29 23:29:59', '2023-11-29 23:29:59', 10000),
(713, 246, 5, 9, 'Sinlube XP HD 15W/40', '2023-11-29 23:31:46', '2023-11-29 23:31:46', 32000),
(714, 246, 123, 1, 'HOP', '2023-11-29 23:32:45', '2023-11-29 23:32:45', 45000),
(715, 246, 120, 1, 'HOP', '2023-11-29 23:33:03', '2023-11-29 23:33:03', 100000),
(716, 246, 122, 1, 'HOP', '2023-11-29 23:33:51', '2023-11-29 23:33:51', 95000),
(717, 247, 5, 9, 'Sinlube XP HD 15W/40', '2023-11-29 23:34:40', '2023-11-29 23:34:40', 32000),
(718, 247, 123, 1, 'HOP', '2023-11-29 23:34:56', '2023-11-29 23:34:56', 45000),
(719, 247, 120, 1, 'HOP', '2023-11-29 23:35:11', '2023-11-29 23:35:11', 100000),
(720, 247, 122, 1, 'HOP', '2023-11-29 23:35:49', '2023-11-29 23:35:49', 95000),
(721, 248, 44, 1, 'FUSO', '2023-12-03 21:41:46', '2023-12-03 21:44:43', 52500),
(722, 248, 13, 1, 'Seiken', '2023-12-03 21:43:00', '2023-12-03 21:43:00', 80000),
(723, 248, 90, 1, 'seiken', '2023-12-03 21:44:30', '2023-12-03 21:44:30', 450000),
(724, 252, 18, 2, 'Goodyear HD', '2023-12-05 19:47:51', '2023-12-05 19:47:51', 1350000),
(725, 252, 21, 1, 'GT R16', '2023-12-05 19:48:08', '2023-12-05 19:48:08', 50000),
(726, 253, 18, 2, 'Goodyear HD', '2023-12-05 19:50:53', '2023-12-05 19:50:53', 1350000),
(727, 253, 20, 2, 'GT 750-16', '2023-12-05 19:51:10', '2023-12-05 19:51:10', 190000),
(728, 253, 21, 2, 'GT R16', '2023-12-05 19:51:26', '2023-12-05 19:51:26', 50000),
(729, 254, 21, 2, 'GT R16', '2023-12-05 19:52:33', '2023-12-05 19:52:33', 50000),
(730, 254, 18, 2, 'Goodyear HD', '2023-12-05 19:52:49', '2023-12-05 19:52:49', 1350000),
(731, 254, 20, 2, 'GT 750-16', '2023-12-05 19:53:07', '2023-12-05 19:53:07', 190000),
(732, 255, 46, 2, '-', '2023-12-05 23:27:17', '2023-12-05 23:27:17', 140000),
(733, 256, 22, 3, 'Indotube 900-20', '2023-12-11 00:12:01', '2023-12-11 00:12:01', 255000),
(734, 256, 23, 4, '95000', '2023-12-11 00:12:15', '2023-12-11 00:12:15', 95000),
(735, 256, 99, 1, 'sakura C-1316', '2023-12-11 00:12:47', '2023-12-11 00:12:47', 100000),
(736, 256, 12, 1, '-', '2023-12-11 00:13:33', '2023-12-11 00:13:33', 85000),
(737, 256, 19, 4, '2AE3921/D1M4L6661,2AE3321/D1U3L3270,2AE3921/D1R1L4661,2AE1021,2AE3120', '2023-12-11 00:21:46', '2023-12-11 00:21:46', 1550000),
(738, 256, 5, 14, 'Sinlube XP HD 15W/40', '2023-12-11 00:22:06', '2023-12-11 00:22:06', 32000),
(739, 256, 123, 1, 'HOP', '2023-12-11 00:22:25', '2023-12-11 00:22:25', 45000),
(740, 257, 44, 1, 'FUSO', '2023-12-14 22:48:06', '2023-12-14 22:48:06', 52500),
(741, 257, 14, 1, 'Seiken', '2023-12-14 22:48:29', '2023-12-14 22:48:29', 50000),
(742, 257, 42, 1, '-', '2023-12-14 22:48:50', '2023-12-14 22:48:50', 650000),
(743, 258, 4, 1, 'National', '2023-12-14 22:50:09', '2023-12-14 22:50:09', 550000),
(744, 258, 40, 1, '-', '2023-12-14 22:50:30', '2023-12-14 22:50:30', 30000),
(745, 258, 45, 2, 'Rotary', '2023-12-14 22:50:51', '2023-12-14 22:50:51', 17050),
(746, 258, 127, 4, 'Sinlube Nebulla HD140', '2023-12-14 22:51:27', '2023-12-14 22:51:27', 47000),
(747, 258, 48, 1, 'SH', '2023-12-14 22:51:54', '2023-12-14 22:51:54', 90000),
(748, 260, 5, 14, 'Sinlube XP HD 15W/40', '2023-12-17 23:14:21', '2023-12-17 23:14:21', 32000),
(749, 260, 22, 8, 'KRC 900-20', '2023-12-17 23:14:46', '2023-12-17 23:14:46', 245000),
(750, 260, 23, 8, 'KRC R20', '2023-12-17 23:15:11', '2023-12-17 23:15:11', 80000),
(751, 260, 99, 1, 'sakura C-1316', '2023-12-17 23:15:28', '2023-12-17 23:15:28', 100000),
(752, 260, 195, 2, 'Yuasa ', '2023-12-17 23:15:55', '2023-12-17 23:15:55', 860000),
(753, 260, 240, 2, '-', '2023-12-17 23:16:08', '2023-12-17 23:16:08', 35000),
(754, 260, 12, 1, 'HoP', '2023-12-17 23:16:36', '2023-12-17 23:16:36', 85000),
(755, 260, 236, 2, 'HOP', '2023-12-17 23:17:08', '2023-12-17 23:17:08', 340000),
(756, 260, 111, 4, 'BS-4821-3620,1622-0246, GT-4022-9472,11022-6926/ Jamblang', '2023-12-17 23:17:47', '2023-12-17 23:17:47', 1500000),
(757, 260, 19, 4, 'GY-0122,1321, BS-3182-2621,2466-0622/ Vulkanin', '2023-12-17 23:19:28', '2023-12-17 23:19:28', 1550000),
(758, 260, 123, 1, 'HOP', '2023-12-17 23:21:45', '2023-12-17 23:21:45', 45000),
(759, 259, 8, 1, '-', '2023-12-18 01:56:02', '2023-12-18 01:56:02', 2500),
(760, 259, 5, 9, 'Sinlube XP HD 15W/40', '2023-12-18 01:56:25', '2023-12-18 01:56:25', 32000),
(761, 259, 123, 1, 'HOP', '2023-12-18 01:57:05', '2023-12-18 01:57:05', 45000),
(762, 259, 81, 1, 'Mitsuwa', '2023-12-18 01:57:33', '2023-12-18 01:57:33', 900000),
(763, 259, 28, 5, 'HWC', '2023-12-18 01:57:55', '2023-12-18 01:57:55', 60000),
(764, 259, 44, 1, 'FUSO', '2023-12-18 01:58:15', '2023-12-18 01:58:15', 52500),
(765, 259, 41, 1, 'NOK', '2023-12-18 01:58:49', '2023-12-18 01:58:49', 135000),
(766, 259, 59, 2, 'Seiken', '2023-12-18 01:59:25', '2023-12-18 01:59:25', 4500),
(767, 259, 120, 1, 'HOP', '2023-12-18 02:00:04', '2023-12-18 02:00:04', 100000),
(768, 259, 9, 2, '-', '2023-12-18 02:00:23', '2023-12-18 02:00:23', 20000),
(769, 259, 130, 8, 'Wakasa', '2023-12-18 02:01:36', '2023-12-18 02:01:36', 10000),
(770, 259, 122, 1, 'HOP', '2023-12-18 02:02:47', '2023-12-18 02:02:47', 95000),
(771, 261, 5, 9, 'Sinlube XP HD 15W/40', '2023-12-18 02:04:00', '2023-12-18 02:04:00', 32000),
(772, 261, 123, 1, 'HOP', '2023-12-18 02:04:25', '2023-12-18 02:04:25', 45000),
(773, 261, 120, 1, 'HOP', '2023-12-18 02:04:52', '2023-12-18 02:04:52', 100000),
(774, 261, 122, 1, 'HOP', '2023-12-18 02:05:38', '2023-12-18 02:05:38', 95000),
(775, 262, 123, 1, 'HOP', '2023-12-19 00:03:01', '2023-12-19 00:03:01', 45000),
(776, 262, 3, 1, 'HOP', '2023-12-19 00:03:38', '2023-12-19 00:03:38', 100000),
(777, 262, 122, 1, 'HOP', '2023-12-19 00:04:22', '2023-12-19 00:04:22', 95000),
(778, 262, 5, 9, 'Sinlube XP HD 15W/40', '2023-12-19 00:04:39', '2023-12-19 00:04:39', 32000),
(779, 263, 123, 1, 'HOP', '2023-12-19 00:05:36', '2023-12-19 00:05:36', 45000),
(780, 263, 120, 1, 'HOP', '2023-12-19 00:06:04', '2023-12-19 00:06:04', 100000),
(781, 263, 240, 2, '-', '2023-12-19 00:06:18', '2023-12-19 00:06:18', 35000),
(782, 263, 5, 9, 'Sinlube XP HD 15W/40', '2023-12-19 00:08:39', '2023-12-19 00:08:39', 32000),
(783, 265, 44, 1, 'FUSO', '2023-12-19 23:33:20', '2023-12-19 23:33:20', 52500),
(784, 265, 13, 1, 'Seiken', '2023-12-19 23:33:56', '2023-12-19 23:33:56', 80000),
(785, 264, 5, 9, 'Sinlube XP HD 15W/40', '2023-12-19 23:34:56', '2023-12-19 23:34:56', 32000),
(786, 264, 123, 1, 'HOP', '2023-12-19 23:35:45', '2023-12-19 23:35:45', 45000),
(787, 266, 44, 1, 'FUSO', '2023-12-26 00:03:14', '2023-12-26 00:03:14', 52500),
(788, 266, 14, 1, 'Seiken', '2023-12-26 00:07:06', '2023-12-26 00:07:06', 50000),
(789, 268, 37, 1, 'Koyo 33210', '2023-12-26 00:08:28', '2023-12-26 00:08:28', 280000),
(790, 268, 57, 1, '-', '2023-12-26 00:09:28', '2023-12-26 00:09:28', 65000),
(792, 268, 36, 1, 'Koyo 32207', '2023-12-26 00:11:41', '2023-12-26 00:11:41', 95000),
(793, 268, 42, 1, '-', '2023-12-26 00:12:01', '2023-12-26 00:12:01', 650000),
(794, 268, 44, 1, 'FUSO', '2023-12-26 00:12:34', '2023-12-26 00:12:34', 52500),
(795, 268, 45, 1, 'Rotary', '2023-12-26 00:14:19', '2023-12-26 00:14:19', 17050),
(796, 269, 244, 1, '-', '2023-12-26 00:20:08', '2023-12-26 00:20:08', 185000),
(797, 275, 117, 1, 'Yuasa N100 ', '2024-01-03 01:31:08', '2024-01-03 01:31:08', 1315000),
(798, 276, 5, 9, 'Sinlube XP HD 15W/40', '2024-01-03 23:12:59', '2024-01-03 23:12:59', 32000),
(799, 276, 2, 1, 'HOP', '2024-01-03 23:13:21', '2024-01-03 23:13:21', 45000),
(800, 276, 3, 1, 'HOP', '2024-01-03 23:13:38', '2024-01-03 23:13:38', 100000),
(801, 276, 122, 1, 'HOP', '2024-01-03 23:14:05', '2024-01-03 23:14:05', 95000),
(802, 272, 31, 1, 'Pantek nikki', '2024-01-03 23:15:05', '2024-01-03 23:15:05', 525000),
(803, 272, 32, 1, 'NSK 3803RA', '2024-01-03 23:15:24', '2024-01-03 23:15:24', 300000),
(804, 272, 10, 1, 'HOP', '2024-01-03 23:15:34', '2024-01-03 23:15:34', 700000),
(805, 272, 45, 2, 'Rotary', '2024-01-03 23:15:59', '2024-01-03 23:15:59', 17050),
(806, 272, 123, 1, 'HOP', '2024-01-03 23:17:26', '2024-01-03 23:17:26', 45000),
(807, 272, 8, 1, '-', '2024-01-03 23:22:43', '2024-01-03 23:22:43', 2500),
(808, 272, 29, 2, '-', '2024-01-03 23:22:59', '2024-01-03 23:22:59', 60000),
(809, 272, 43, 4, 'Seiken SC 7059', '2024-01-03 23:23:21', '2024-01-03 23:23:21', 8500),
(810, 272, 120, 1, 'HOP', '2024-01-03 23:23:48', '2024-01-03 23:23:48', 100000),
(811, 272, 122, 1, 'HOP', '2024-01-03 23:24:32', '2024-01-03 23:24:32', 95000),
(812, 272, 59, 2, 'Seiken', '2024-01-03 23:26:28', '2024-01-03 23:26:28', 4500),
(813, 272, 9, 1, '-', '2024-01-03 23:27:29', '2024-01-03 23:27:29', 20000),
(814, 272, 49, 1, 'Koyo ', '2024-01-03 23:30:42', '2024-01-03 23:30:42', 165000),
(815, 272, 61, 2, 'Seiken', '2024-01-03 23:32:10', '2024-01-03 23:32:10', 12500),
(816, 272, 44, 1, 'FUSO', '2024-01-03 23:32:33', '2024-01-03 23:32:33', 52500),
(817, 273, 170, 1, '-', '2024-01-03 23:37:45', '2024-01-03 23:37:45', 260000),
(818, 280, 204, 2, '-', '2024-01-04 23:47:04', '2024-01-04 23:47:04', 676500),
(819, 280, 203, 1, '-', '2024-01-04 23:47:16', '2024-01-04 23:47:16', 521500),
(820, 280, 184, 2, '-', '2024-01-04 23:47:32', '2024-01-04 23:47:32', 35000),
(821, 280, 185, 6, '-', '2024-01-04 23:47:59', '2024-01-04 23:47:59', 55000),
(822, 280, 186, 2, '-', '2024-01-04 23:48:16', '2024-01-04 23:48:16', 30000),
(823, 280, 160, 2, '-', '2024-01-04 23:48:38', '2024-01-04 23:48:38', 50000),
(824, 280, 187, 6, 'baud samping', '2024-01-04 23:49:14', '2024-01-04 23:49:14', 10000),
(825, 280, 187, 6, 'Baud Spi', '2024-01-04 23:49:42', '2024-01-04 23:49:42', 15000),
(826, 280, 188, 6, '-', '2024-01-04 23:49:59', '2024-01-04 23:49:59', 10000),
(827, 280, 71, 4, '-', '2024-01-04 23:50:14', '2024-01-04 23:50:14', 65000),
(828, 280, 162, 2, 'Jasa Bongkar Pasang', '2024-01-04 23:50:28', '2024-01-04 23:50:28', 75000),
(829, 280, 162, 4, 'Jasa Bongkar Pasang stoper', '2024-01-04 23:50:47', '2024-01-04 23:50:47', 10000),
(830, 277, 18, 2, 'Goodyear HD', '2024-01-04 23:53:09', '2024-01-04 23:53:09', 1350000),
(831, 277, 20, 2, 'GT 750-16', '2024-01-04 23:53:23', '2024-01-04 23:53:23', 190000),
(832, 277, 21, 2, 'GT R16', '2024-01-04 23:53:38', '2024-01-04 23:53:38', 50000),
(833, 277, 4, 1, 'FR RH', '2024-01-09 19:57:58', '2024-01-09 19:57:58', 550000),
(834, 277, 43, 2, 'Seiken SC 7059', '2024-01-09 19:58:30', '2024-01-09 19:58:30', 8500),
(835, 277, 45, 1, 'Rotary', '2024-01-09 19:58:50', '2024-01-09 19:58:50', 17050),
(836, 277, 44, 1, 'FUSO', '2024-01-09 19:59:13', '2024-01-09 19:59:13', 52500),
(837, 278, 14, 1, 'Seiken', '2024-01-09 20:02:35', '2024-01-09 20:02:35', 50000),
(838, 278, 44, 1, 'FUSO', '2024-01-09 20:02:53', '2024-01-09 20:02:53', 52500),
(839, 279, 5, 9, 'Sinlube XP HD 15W/40', '2024-01-09 20:04:45', '2024-01-09 20:04:45', 32000),
(840, 279, 122, 1, 'HOP', '2024-01-09 20:05:00', '2024-01-09 20:05:00', 95000),
(841, 279, 228, 1, 'HOP', '2024-01-09 20:05:17', '2024-01-09 20:05:17', 100000),
(842, 279, 123, 1, 'HOP', '2024-01-09 20:05:31', '2024-01-09 20:05:31', 45000),
(843, 279, 60, 1, 'JIMCO', '2024-01-09 20:05:53', '2024-01-09 20:05:53', 90000),
(844, 281, 8, 1, '-', '2024-01-09 20:07:47', '2024-01-09 20:07:47', 2500),
(845, 281, 45, 2, 'Rotary', '2024-01-09 20:08:05', '2024-01-09 20:08:05', 17050),
(846, 285, 18, 2, 'Z08-33922,X03-20552/Goodyear', '2024-01-12 00:56:07', '2024-01-12 00:56:07', 1350000),
(847, 285, 20, 2, 'GT 750-16', '2024-01-12 00:56:25', '2024-01-12 00:56:25', 190000),
(848, 285, 21, 2, 'GT R16', '2024-01-12 00:56:38', '2024-01-12 00:56:38', 50000),
(849, 286, 12, 1, 'HOP', '2024-01-15 02:29:13', '2024-01-15 02:29:13', 85000),
(850, 286, 5, 15, 'Sinlube XP HD 15W/40/ Km 478043', '2024-01-15 02:29:39', '2024-01-16 01:04:46', 32000),
(851, 286, 22, 4, 'KRC 900-20', '2024-01-15 02:29:58', '2024-01-15 02:29:58', 245000),
(852, 286, 99, 1, 'sakura C-1316', '2024-01-15 02:30:56', '2024-01-15 02:30:56', 100000),
(853, 286, 19, 4, '3422-2309,1422-1035,3822-0453,2022-5986/ Jamblang', '2024-01-15 02:31:56', '2024-01-15 02:31:56', 1500000),
(854, 286, 123, 1, 'HOP', '2024-01-15 02:32:31', '2024-01-15 02:32:31', 45000),
(855, 287, 42, 1, '-', '2024-01-15 02:36:43', '2024-01-15 02:36:43', 650000),
(856, 287, 5, 10, 'Sinlube XP HD 15W/40', '2024-01-15 02:37:11', '2024-01-15 02:37:11', 32000),
(857, 287, 122, 1, 'HOP', '2024-01-15 02:37:46', '2024-01-15 02:37:46', 95000),
(859, 287, 228, 1, 'HOP', '2024-01-15 02:39:52', '2024-01-15 02:39:52', 100000),
(860, 287, 123, 1, 'HOP', '2024-01-15 02:40:15', '2024-01-15 02:40:15', 45000),
(861, 286, 224, 2, '-', '2024-01-15 23:45:06', '2024-01-15 23:45:06', 250000),
(862, 288, 44, 1, 'FUSO', '2024-01-15 23:45:45', '2024-01-15 23:45:45', 52500),
(863, 288, 13, 1, 'Seiken', '2024-01-15 23:46:22', '2024-01-15 23:46:22', 80000),
(864, 290, 117, 1, 'Y', '2024-01-15 23:51:27', '2024-01-15 23:51:27', 1315000),
(865, 289, 5, 9, 'Sinlube XP HD 15W/40', '2024-01-17 00:54:29', '2024-01-17 00:54:29', 32000),
(866, 289, 122, 1, 'HOP', '2024-01-17 00:54:50', '2024-01-17 00:54:50', 95000),
(867, 289, 123, 1, 'HOP', '2024-01-17 00:55:07', '2024-01-17 00:55:07', 45000),
(868, 289, 123, 1, 'HOP', '2024-01-17 00:55:31', '2024-01-17 00:55:31', 45000),
(869, 291, 46, 2, '-', '2024-01-17 01:00:10', '2024-01-17 01:00:10', 145000),
(870, 291, 60, 1, 'JIMCO', '2024-01-17 01:00:47', '2024-01-17 01:00:47', 95000),
(871, 292, 5, 9, 'Sinlube XP HD 15W/40', '2024-01-17 20:27:05', '2024-01-17 20:27:05', 32000),
(872, 292, 122, 1, 'HOP', '2024-01-17 20:27:28', '2024-01-17 20:27:28', 95000),
(873, 292, 123, 1, 'HOP', '2024-01-17 20:29:00', '2024-01-17 20:29:00', 45000),
(874, 292, 228, 1, 'HOP', '2024-01-17 20:29:26', '2024-01-17 20:29:26', 100000),
(875, 294, 7, 1, 'RCA', '2024-01-18 00:06:47', '2024-01-18 00:06:47', 110000),
(876, 294, 36, 1, 'Koyo 32207', '2024-01-18 00:07:09', '2024-01-18 00:07:09', 95000),
(877, 294, 44, 1, 'FUSO', '2024-01-18 00:07:34', '2024-01-18 00:07:34', 52500),
(878, 294, 57, 1, '-', '2024-01-18 00:08:27', '2024-01-18 00:08:27', 65000),
(879, 294, 175, 2, '-', '2024-01-18 00:13:57', '2024-01-18 00:13:57', 60000),
(880, 295, 5, 9, 'Sinlube XP HD 15W/40', '2024-01-18 01:52:14', '2024-01-18 01:52:14', 32000),
(881, 295, 122, 1, 'HOP', '2024-01-18 01:52:32', '2024-01-18 01:52:32', 95000),
(882, 295, 123, 1, 'HOP', '2024-01-18 01:52:51', '2024-01-18 01:52:51', 45000),
(883, 295, 228, 1, 'HOP', '2024-01-18 01:53:10', '2024-01-18 01:53:10', 100000),
(884, 295, 44, 1, 'FUSO', '2024-01-18 01:53:30', '2024-01-18 01:53:30', 52500),
(885, 295, 13, 1, 'Seiken', '2024-01-18 01:54:04', '2024-01-18 01:54:04', 80000),
(886, 296, 4, 1, 'National', '2024-01-18 01:54:54', '2024-01-18 01:54:54', 550000),
(887, 296, 45, 2, 'Rotary', '2024-01-18 01:55:12', '2024-01-18 01:55:12', 17050),
(888, 296, 44, 1, 'FUSO', '2024-01-18 02:01:21', '2024-01-18 02:01:21', 52500),
(889, 297, 107, 4, 'Seiken 40493', '2024-01-18 23:12:44', '2024-01-18 23:12:44', 10000),
(890, 297, 44, 1, 'FUSO', '2024-01-18 23:15:14', '2024-01-18 23:15:14', 52500),
(891, 297, 125, 1, 'RR RH', '2024-01-18 23:18:12', '2024-01-18 23:18:12', 225000),
(892, 291, 58, 4, '-', '2024-01-19 02:03:17', '2024-01-19 02:03:17', 65000),
(893, 299, 31, 1, 'Pantek nikki', '2024-01-22 20:29:55', '2024-01-22 20:29:55', 525000),
(894, 299, 109, 1, '-', '2024-01-22 20:30:58', '2024-01-22 20:30:58', 185000),
(895, 300, 5, 9, 'Sinlube XP HD 15W/40', '2024-01-23 00:06:00', '2024-01-23 00:06:00', 32000),
(896, 300, 1, 1, 'HOP', '2024-01-23 00:06:18', '2024-01-23 00:06:18', 95000),
(897, 300, 2, 1, 'HOP', '2024-01-23 00:06:34', '2024-01-23 00:06:34', 45000),
(898, 300, 3, 1, 'Sakura 1002', '2024-01-23 00:06:53', '2024-01-23 00:06:53', 20000),
(899, 300, 50, 1, '-', '2024-01-23 00:07:13', '2024-01-23 00:07:13', 90000),
(900, 308, 204, 1, '-', '2024-01-25 20:00:55', '2024-01-25 20:00:55', 676500),
(901, 308, 255, 1, '-', '2024-01-25 20:01:17', '2024-01-25 20:01:17', 141000),
(902, 308, 184, 2, '-', '2024-01-25 20:01:38', '2024-01-25 20:01:38', 35000),
(903, 308, 160, 4, 'Kleman Per', '2024-01-25 20:02:08', '2024-01-25 20:02:08', 50000),
(904, 308, 186, 4, '-', '2024-01-25 20:02:27', '2024-01-25 20:02:27', 30000),
(905, 308, 185, 6, '-', '2024-01-25 20:02:45', '2024-01-25 20:02:45', 55000),
(906, 308, 187, 6, 'Baid spi', '2024-01-25 20:03:17', '2024-01-25 20:03:17', 15000),
(907, 308, 187, 4, 'baud samping', '2024-01-25 20:03:41', '2024-01-25 20:03:41', 10000),
(908, 308, 71, 4, '-', '2024-01-25 20:03:58', '2024-01-25 20:03:58', 65000),
(909, 308, 188, 6, '-', '2024-01-25 20:04:13', '2024-01-25 20:04:13', 10000),
(910, 308, 162, 2, 'Jasa Bongkar Pasang', '2024-01-25 20:04:33', '2024-01-25 20:04:33', 75000),
(911, 308, 162, 4, 'Jasa Bongkar Pasang stoper', '2024-01-25 20:04:49', '2024-01-25 20:04:49', 15000),
(912, 308, 192, 6, '-', '2024-01-25 20:05:46', '2024-01-25 20:05:46', 10000),
(913, 302, 5, 9, 'Sinlube XP HD 15W/40', '2024-01-25 20:07:12', '2024-01-25 20:07:12', 32000),
(914, 302, 1, 1, 'HOP', '2024-01-25 20:07:27', '2024-01-25 20:07:27', 95000),
(915, 302, 2, 1, 'HOP', '2024-01-25 20:07:42', '2024-01-25 20:07:42', 45000),
(916, 302, 3, 1, 'Sakura 1002', '2024-01-25 20:08:21', '2024-01-25 20:08:21', 20000),
(917, 304, 5, 9, 'Sinlube XP HD 15W/40', '2024-01-25 23:32:50', '2024-01-25 23:32:50', 32000),
(918, 304, 1, 1, 'HOP', '2024-01-25 23:33:08', '2024-01-25 23:33:08', 95000),
(919, 304, 2, 1, 'HOP', '2024-01-25 23:33:30', '2024-01-25 23:33:30', 45000),
(920, 304, 3, 1, 'Sakira 1002', '2024-01-25 23:33:55', '2024-01-25 23:33:55', 20000),
(921, 305, 8, 2, '-', '2024-01-25 23:38:21', '2024-01-25 23:38:21', 2500),
(922, 305, 45, 1, 'Rotary', '2024-01-25 23:41:07', '2024-01-25 23:41:07', 17150),
(923, 305, 41, 1, 'NOK', '2024-01-25 23:41:47', '2024-01-25 23:41:47', 125000),
(924, 306, 14, 1, 'Seiken', '2024-01-25 23:43:17', '2024-01-25 23:43:17', 50000),
(925, 306, 44, 1, 'FUSO', '2024-01-25 23:43:36', '2024-01-25 23:43:36', 52500),
(926, 307, 5, 9, 'Sinlube XP HD 15W/40', '2024-01-28 23:52:09', '2024-01-28 23:52:09', 32000),
(927, 307, 1, 1, 'HOP', '2024-01-28 23:52:39', '2024-01-28 23:52:39', 95000),
(928, 307, 2, 1, 'HOP', '2024-01-28 23:53:02', '2024-01-28 23:53:02', 45000),
(929, 307, 3, 1, 'Sakura-1002', '2024-01-28 23:53:25', '2024-01-28 23:53:25', 20000),
(930, 309, 7, 1, 'RCA', '2024-01-29 00:03:42', '2024-01-29 00:03:42', 110000),
(931, 309, 43, 2, 'Seiken SC 7059', '2024-01-29 00:04:19', '2024-01-29 00:04:19', 8500),
(932, 309, 61, 2, 'Seiken-40824', '2024-01-29 00:05:10', '2024-01-29 00:05:10', 12500),
(933, 309, 44, 1, 'FUSO', '2024-01-29 00:05:49', '2024-01-29 00:05:49', 52500),
(934, 309, 45, 2, 'Rotary', '2024-01-29 00:09:26', '2024-01-29 00:09:26', 17050),
(935, 309, 57, 2, '-', '2024-01-29 00:09:58', '2024-01-29 00:09:58', 65000),
(936, 309, 127, 3, 'HD 140', '2024-01-29 00:11:09', '2024-01-29 00:11:09', 47000),
(937, 310, 248, 1, 'Per Wabco', '2024-01-29 23:59:37', '2024-01-29 23:59:37', 175000),
(938, 311, 1, 1, 'Sakura C-1318', '2024-01-31 00:45:53', '2024-01-31 00:45:53', 65000),
(939, 311, 3, 1, 'Sakura-1002', '2024-01-31 00:46:16', '2024-01-31 00:46:16', 20000),
(940, 311, 5, 9, 'Sinlube XP HD 15W/40', '2024-01-31 00:46:34', '2024-01-31 00:46:34', 32000),
(941, 311, 2, 1, 'HOP', '2024-01-31 00:46:49', '2024-01-31 00:46:49', 45000),
(942, 312, 1, 1, 'Sakura C-1318', '2024-02-04 20:53:01', '2024-02-04 20:53:01', 65000),
(944, 312, 2, 1, 'HOP', '2024-02-04 21:26:12', '2024-02-04 21:26:12', 45000),
(945, 312, 3, 1, 'Sakura F-1002', '2024-02-04 21:26:47', '2024-02-04 21:26:47', 20000),
(946, 312, 5, 9, 'Sinlube XP HD 15W/40', '2024-02-04 21:27:04', '2024-02-04 21:27:04', 32000),
(947, 312, 15, 4, '-', '2024-02-04 21:30:25', '2024-02-04 21:30:25', 150000),
(948, 312, 44, 1, 'FUSO', '2024-02-04 21:31:12', '2024-02-04 21:31:12', 52500),
(949, 313, 43, 4, 'Seiken SC 7059', '2024-02-05 23:28:35', '2024-02-05 23:28:35', 8500),
(950, 313, 45, 1, 'Rotary', '2024-02-05 23:29:02', '2024-02-05 23:29:02', 17050),
(951, 313, 59, 2, 'SC-40294', '2024-02-05 23:31:32', '2024-02-05 23:31:32', 4500),
(952, 313, 61, 2, 'SC-40284', '2024-02-05 23:32:42', '2024-02-05 23:32:42', 12500),
(953, 313, 8, 1, '-', '2024-02-05 23:33:03', '2024-02-05 23:33:03', 2500),
(954, 314, 5, 9, 'Sinlube XP HD 15W/40', '2024-02-05 23:34:23', '2024-02-05 23:34:23', 32000),
(955, 314, 1, 1, 'Sakura C-1318', '2024-02-05 23:34:51', '2024-02-05 23:34:51', 65000),
(956, 314, 2, 1, 'HOP', '2024-02-05 23:35:09', '2024-02-05 23:35:09', 45000),
(957, 314, 3, 1, 'F-1002', '2024-02-05 23:35:28', '2024-02-05 23:35:28', 20000),
(958, 314, 60, 1, 'JIMCO', '2024-02-06 00:37:21', '2024-02-06 00:37:21', 95000),
(959, 314, 57, 1, '-', '2024-02-06 00:39:49', '2024-02-06 00:39:49', 65000),
(960, 316, 1, 1, 'Sakura C-1318', '2024-02-13 00:51:19', '2024-02-13 00:51:19', 65000),
(961, 316, 3, 1, 'Sakura F1002', '2024-02-13 00:51:43', '2024-02-13 00:51:43', 20000),
(962, 316, 5, 9, 'Sinlube XP HD 15W/40', '2024-02-13 00:51:59', '2024-02-13 00:51:59', 32000),
(963, 316, 2, 1, 'HOP', '2024-02-13 00:52:17', '2024-02-13 00:52:17', 45000),
(964, 316, 130, 4, 'Wakasa', '2024-02-13 00:53:57', '2024-02-13 00:53:57', 10000),
(965, 317, 256, 1, 'HOP 6845-01670', '2024-02-13 01:02:39', '2024-02-13 01:02:39', 450000),
(966, 315, 5, 2, 'Sinlube XP HD 15W/40', '2024-02-13 01:06:08', '2024-02-13 01:06:08', 32000),
(967, 318, 1, 1, 'Sakura C-1318', '2024-02-14 22:48:20', '2024-02-14 22:48:20', 65000),
(968, 318, 3, 1, 'Sakura F1002', '2024-02-14 22:48:48', '2024-02-14 22:48:48', 20000),
(969, 318, 5, 9, 'Sinlube XP HD 15W/40', '2024-02-14 22:49:05', '2024-02-14 22:49:05', 32000),
(970, 318, 13, 1, 'Seiken', '2024-02-14 22:49:44', '2024-02-14 22:49:44', 80000),
(971, 319, 1, 1, 'Sakura C-1318', '2024-02-14 23:39:11', '2024-02-14 23:39:11', 65000),
(972, 319, 3, 1, 'sakura F-1002', '2024-02-14 23:39:36', '2024-02-14 23:39:36', 20000),
(973, 319, 5, 9, 'Sinlube XP HD 15W/40', '2024-02-14 23:40:00', '2024-02-14 23:40:00', 32000),
(974, 319, 2, 1, 'HOP', '2024-02-14 23:40:24', '2024-02-14 23:40:24', 45000),
(975, 318, 79, 1, '-', '2024-02-14 23:57:07', '2024-02-14 23:57:07', 40000),
(976, 319, 2, 1, 'HOP', '2024-02-15 23:00:24', '2024-02-15 23:00:24', 45000),
(977, 320, 4, 1, 'National', '2024-02-16 00:43:22', '2024-02-16 00:43:22', 550000),
(978, 320, 7, 1, 'RCA', '2024-02-16 00:43:36', '2024-02-16 00:43:36', 110000),
(979, 320, 175, 2, '-', '2024-02-16 00:46:33', '2024-02-16 00:46:33', 55000),
(980, 320, 58, 3, '-', '2024-02-16 00:46:46', '2024-02-16 00:46:46', 65000),
(981, 320, 45, 2, 'Rotary', '2024-02-16 00:57:30', '2024-02-16 00:57:30', 17050),
(982, 321, 44, 1, 'Fuso', '2024-02-18 20:56:13', '2024-02-18 20:56:13', 52500),
(983, 321, 41, 1, 'NOK', '2024-02-18 20:56:38', '2024-02-18 20:56:38', 125000),
(984, 321, 8, 1, '-', '2024-02-18 20:56:50', '2024-02-18 20:56:50', 2500),
(985, 321, 45, 2, 'Rotary', '2024-02-18 20:57:22', '2024-02-18 20:57:22', 17050),
(986, 323, 66, 1, '-', '2024-02-19 01:22:50', '2024-02-19 01:22:50', 325000),
(987, 323, 133, 5, '-', '2024-02-19 01:24:02', '2024-02-19 01:24:02', 65000),
(988, 322, 66, 1, '-', '2024-02-19 01:26:17', '2024-02-19 01:26:17', 325000),
(989, 326, 61, 1, 'Hop', '2024-02-21 20:08:24', '2024-02-21 20:08:24', 12500),
(990, 326, 43, 4, 'Hop', '2024-02-21 20:08:51', '2024-02-21 20:08:51', 8500),
(991, 328, 18, 2, 'Goodyear HD', '2024-02-22 20:05:38', '2024-02-22 20:05:38', 1350000),
(992, 328, 20, 2, 'GT 750-16', '2024-02-22 20:05:56', '2024-02-22 20:05:56', 190000),
(993, 328, 21, 2, 'GT R16', '2024-02-22 20:06:11', '2024-02-22 20:06:11', 50000),
(994, 329, 18, 2, 'GT 750-16', '2024-02-22 20:11:23', '2024-02-22 20:11:23', 1475000),
(995, 329, 20, 2, 'GT 750-16', '2024-02-22 20:11:44', '2024-02-22 20:11:44', 190000),
(996, 329, 21, 2, 'GT R16', '2024-02-22 20:12:02', '2024-02-22 20:12:02', 50000),
(997, 326, 5, 9, 'Sinlube XP HD 15W/40', '2024-02-26 00:59:46', '2024-02-26 00:59:46', 32000),
(998, 326, 1, 1, 'HOP', '2024-02-26 01:00:01', '2024-02-26 01:00:01', 65000),
(999, 326, 3, 1, 'sakura F-1002', '2024-02-26 01:00:19', '2024-02-26 01:00:19', 20000),
(1000, 326, 123, 1, 'HOP', '2024-02-26 01:00:35', '2024-02-26 01:00:35', 45000),
(1001, 331, 65, 1, 'Bando', '2024-02-26 01:03:38', '2024-02-26 01:03:38', 95000),
(1002, 331, 117, 1, 'Yuasa N100 ', '2024-02-26 01:03:57', '2024-02-26 01:03:57', 1315000),
(1003, 325, 257, 2, '-', '2024-02-26 01:24:04', '2024-02-26 01:24:04', 355000),
(1004, 325, 258, 1, '-', '2024-02-26 01:24:18', '2024-02-26 01:24:18', 1500000),
(1005, 325, 259, 1, '-', '2024-02-26 01:24:32', '2024-02-26 01:24:32', 55000),
(1006, 330, 8, 2, '-', '2024-02-27 00:22:50', '2024-02-27 00:22:50', 2500),
(1007, 330, 40, 1, '-', '2024-02-27 00:23:41', '2024-02-27 00:23:41', 30000),
(1008, 330, 43, 8, 'Seiken SC 7059', '2024-02-27 00:24:04', '2024-02-27 00:24:04', 8500),
(1009, 330, 59, 4, 'Seiken', '2024-02-27 00:24:41', '2024-02-27 00:24:41', 4500),
(1010, 330, 61, 4, '-', '2024-02-27 00:25:13', '2024-02-27 00:25:13', 12500),
(1011, 330, 45, 2, 'Rotary', '2024-02-27 00:25:31', '2024-02-27 00:25:31', 17050),
(1012, 330, 44, 1, '52500', '2024-02-27 00:27:51', '2024-02-27 00:27:51', 52500),
(1013, 330, 127, 5, 'Sinlube Nebulla HD140', '2024-02-27 00:32:55', '2024-02-27 00:32:55', 47000),
(1014, 332, 1, 1, 'Sakura C-1318', '2024-02-27 00:35:14', '2024-02-27 00:35:14', 65000),
(1015, 332, 5, 9, 'Sinlube XP HD 15W/40', '2024-02-27 00:35:29', '2024-02-27 00:35:29', 32000),
(1016, 333, 211, 1, '-', '2024-02-27 01:10:53', '2024-02-27 01:10:53', 15000),
(1017, 333, 162, 2, 'Potong per', '2024-02-27 01:11:27', '2024-02-27 01:11:27', 10000),
(1018, 333, 188, 2, '-', '2024-02-27 01:11:44', '2024-02-27 01:11:44', 7000),
(1020, 333, 162, 1, 'Stempet Gemuk', '2024-02-27 01:17:04', '2024-02-27 01:17:04', 40000),
(1021, 333, 162, 1, '-', '2024-02-27 01:18:02', '2024-02-27 01:18:02', 50000),
(1022, 330, 41, 1, 'NOK', '2024-02-27 20:20:59', '2024-02-27 20:20:59', 125000),
(1024, 335, 5, 9, 'Sinlube XP HD 15W/40', '2024-02-28 01:39:58', '2024-02-28 01:39:58', 32000),
(1025, 335, 3, 1, 'Sakura F-1002', '2024-02-28 01:40:33', '2024-02-28 01:40:33', 20000),
(1026, 335, 123, 1, 'HOP', '2024-02-28 01:40:54', '2024-02-28 01:40:54', 45000),
(1027, 335, 70, 1, 'Denso', '2024-02-28 01:50:47', '2024-02-28 01:50:47', 250000),
(1028, 337, 12, 1, 'HOP', '2024-03-03 19:48:53', '2024-03-03 19:48:53', 85000),
(1029, 337, 5, 14, 'Sinlube XP HD 15W/40', '2024-03-03 19:49:18', '2024-03-03 19:49:18', 32000),
(1030, 337, 2, 1, 'HOP', '2024-03-03 19:50:00', '2024-03-03 19:50:00', 45000),
(1031, 337, 99, 1, 'sakura C-1316', '2024-03-03 19:50:44', '2024-03-03 19:50:44', 100000),
(1032, 337, 19, 2, '3022-8745,0822-2983/ Vulkanin Jaya', '2024-03-03 19:59:01', '2024-03-03 19:59:01', 1550000),
(1033, 336, 1, 1, 'Sakura C-1318', '2024-03-03 20:00:40', '2024-03-03 20:00:40', 65000),
(1034, 336, 3, 1, 'sakura F-1002', '2024-03-03 20:01:05', '2024-03-03 20:01:05', 20000),
(1035, 336, 5, 9, 'Sinlube XP HD 15W/40', '2024-03-03 20:01:24', '2024-03-03 20:01:24', 32000),
(1036, 336, 123, 1, 'HOP', '2024-03-03 20:01:50', '2024-03-03 20:01:50', 45000),
(1037, 340, 203, 1, '-', '2024-03-03 21:07:19', '2024-03-03 21:07:19', 381000),
(1038, 337, 261, 2, '-', '2024-03-04 00:37:48', '2024-03-04 00:37:48', 85000),
(1039, 338, 45, 1, 'Rotary', '2024-03-04 00:39:34', '2024-03-04 00:39:34', 17050),
(1040, 338, 36, 1, 'Koyo 32207', '2024-03-04 00:40:49', '2024-03-04 00:40:49', 95000),
(1041, 341, 60, 1, 'JIMCO', '2024-03-05 00:15:53', '2024-03-05 00:15:53', 95000),
(1042, 341, 70, 1, 'Denso 092130-0220', '2024-03-05 00:17:09', '2024-03-05 00:17:09', 215000),
(1043, 342, 5, 9, 'Sinlube XP HD 15W/40', '2024-03-05 00:18:08', '2024-03-05 00:18:08', 32000),
(1044, 343, 2, 1, 'HOP', '2024-03-05 00:21:14', '2024-03-05 00:21:14', 45000),
(1045, 343, 228, 1, 'HOP', '2024-03-05 00:22:00', '2024-03-05 00:22:00', 100000),
(1046, 344, 13, 1, 'Seiken', '2024-03-05 00:24:56', '2024-03-05 00:24:56', 80000),
(1047, 345, 96, 1, 'Hino', '2024-03-07 00:28:23', '2024-03-07 00:28:23', 1100000),
(1048, 345, 38, 8, 'Rocky', '2024-03-07 00:28:45', '2024-03-07 00:28:45', 95000),
(1049, 345, 95, 8, '12500', '2024-03-07 00:29:11', '2024-03-07 00:29:11', 12500),
(1050, 345, 97, 1, 'Eristik', '2024-03-07 00:29:58', '2024-03-07 00:29:58', 200000),
(1051, 346, 5, 9, 'Sinlube XP HD 15W/40', '2024-03-08 00:44:55', '2024-03-08 00:44:55', 32000),
(1052, 345, 94, 1, 'HOP', '2024-03-08 01:01:27', '2024-03-08 01:01:27', 1300000),
(1053, 345, 93, 1, '-', '2024-03-08 01:10:28', '2024-03-08 01:10:28', 215000),
(1054, 345, 5, 9, 'Sinlube XP HD 15W/40', '2024-03-11 20:40:43', '2024-03-11 20:40:43', 32000),
(1055, 348, 204, 1, '-', '2024-03-11 21:52:05', '2024-03-11 21:52:05', 676500),
(1056, 348, 203, 1, '-', '2024-03-11 21:52:20', '2024-03-11 21:52:20', 521500),
(1057, 348, 225, 1, '-', '2024-03-11 21:52:34', '2024-03-11 21:52:34', 312500),
(1058, 348, 184, 1, '-', '2024-03-11 21:52:48', '2024-03-11 21:52:48', 35000),
(1059, 348, 175, 1, 'LH', '2024-03-11 21:53:02', '2024-03-11 21:53:02', 85000),
(1060, 348, 162, 2, 'Jasa Bongkar Pasang', '2024-03-11 21:53:20', '2024-03-11 21:53:20', 75000),
(1061, 347, 29, 2, 'IBK', '2024-03-11 22:55:19', '2024-03-11 22:55:19', 60000),
(1062, 349, 37, 1, 'Koyo 33210', '2024-03-12 23:21:10', '2024-03-12 23:21:10', 280000),
(1063, 349, 36, 1, 'Koyo 32207', '2024-03-12 23:21:38', '2024-03-12 23:21:38', 95000),
(1064, 349, 59, 2, 'Seiken 40294', '2024-03-12 23:22:27', '2024-03-12 23:22:27', 4500),
(1065, 349, 57, 1, '-', '2024-03-12 23:23:14', '2024-03-12 23:23:14', 65000),
(1066, 349, 103, 1, '0.5', '2024-03-12 23:23:46', '2024-03-12 23:23:46', 250000),
(1067, 349, 107, 2, 'Seiken 40493', '2024-03-12 23:24:35', '2024-03-12 23:24:35', 10000),
(1068, 350, 5, 9, 'Sinlube XP HD 15W/40', '2024-03-12 23:25:09', '2024-03-12 23:25:09', 32000),
(1069, 350, 3, 1, 'HOP', '2024-03-12 23:25:40', '2024-03-12 23:25:40', 100000),
(1070, 345, 79, 1, 'Tohu', '2024-03-12 23:26:31', '2024-03-12 23:26:31', 40000),
(1071, 345, 98, 1, '-', '2024-03-12 23:27:11', '2024-03-12 23:27:11', 55000),
(1072, 351, 3, 1, 'sakura F-1002', '2024-03-13 23:44:46', '2024-03-13 23:44:46', 20000),
(1073, 351, 5, 9, 'Sinlube XP HD 15W/40', '2024-03-13 23:45:03', '2024-03-13 23:45:03', 32000),
(1074, 352, 5, 10, 'Sinlube XP HD 15W/40', '2024-03-13 23:48:50', '2024-03-13 23:48:50', 32000),
(1075, 352, 3, 1, 'sakura F-1002', '2024-03-13 23:49:08', '2024-03-13 23:49:08', 20000),
(1076, 352, 2, 1, 'HOP', '2024-03-13 23:49:35', '2024-03-13 23:49:35', 45000),
(1077, 352, 1, 1, 'HOP', '2024-03-13 23:49:58', '2024-03-13 23:49:58', 95000);

-- --------------------------------------------------------

--
-- Table structure for table `migrations`
--

CREATE TABLE `migrations` (
  `id` int(10) UNSIGNED NOT NULL,
  `migration` varchar(255) COLLATE utf8mb4_unicode_ci NOT NULL,
  `batch` int(11) NOT NULL
) ENGINE=InnoDB DEFAULT CHARSET=utf8mb4 COLLATE=utf8mb4_unicode_ci;

--
-- Dumping data for table `migrations`
--

INSERT INTO `migrations` (`id`, `migration`, `batch`) VALUES
(1, '2014_10_12_000000_create_users_table', 1),
(2, '2014_10_12_100000_create_password_reset_tokens_table', 1),
(3, '2014_10_12_100000_create_password_resets_table', 1),
(4, '2019_08_19_000000_create_failed_jobs_table', 1),
(5, '2019_12_14_000001_create_personal_access_tokens_table', 1),
(6, '2023_05_15_071514_create_suppliers_table', 1),
(7, '2023_05_15_071614_create_images_table', 1),
(8, '2023_05_15_083644_create_categories_table', 1),
(9, '2023_05_17_072857_create_brands_table', 1),
(10, '2023_05_25_080145_create_invoice_stocks_table', 1),
(11, '2023_05_30_085538_create_tags_table', 1),
(12, '2023_05_30_090106_create_taggables_table', 1),
(13, '2023_05_31_063824_create_category_units_table', 1),
(14, '2023_05_31_064033_create_types_table', 1),
(15, '2023_05_31_065455_create_spareparts_table', 1),
(16, '2023_05_31_070011_create_stocks_table', 1),
(17, '2023_06_02_070235_create_groups_table', 1),
(18, '2023_06_02_070429_create_units_table', 1),
(19, '2023_06_02_070949_create_spesifications_table', 1),
(20, '2023_06_20_081718_create_vrcs_table', 1),
(21, '2023_06_20_083355_create_vpics_table', 1),
(22, '2023_06_22_034127_create_maintenances_table', 1),
(23, '2023_06_22_034312_create_mantenance_parts_table', 1),
(24, '2023_06_27_071048_create_statelogs_table', 1),
(26, '2023_07_25_060543_add_price_to_maintenance_parts_table', 2),
(27, '2023_08_01_064335_create_customers_table', 3),
(28, '2023_10_11_043846_create_divisions_table', 4),
(44, '2023_10_16_063812_create_employees_table', 5),
(45, '2023_10_16_081716_create_employee_edus_table', 5),
(46, '2023_10_18_065438_create_employee_wehs_table', 5);

-- --------------------------------------------------------

--
-- Table structure for table `password_resets`
--

CREATE TABLE `password_resets` (
  `email` varchar(255) COLLATE utf8mb4_unicode_ci NOT NULL,
  `token` varchar(255) COLLATE utf8mb4_unicode_ci NOT NULL,
  `created_at` timestamp NULL DEFAULT NULL
) ENGINE=InnoDB DEFAULT CHARSET=utf8mb4 COLLATE=utf8mb4_unicode_ci;

-- --------------------------------------------------------

--
-- Table structure for table `password_reset_tokens`
--

CREATE TABLE `password_reset_tokens` (
  `email` varchar(255) COLLATE utf8mb4_unicode_ci NOT NULL,
  `token` varchar(255) COLLATE utf8mb4_unicode_ci NOT NULL,
  `created_at` timestamp NULL DEFAULT NULL
) ENGINE=InnoDB DEFAULT CHARSET=utf8mb4 COLLATE=utf8mb4_unicode_ci;

-- --------------------------------------------------------

--
-- Table structure for table `personal_access_tokens`
--

CREATE TABLE `personal_access_tokens` (
  `id` bigint(20) UNSIGNED NOT NULL,
  `tokenable_type` varchar(255) COLLATE utf8mb4_unicode_ci NOT NULL,
  `tokenable_id` bigint(20) UNSIGNED NOT NULL,
  `name` varchar(255) COLLATE utf8mb4_unicode_ci NOT NULL,
  `token` varchar(64) COLLATE utf8mb4_unicode_ci NOT NULL,
  `abilities` text COLLATE utf8mb4_unicode_ci DEFAULT NULL,
  `last_used_at` timestamp NULL DEFAULT NULL,
  `expires_at` timestamp NULL DEFAULT NULL,
  `created_at` timestamp NULL DEFAULT NULL,
  `updated_at` timestamp NULL DEFAULT NULL
) ENGINE=InnoDB DEFAULT CHARSET=utf8mb4 COLLATE=utf8mb4_unicode_ci;

-- --------------------------------------------------------

--
-- Table structure for table `spareparts`
--

CREATE TABLE `spareparts` (
  `id` bigint(20) UNSIGNED NOT NULL,
  `type_id` bigint(20) UNSIGNED NOT NULL,
  `category_id` bigint(20) UNSIGNED NOT NULL,
  `name` varchar(255) COLLATE utf8mb4_unicode_ci NOT NULL,
  `slug` varchar(255) COLLATE utf8mb4_unicode_ci NOT NULL,
  `code` varchar(255) COLLATE utf8mb4_unicode_ci NOT NULL,
  `description` text COLLATE utf8mb4_unicode_ci NOT NULL,
  `created_at` timestamp NULL DEFAULT NULL,
  `updated_at` timestamp NULL DEFAULT NULL
) ENGINE=InnoDB DEFAULT CHARSET=utf8mb4 COLLATE=utf8mb4_unicode_ci;

--
-- Dumping data for table `spareparts`
--

INSERT INTO `spareparts` (`id`, `type_id`, `category_id`, `name`, `slug`, `code`, `description`, `created_at`, `updated_at`) VALUES
(1, 1, 2, 'Filter Oli', 'filter-oli', '0000-0001', 'Lorem ipsum dolor sit amet consectetur adipisicing elit. Unde, impedit.', '2023-07-12 23:02:23', '2023-07-12 23:02:23'),
(2, 1, 2, 'Filter solar atas', 'filter-solar-atas', '0000-0002', 'Lorem ipsum dolor sit amet consectetur adipisicing elit. Unde, impedit.', '2023-07-12 23:02:24', '2023-07-12 23:02:24'),
(3, 1, 2, 'Filter solar bawah', 'filter-solar-bawah', '0000-0003', 'Lorem ipsum dolor sit amet consectetur adipisicing elit. Unde, impedit.', '2023-07-12 23:02:24', '2023-07-12 23:02:24'),
(4, 1, 6, 'Kinpin', 'kinpin', '29', 'Kinpin', '2023-07-20 00:29:55', '2023-07-20 00:29:55'),
(5, 8, 2, 'Oli Sinlube', 'oli-sinlube', '0418', 'Oli sinlube', '2023-07-20 00:31:09', '2023-07-20 00:31:09'),
(6, 1, 6, 'Lagher kinpin dutro', 'lagher-kinpin-dutro', '0111', 'Lagher kinpin dutro', '2023-07-20 00:41:19', '2023-07-20 00:41:19'),
(7, 1, 3, 'Kampas rem dutro', 'kampas-rem-dutro', '0001', 'Kampas rem', '2023-07-20 00:42:09', '2023-07-20 00:42:09'),
(8, 8, 4, 'Paking as roda', 'paking-as-roda', '0002', 'Paking as roda', '2023-07-20 00:43:03', '2023-07-20 00:43:03'),
(9, 1, 4, 'Pin as roda', 'pin-as-roda', '0003', 'Pin as roda', '2023-07-20 00:43:58', '2023-07-20 00:43:58'),
(10, 1, 4, 'Dekrup dutro', 'dekrup-dutro', '0006', 'Dekrup dutro', '2023-07-20 00:44:48', '2023-07-20 00:44:48'),
(11, 8, 1, 'Bohlam H4 12V', 'bohlam-h4-12v', '0070', 'Bohlam H4', '2023-07-20 00:45:27', '2023-07-20 00:45:27'),
(12, 3, 2, 'Filter solar bawah lohan', 'filter-solar-bawah-lohan', '0035', 'Filter solar bawah lohan', '2023-07-20 00:46:33', '2023-07-20 00:46:33'),
(13, 1, 4, 'Kit kopling atas', 'kit-kopling-atas', '0010', 'Kit kopling atas', '2023-07-20 01:44:37', '2023-07-20 01:44:37'),
(14, 1, 4, 'Kit kopling bawah', 'kit-kopling-bawah', '0009', 'Kit kopling bawah', '2023-07-20 01:45:17', '2023-07-20 01:45:17'),
(15, 1, 3, 'whellcylinder FR', 'whellcylinder-fr', '0374', 'Whellcylinder FR', '2023-07-20 01:47:37', '2023-07-20 01:47:37'),
(16, 1, 3, 'Whellcylinder RR', 'whellcylinder-rr', '0375', 'Whellcylinder RR', '2023-07-20 01:48:22', '2023-07-20 01:48:22'),
(17, 2, 3, 'whellcylinder FR', 'whellcylinder-fr-2', '0286', 'Whellcylinder FR', '2023-07-20 01:49:15', '2023-07-20 01:49:15'),
(18, 1, 7, 'Ban 750-16', 'ban-750-16', '0021', 'Goodyear HD', '2023-07-20 21:22:26', '2023-07-20 21:22:26'),
(19, 3, 7, 'Ban 1000-20', 'ban-1000-20', '0037', 'Ban Vulkanisir', '2023-07-20 21:23:21', '2023-07-20 21:23:21'),
(20, 1, 7, 'Ban dalam 750-16', 'ban-dalam-750-16', '0022', 'Ban dalam 750-16 GT', '2023-07-20 23:49:35', '2023-07-20 23:49:35'),
(21, 1, 7, 'Ban perut 750-16', 'ban-perut-750-16', '0023', 'Ban perut R16', '2023-07-20 23:50:20', '2023-07-20 23:50:20'),
(22, 3, 7, 'Ban dalam 900-20', 'ban-dalam-900-20', '0038', 'Ban dalam 900-20', '2023-07-20 23:51:04', '2023-07-20 23:51:04'),
(23, 3, 7, 'Ban perut R20', 'ban-perut-r20', '0039', 'Ban perut R20', '2023-07-20 23:51:36', '2023-07-20 23:51:36'),
(24, 4, 2, 'Filter oli', 'filter-oli-2', '0059', 'Sakura', '2023-07-21 00:17:15', '2023-07-21 00:17:15'),
(25, 4, 2, 'Filter solar atas FC-1012', 'filter-solar-atas-fc-1012', '0060', 'Sakura', '2023-07-21 02:04:10', '2023-07-21 02:04:10'),
(26, 4, 2, 'Filter solar bawah SF-1001', 'filter-solar-bawah-sf-1001', '0061', 'Sakura', '2023-07-21 02:05:04', '2023-07-21 02:05:04'),
(27, 1, 3, 'Boster rem dutro', 'boster-rem-dutro', '0299', 'Hop', '2023-07-23 21:51:58', '2023-07-23 21:51:58'),
(28, 1, 7, 'Baut roda belakang RH', 'baut-roda-belakang-rh', '0003-1', 'HWC', '2023-07-23 21:53:23', '2023-07-23 21:53:23'),
(29, 1, 7, 'Baut roda belakang LH', 'baut-roda-belakang-lh', '0004', 'HWC', '2023-07-23 21:54:03', '2023-07-23 21:54:03'),
(30, 3, 7, 'Velg', 'velg', '0251', '-', '2023-07-23 21:58:07', '2023-07-23 21:58:07'),
(31, 1, 4, 'Plat kopling', 'plat-kopling', '0005', 'Pantek nikki', '2023-07-24 20:06:37', '2023-07-24 20:06:37'),
(32, 1, 4, 'Deg lagher 110', 'deg-lagher-110', '0007', 'NSK', '2023-07-24 20:10:17', '2023-07-24 20:10:17'),
(33, 5, 4, 'Karet kopel', 'karet-kopel', '0411', 'Aspira', '2023-07-26 00:49:21', '2023-07-26 00:49:21'),
(34, 5, 4, 'Center bearing', 'center-bearing', '0411-1', 'UTM', '2023-07-26 00:50:19', '2023-07-26 00:50:19'),
(35, 5, 4, 'Plat kopel', 'plat-kopel', '0591', '-', '2023-07-26 00:51:00', '2023-07-26 00:51:00'),
(36, 1, 4, 'Lagher roda FR Luar', 'lagher-roda-fr-luar', '0012', '32207 Koyo', '2023-07-26 00:53:24', '2023-07-26 00:53:24'),
(37, 1, 4, 'Lagher roda FR dalam', 'lagher-roda-fr-dalam', '0013', '33210 Koyo', '2023-07-26 00:54:05', '2023-07-26 00:54:05'),
(38, 1, 2, 'Klep api/ minyak', 'klep-api-minyak', '0571', '13711-78010 IN', '2023-07-26 00:55:20', '2023-07-26 00:55:20'),
(39, 1, 2, 'Klep api/ minyak', 'klep-api-minyak-2', '0571-2', '13715-78010 EX', '2023-07-26 00:56:24', '2023-07-26 00:56:24'),
(40, 8, 4, 'Lem threebond', 'lem-threebond', '0103', '-', '2023-07-26 00:57:54', '2023-07-26 00:57:54'),
(41, 1, 4, 'Seal roda belakang 110', 'seal-roda-belakang-110', '0017', '-', '2023-07-26 00:58:49', '2023-07-26 00:58:49'),
(42, 2, 7, 'Draglink 125', 'draglink-125', '0244', '-', '2023-07-27 00:08:10', '2023-07-27 00:08:10'),
(43, 1, 3, 'Karet rem SC-7059', 'karet-rem-sc-7059', '0075', 'Seiken', '2023-07-27 00:12:39', '2023-07-27 00:12:39'),
(44, 8, 3, 'Minyak rem', 'minyak-rem', '0079', 'FUSO', '2023-07-27 00:16:45', '2023-07-27 00:16:45'),
(45, 8, 5, 'Gemuk', 'gemuk', '0084', 'Rotary', '2023-07-27 00:27:51', '2023-07-27 00:27:51'),
(46, 1, 8, 'Kayu bantalan', 'kayu-bantalan', '0417', '-', '2023-07-27 01:33:26', '2023-07-27 01:33:26'),
(47, 2, 2, 'Pelatuk klep', 'pelatuk-klep', '0584', '-', '2023-07-30 21:49:49', '2023-07-30 21:49:49'),
(48, 2, 4, 'Anak kunci pintu R/L', 'anak-kunci-pintu-r-l', '0477', 'SH', '2023-07-30 21:54:42', '2023-07-30 21:54:42'),
(49, 1, 7, 'Lagher roda RR luar', 'lagher-roda-rr-luar', '0015', '32211 Koyo', '2023-07-30 22:08:09', '2023-07-30 22:08:09'),
(50, 1, 1, 'Flasher sein', 'flasher-sein', '0091', 'Hino 81980-32010', '2023-07-30 22:10:21', '2023-07-30 22:10:21'),
(51, 1, 1, 'Bohlam K1 12V', 'bohlam-k1-12v', '0066', 'Stanley', '2023-07-31 00:29:01', '2023-07-31 00:29:01'),
(52, 1, 1, 'Bohlam K2 12V', 'bohlam-k2-12v', '0067', '-', '2023-07-31 00:29:26', '2023-07-31 00:29:26'),
(53, 1, 1, 'Bohlam K1 24V', 'bohlam-k1-24v', '0068', '-', '2023-07-31 00:30:01', '2023-07-31 00:30:01'),
(54, 4, 1, 'Bohlam K2 24V', 'bohlam-k2-24v', '0069', '-', '2023-07-31 00:30:27', '2023-07-31 00:30:27'),
(55, 1, 7, 'Gantungan ban stip', 'gantungan-ban-stip', '0218', '-', '2023-07-31 00:45:02', '2023-07-31 00:45:02'),
(56, 1, 3, 'Selenoid valve engine', 'selenoid-valve-engine', '0095', '-', '2023-07-31 00:46:38', '2023-07-31 00:46:38'),
(57, 1, 7, 'Seal roda depan', 'seal-roda-depan', '0016', '-', '2023-07-31 00:48:17', '2023-07-31 00:48:17'),
(58, 1, 4, 'Behel bak', 'behel-bak', '0127', '-', '2023-07-31 00:53:33', '2023-07-31 00:53:33'),
(59, 1, 4, 'Tutup abu sc 40294', 'tutup-abu-sc-40294', '0138', 'Seiken', '2023-07-31 01:27:34', '2023-07-31 01:27:34'),
(60, 1, 4, 'Filter udara', 'filter-udara', '0027', 'Sakura A-33710', '2023-07-31 20:23:00', '2023-07-31 20:23:00'),
(61, 1, 7, 'Tutup abu 40284', 'tutup-abu-40284', '0138-1', 'Seiken', '2023-08-01 23:57:03', '2023-08-01 23:57:03'),
(62, 1, 3, 'Tutup abu 40284', 'tutup-abu-40284-2', '0138-2', 'Seiken', '2023-08-02 00:02:16', '2023-08-02 00:02:16'),
(63, 1, 4, 'Kaca Pintu', 'kaca-pintu', '0570', 'TR04-FDL A', '2023-08-02 23:37:07', '2023-08-02 23:37:07'),
(64, 1, 3, 'Master rem FR LH', 'master-rem-fr-lh', '0357-1', '-', '2023-08-03 23:18:03', '2023-08-03 23:18:03'),
(65, 1, 4, 'V belt', 'v-belt 5490-1220', '0356', '5490-1220', '2023-08-06 20:22:19', '2023-08-06 20:22:19'),
(66, 4, 7, 'Kunci roda', 'kunci-roda', '0433', '-', '2023-08-06 20:26:00', '2023-08-06 20:26:00'),
(67, 3, 1, 'Bohlam H4 24V', 'bohlam-h4-24v', '0071', 'Hella', '2023-08-06 20:28:17', '2023-08-06 20:28:17'),
(68, 4, 4, 'Lagher RR luar 30211', 'lagher-rr-luar-30211', '0054', 'Koyo 30211', '2023-08-06 20:31:54', '2023-08-06 20:31:54'),
(69, 1, 4, 'Lagher RR dalam 32212', 'lagher-rr-dalam-32212', '0014', 'Koyo 32212', '2023-08-06 20:33:56', '2023-08-06 20:33:56'),
(70, 1, 4, 'Pompa solar', 'pompa-solar', '0134', 'Denso 092130-0220', '2023-08-06 20:42:17', '2023-08-06 20:42:17'),
(71, 1, 8, 'karet stoper extra', 'karet-stoper-extra', '0091-2', '-', '2023-08-06 20:44:51', '2023-08-06 20:44:51'),
(72, 1, 4, 'Seal transmisi belakang', 'seal-transmisi', '0522', '90311-48001/48011/AE2775', '2023-08-14 22:00:03', '2023-08-14 22:00:03'),
(73, 1, 1, 'klakson denso 12V', 'klakson-denso-12v', '0235', 'Denso', '2023-08-14 23:25:56', '2023-08-14 23:25:56'),
(74, 1, 3, 'Master rem RR LH', 'master-rem-rr-lh', '0405', '-', '2023-08-15 21:05:46', '2023-08-15 21:05:46'),
(75, 1, 3, 'Master rem RR RH', 'master-rem-rr-rh', '0406', '-', '2023-08-15 21:08:24', '2023-08-15 21:08:24'),
(76, 1, 1, 'Lampu bemper', 'lampu-bemper', '0594', '-', '2023-08-15 21:09:01', '2023-08-15 21:09:01'),
(77, 1, 4, 'Kaca spion', 'kaca-spion', '0290', 'EMGI', '2023-08-15 21:11:05', '2023-08-15 21:11:05'),
(78, 1, 4, 'Tromol FR', 'tromol-fr', '0298', 'Mitsuwa', '2023-08-15 21:13:50', '2023-08-15 21:13:50'),
(79, 1, 4, 'Karet wifer ', 'karet-wifer', '0203', '-', '2023-08-24 23:56:54', '2023-12-11 00:27:26'),
(80, 1, 4, 'Rumah Filter solar atas', 'rumah-filter-solar-atas', '0379', '-', '2023-08-25 23:14:23', '2023-08-25 23:14:23'),
(81, 1, 4, 'Nap roda Belakang 125LT', 'nap-roda-belakang-125lt', '0246', '-', '2023-08-29 00:48:20', '2023-08-29 00:48:20'),
(85, 5, 1, 'Lampu depan', 'lampu-depan', '0595', '-', '2023-08-29 20:21:18', '2023-08-29 20:21:18'),
(86, 5, 1, 'Lampu sein atas', 'lampu-sein-atas', '0596', '-', '2023-08-29 20:21:49', '2023-08-29 20:21:49'),
(87, 5, 1, 'Lampu sein bawah', 'lampu-sein-bawah', '0597', '-', '2023-08-29 20:22:17', '2023-08-29 20:22:17'),
(88, 5, 4, 'Filter oli C-1012', 'filter-oli-c-1012', '0059', 'Sakura C-1012', '2023-08-29 20:27:15', '2023-08-29 20:27:15'),
(89, 1, 4, 'Master kopling atas 11531', 'master-kopling-atas-11531', '0008', 'Seiken 110-11531', '2023-08-29 20:37:45', '2023-08-29 20:37:45'),
(90, 1, 4, 'Master kopling bawah 11534', 'master-kopling-bawah-11534', '0009', 'Seiken 115-11534', '2023-08-29 20:39:00', '2023-08-29 20:39:00'),
(91, 1, 3, 'Per kampas rem', 'per-kampas-rem', '0172', '-', '2023-08-29 20:41:44', '2023-08-29 20:41:44'),
(92, 1, 1, 'sakelar Hazard', 'sakelar-hazard', '0409', '84332-0W010', '2023-08-29 20:44:31', '2023-08-29 20:44:31'),
(93, 1, 2, 'Metal Jalan', 'metal-jalan', '0199', '-', '2023-08-29 23:36:25', '2023-08-29 23:36:25'),
(94, 1, 2, 'Liner/ Boring', 'liner-boring', '0200', '-', '2023-08-29 23:38:29', '2023-08-29 23:38:29'),
(95, 1, 2, 'Seal klep', 'seal-klep', '0198', '-', '2023-08-29 23:39:00', '2023-08-29 23:39:00'),
(96, 1, 2, 'Ring seher', 'ring-seher', '0197', '-', '2023-08-29 23:39:28', '2023-08-29 23:39:28'),
(97, 1, 2, 'Paking Head', 'paking-head', '0196', '-', '2023-08-29 23:39:57', '2023-08-29 23:39:57'),
(98, 1, 2, 'Paking tutup klep', 'paking-tutup-klep', '0527', '-', '2023-08-29 23:40:27', '2023-08-29 23:40:27'),
(99, 3, 2, 'Filter Oli C-1316', 'filter-oli-c-1316', '0185', 'Sakura C-1316', '2023-08-29 23:58:53', '2023-08-29 23:58:53'),
(100, 3, 7, 'Baud roda Belakang', 'baud-roda-belakang', '0184', 'HWC', '2023-08-30 00:01:14', '2023-08-30 00:01:14'),
(101, 3, 3, 'Exhaust break knalpot', 'exhaust-break-knalpot', '0378', '-', '2023-08-30 00:01:50', '2023-08-30 00:01:50'),
(102, 3, 2, 'Filter udara A-1325', 'filter-udara-a-1325', '0186', '-', '2023-08-30 00:02:45', '2023-08-30 00:02:45'),
(103, 2, 3, 'Kampas rem FR', 'kampas-rem-fr', '0174', '-', '2023-08-30 00:07:31', '2023-08-30 00:07:31'),
(104, 1, 4, 'Tie rod end dutro', 'tie-rod-end-dutro', '0093', 'GMB', '2023-08-30 00:11:38', '2023-08-30 00:11:38'),
(105, 2, 3, 'Whelcylinder FR RH', 'whelcylinder-fr-rh', '0287', 'sanyco', '2023-08-30 01:21:25', '2023-08-30 01:21:25'),
(106, 2, 3, 'Whelcylinder FR LH', 'whelcylinder-fr-lh', '0286', 'Sanyco', '2023-08-30 01:21:55', '2023-08-30 01:21:55'),
(107, 2, 3, 'Karet rem SC-40493', 'karet-rem-sc-40493', '0076', 'Seiken', '2023-08-30 01:25:53', '2023-08-30 01:25:53'),
(108, 8, 7, 'Dongkrak 32T', 'dongkrak-32t', '0346', '-', '2023-09-07 01:00:06', '2023-09-07 01:00:06'),
(109, 2, 4, 'Deg lagher 130', 'deg-lagher-130', '0033', 'Nachi 68SCRN62P', '2023-09-07 01:08:08', '2023-09-07 01:08:08'),
(110, 2, 7, 'Ban 750-16 GT HD', 'ban-750-16-gt-hd', '0021', 'GT HD', '2023-09-07 02:43:47', '2023-09-07 02:43:47'),
(111, 3, 7, 'Ban 1000-20 Vulkanisir', 'ban-1000-20-vulkanisir', '0037-1', 'Vulkanisir', '2023-09-11 01:47:44', '2023-09-11 01:47:44'),
(112, 8, 5, 'Oli Hipower Engo 40CC', 'oli-hipower-engo-40cc', '0598', '-', '2023-09-11 01:52:41', '2023-09-11 01:52:41'),
(113, 8, 4, 'Rachet tie down', 'rachet-tie-down', '0128', 'Rachet 8mt', '2023-09-12 01:40:56', '2023-09-12 01:40:56'),
(114, 1, 4, 'Ring bolu kecil', 'ring-bolu-kecil', '0353', '41351-37020', '2023-09-12 02:07:12', '2023-09-12 02:07:12'),
(115, 1, 4, 'Ring bolu besar', 'ring-bolu-besar', '0353-1', '-', '2023-09-12 02:07:50', '2023-09-12 02:07:50'),
(116, 1, 1, 'Aki N70Z-75A', 'aki-n70z-75a', '0480', 'N70Z-Yuasa', '2023-09-12 23:14:42', '2023-09-12 23:14:42'),
(117, 2, 1, 'Aki N100', 'aki-n100', '0212', 'N100-Yuasa', '2023-09-12 23:15:51', '2023-09-12 23:15:51'),
(118, 1, 5, 'Baud carter oli', 'baud-carter-oli', '0578', '90033-41020', '2023-09-12 23:30:08', '2023-09-12 23:30:08'),
(119, 1, 4, 'As Roda dutro 42311-LAA31', 'as-roda-dutro-42311-laa31', '0157', '42311-LAA31', '2023-09-19 21:15:05', '2023-09-19 21:15:05'),
(120, 1, 2, 'Filter solar bawah 23390-LIE50 ', 'filter-solar-bawah-23390-lie50', '0026', '23390-LIE50\n', '2023-09-19 21:25:43', '2023-09-19 21:25:43'),
(121, 5, 1, 'Lampu Sein atas RH', 'lampu-sein-atas-rh', '0596', '8404 R', '2023-09-19 21:33:05', '2023-09-19 21:33:05'),
(122, 1, 2, 'Filter Oli 15670-2250', 'filter-oli-15670-2250', '0024', ' 15670-2250', '2023-09-19 21:49:14', '2023-09-19 21:49:14'),
(123, 1, 2, 'Filter solar atas 23401-1332', 'filter-solar-atas-23401-1332', '0025', '23401-1332', '2023-09-19 21:50:02', '2023-09-19 21:50:02'),
(124, 8, 4, 'Stiker reflektor', 'stiker-reflektor', '0361', '-', '2023-09-19 21:52:40', '2023-09-19 21:52:40'),
(125, 2, 3, 'Kampas rem belakang', 'kampas-rem-belakang', '0030', '-', '2023-09-19 21:58:33', '2023-09-19 21:58:33'),
(126, 3, 4, 'Selang Hidrolik wings 2.5M', 'selang-hidrolik-wings-25m', '0585', '-', '2023-09-19 22:07:33', '2023-09-19 22:07:33'),
(127, 8, 5, 'Oli gardan 140', 'oli-gardan-140', '0090', 'Sin nebulla gear HD140', '2023-09-22 20:56:06', '2023-09-22 20:56:06'),
(128, 8, 5, 'Oli Transmisi 90', 'oli-transmisi-90', '0090-1', 'Sin Nebulla Gear HD90', '2023-09-22 20:56:57', '2023-09-22 20:56:57'),
(129, 8, 2, 'Air Radiator', 'air-radiator', '0136', 'Herakles Rad Coolant', '2023-09-22 21:01:01', '2023-09-22 21:01:01'),
(130, 1, 4, 'Baud As Roda ', 'baud-as-roda', '0019', '-', '2023-09-24 23:07:35', '2023-09-24 23:07:35'),
(131, 1, 2, 'Engine Mounting 12361-78110', 'engine-mounting-12361-78110', '0265', '12361-78110', '2023-09-24 23:15:00', '2023-09-24 23:15:19'),
(132, 2, 3, 'Kabel rem Tangan 46430-F1010', 'kabel-rem-tangan-46430-f1010', '0600', 'HOp 46430-F1010', '2023-09-24 23:17:07', '2023-10-22 19:57:54'),
(133, 2, 7, 'baud roda Belakang RH', 'baud-roda-belakang-rh', '0032', '-', '2023-09-24 23:20:02', '2023-09-24 23:20:02'),
(134, 2, 7, 'baud roda belakang LH', 'baud-roda-belakang-lh', '0031', '-', '2023-09-24 23:20:25', '2023-09-24 23:20:25'),
(135, 1, 7, 'Velg L5 R16', 'velg-l5-r16', '0081', '-', '2023-09-24 23:25:31', '2023-09-24 23:25:31'),
(136, 1, 4, 'Long Tie rod', 'long-tie-rod', '0094', '-', '2023-09-24 23:28:13', '2023-09-24 23:28:13'),
(137, 2, 4, 'Nap roda belakang 130HD', 'nap-roda-belakang-130hd', '0080', 'Mitsuwa', '2023-09-28 23:22:58', '2023-09-28 23:22:58'),
(138, 1, 2, 'Sebeng radiator', 'sebeng-radiator', '0490', '-', '2023-09-28 23:29:02', '2023-09-28 23:29:02'),
(139, 1, 3, 'Switch Rem', 'switch-rem', '0505', 'MB-249318', '2023-09-28 23:31:47', '2023-09-28 23:31:47'),
(140, 8, 4, 'Tracker K3', 'tracker-k3', '0601', 'Tekiro 8inch', '2023-09-28 23:34:52', '2023-09-28 23:34:52'),
(141, 8, 4, 'Bearing Sparator', 'bearing-sparator', '0602', 'Tekiro', '2023-09-28 23:35:39', '2023-09-28 23:35:39'),
(142, 8, 4, 'Kunci shock 1/2 8x24', 'kunci-shock-12-8x24', '0117', 'Tekiro', '2023-09-28 23:36:29', '2023-09-28 23:36:29'),
(143, 8, 4, 'Kunci Ring pas 8x24', 'kunci-ring-pas-8x24', '0116', 'Tekiro', '2023-09-28 23:37:04', '2023-09-28 23:37:04'),
(144, 1, 4, 'Seal gardan', 'seal-gardan', '0168', 'NOK', '2023-09-28 23:45:46', '2023-09-28 23:45:46'),
(145, 1, 1, 'Headlamp', 'headlamp', '0289', '-', '2023-09-28 23:46:29', '2023-09-28 23:46:29'),
(146, 5, 8, 'Per belakang No.1', 'per-belakang-no1', '0394', 'MB-035090-01\n', '2023-09-29 21:03:16', '2023-09-29 21:03:16'),
(147, 5, 8, 'Per Belakang No.2', 'per-belakang-no2', '0395', 'T0052-2\n', '2023-09-29 21:04:06', '2023-09-29 21:04:06'),
(148, 5, 8, 'Per Belakang No.3', 'per-belakang-no3', '0396', '-', '2023-09-29 21:05:04', '2023-09-29 21:05:04'),
(149, 5, 8, 'Per Belakang No.4', 'per-belakang-no4', '0397', '-', '2023-09-29 21:05:41', '2023-09-29 21:05:41'),
(150, 5, 8, 'Per Belakang No.5', 'per-belakang-no5', '0398', '-', '2023-09-29 21:07:36', '2023-09-29 21:07:36'),
(151, 5, 8, 'Per Ex No.1', 'per-ex-no1', '0420', '-', '2023-09-29 21:09:51', '2023-09-29 21:09:51'),
(152, 5, 8, 'Per Ex No.2', 'per-ex-no2', '0421', '-', '2023-09-29 21:10:22', '2023-09-29 21:10:22'),
(153, 5, 8, 'Per Ex No.3', 'per-ex-no3', '0422', '-', '2023-09-29 21:11:45', '2023-09-29 21:11:45'),
(154, 5, 8, 'Per Ex No.4', 'per-ex-no4', '0423', '-', '2023-09-29 21:12:21', '2023-09-29 21:12:21'),
(155, 5, 8, 'Per Ex No.5', 'per-ex-no5', '0424', '-', '2023-09-29 21:12:55', '2023-09-29 21:12:55'),
(156, 5, 8, 'Bosh Per belakang', 'bosh-per-belakang', '0399', '-', '2023-09-29 21:13:39', '2023-09-29 21:13:39'),
(157, 5, 8, 'Pen Per belakang', 'pen-per-belakang', '0425', '-', '2023-09-29 21:14:14', '2023-09-29 21:14:14'),
(158, 5, 8, 'Behel Per belakang', 'behel-per-belakang', '0401', '-', '2023-09-29 21:15:58', '2023-09-29 21:15:58'),
(159, 5, 8, 'Tusukan Per Belakang', 'tusukan-per-belakang', '0331', '-', '2023-09-29 21:17:05', '2023-09-29 21:17:05'),
(160, 5, 8, 'Kleman Per', 'kleman-per', '0603', '-', '2023-09-29 21:18:19', '2023-09-29 21:18:19'),
(161, 5, 8, 'Baud Samping', 'baud-samping', '0152', '-', '2023-09-29 21:19:41', '2023-09-29 21:19:41'),
(162, 5, 8, 'Lain-lain', 'lain-lain', '0000', '-', '2023-09-29 21:25:57', '2023-09-29 21:25:57'),
(163, 5, 8, 'Baud Spi', 'baud-spi', '0604', '-', '2023-09-29 21:30:02', '2023-09-29 21:30:02'),
(164, 5, 8, 'Per Ex No.6', 'per-ex-no6', '0463', '-', '2023-09-29 21:30:45', '2023-09-29 21:30:45'),
(165, 1, 4, 'Kaca Depan', 'kaca-depan', '0603', 'Asahi', '2023-10-01 20:54:35', '2023-10-01 20:54:35'),
(166, 8, 2, 'Tang Snapring 7', 'tang-snapring-7', '0121', 'Tekiro @4pc', '2023-10-01 21:33:34', '2023-10-01 21:33:34'),
(167, 8, 2, 'Obeng', 'obeng', '0119', 'Tekiro- Plus Minus', '2023-10-01 21:34:12', '2023-10-01 21:34:12'),
(168, 8, 2, 'tang Kombi', 'tang-kombi', '0122', 'Tekiro', '2023-10-01 21:34:44', '2023-10-01 21:34:44'),
(169, 2, 7, 'Ban 750-16 Kawat (Aeolus)', 'ban-750-16-kawat-aeolus', '0020', 'Aeolus 750-16', '2023-10-06 00:02:57', '2023-10-06 00:02:57'),
(170, 1, 8, 'Shockbreaker Depan', 'shockbreaker-depan', '0257', '48511-LAA30', '2023-10-08 20:27:28', '2023-10-08 20:27:28'),
(171, 1, 8, 'Shockbreaker Belakang', 'shockbreaker-belakang', '0308', '48531-LAA50', '2023-10-08 20:28:22', '2023-10-08 20:28:22'),
(172, 1, 8, 'Baud Shockbreaker', 'baud-shockbreaker', '0607', '-', '2023-10-08 20:30:39', '2023-10-08 20:30:39'),
(173, 1, 1, 'Socket Dynamo starter', 'socket-dynamo-starter', '0603', '-', '2023-10-10 00:18:00', '2023-10-10 00:18:00'),
(174, 2, 8, 'Pen Per Depan', 'pen-per-depan', '0169', '-', '2023-10-10 23:14:02', '2023-10-10 23:14:02'),
(175, 2, 8, 'Stoper Depan', 'stoper-depan', '0140', '-', '2023-10-10 23:14:44', '2023-10-10 23:14:44'),
(176, 8, 4, 'Bongkar Pasang', 'bongkar-pasang', '-', '-', '2023-10-10 23:21:54', '2023-10-10 23:21:54'),
(177, 2, 2, 'As palang', 'as-palang', '0608', '41371-37010\n', '2023-10-16 00:30:08', '2023-10-16 00:30:08'),
(178, 1, 4, 'Center bearing dutro', 'center-bearing-dutro', '0384', '-', '2023-10-16 00:51:05', '2023-10-16 00:51:05'),
(179, 2, 4, 'Lagher Gardan 30214JR', 'lagher-gardan-30214jr', '0611', '30214 JR koyo', '2023-10-16 00:53:10', '2023-10-16 00:53:10'),
(180, 2, 8, 'Per Extra No.1', 'per-extra-no1', '0252', '-', '2023-10-17 21:26:25', '2023-10-17 21:26:25'),
(181, 2, 8, 'Per Extra No.2', 'per-extra-no2', '0342', '-', '2023-10-17 21:27:25', '2023-10-17 21:27:25'),
(182, 2, 8, 'Per Extra No.3', 'per-extra-no3', '0343', '-', '2023-10-17 21:27:52', '2023-10-17 21:27:52'),
(183, 2, 8, 'Per Extra No.4', 'per-extra-no4', '0253', '-', '2023-10-17 21:28:59', '2023-10-17 21:28:59'),
(184, 2, 8, 'Tusukan Per belakang dutro', 'tusukan-per-belakang-dutro', '0217', '-', '2023-10-17 21:29:39', '2023-10-17 21:29:39'),
(185, 2, 8, 'Pen Per belakang dutro', 'pen-per-belakang-dutro', '0114', '-', '2023-10-17 21:32:58', '2023-10-17 21:32:58'),
(186, 2, 8, 'Bosh Per belakang dutro', 'bosh-per-belakang-dutro', '0115', '-', '2023-10-17 21:34:24', '2023-10-17 21:34:24'),
(187, 1, 8, 'Baud baud', 'baud-baud', '0492', '-', '2023-10-17 21:34:55', '2023-10-17 21:34:55'),
(188, 2, 8, 'Nepal gemuk', 'nepal-gemuk', '0268', '-', '2023-10-17 21:36:21', '2023-10-17 21:36:21'),
(189, 2, 8, 'Pen per depan dutro', 'pen-per-depan-dutro', '0169', '-', '2023-10-17 21:36:57', '2023-10-17 21:36:57'),
(190, 2, 8, 'Bosh Per depan Dutro', 'bosh-per-depan-dutro', '0377', '-', '2023-10-17 21:37:25', '2023-10-17 21:37:25'),
(191, 2, 8, 'Anting anting depan dutro', 'anting-anting-depan-dutro', '0340', '-', '2023-10-17 21:37:53', '2023-10-17 21:37:53'),
(192, 2, 8, 'Ringpen', 'ringpen', '0259', '-', '2023-10-17 21:38:15', '2023-10-17 21:38:15'),
(193, 8, 6, 'Spooring', 'spooring', '0614', '-', '2023-10-17 21:50:09', '2023-10-17 21:50:09'),
(194, 1, 4, 'Kaca depan TR04-FHM', 'kaca-depan-tr04-fhm', '0604', '-', '2023-10-18 19:31:07', '2023-10-18 19:31:07'),
(195, 3, 1, 'Aki N70', 'aki-n70', '04080', '-', '2023-10-20 21:33:53', '2023-10-20 21:33:53'),
(196, 2, 4, 'Seal roda belakang 130', 'seal-roda-belakang-130', '0034', '-', '2023-10-22 19:56:24', '2023-10-22 19:56:24'),
(197, 3, 4, 'Plat Kopling Lohan', 'plat-kopling-lohan', '0554', 'Exedy', '2023-10-24 20:42:43', '2023-10-24 20:42:43'),
(198, 3, 4, 'Dekrup lohan', 'dekrup-lohan', '0555', 'Exedy', '2023-10-24 20:43:13', '2023-10-24 20:43:13'),
(199, 3, 4, 'Deg lagher CT-70 JPN', 'deg-lagher-ct-70-jpn', '0556', '-', '2023-10-24 20:43:58', '2023-10-24 20:43:58'),
(200, 3, 4, 'Flywhell', 'flywhell', '0557', '-', '2023-10-24 20:44:32', '2023-10-24 20:44:32'),
(201, 3, 4, 'Lagher 6005', 'lagher-6005', '0558', '6005', '2023-10-24 20:45:03', '2023-10-24 20:45:03'),
(202, 3, 3, 'Kit Chumber', 'kit-chumber', '0613', '-', '2023-10-24 20:48:25', '2023-10-24 20:48:25'),
(203, 1, 8, 'Per belakang no. 2 Dutro', 'per-belakang-no-2-dutro', '0281', '-', '2023-10-24 23:25:41', '2023-10-24 23:25:41'),
(204, 11, 8, 'Per Belakang No.1 Dutro', 'per-belakang-no1-dutro', '0280', '-', '2023-10-25 20:42:54', '2023-10-25 20:42:54'),
(205, 11, 8, 'Bosh per Karet belakang', 'bosh-per-karet-belakang', '0115', '-', '2023-10-25 20:47:34', '2023-10-25 20:47:34'),
(206, 11, 8, 'Bosh per karet depan', 'bosh-per-karet-depan', '0432', '-', '2023-10-25 20:48:00', '2023-10-25 20:48:00'),
(207, 1, 8, 'Per Extra No.5', 'per-extra-no5', '0251', '-', '2023-10-26 01:10:47', '2023-10-26 01:10:47'),
(208, 11, 8, 'Pen per belakang 130MD', 'pen-per-belakang-130md', '0114', '-', '2023-10-26 19:55:20', '2023-10-26 19:55:20'),
(209, 2, 8, 'Per depan no.1', 'per-depan-no1', '0300', '-', '2023-11-03 00:58:23', '2023-11-03 00:58:23'),
(210, 2, 8, 'Per depan No.2', 'per-depan-no2', '0301', '-', '2023-11-03 00:58:52', '2023-11-03 00:58:52'),
(211, 2, 8, 'Tusukan Per depan', 'tusukan-per-depan', '0302', '-', '2023-11-03 01:01:18', '2023-11-03 01:01:18'),
(212, 3, 7, 'Ban 1000-20 Goodyear', 'ban-1000-20-goodyear', '0037', 'Goodyear HD', '2023-11-05 19:58:15', '2023-11-05 19:58:15'),
(213, 1, 2, 'Baud overflow', 'baud-overflow', '0614', '-', '2023-11-05 20:02:12', '2023-11-05 20:02:12'),
(214, 3, 3, 'Per Kampas rem Lohan', 'per-kampas-rem-lohan', '0615', '-', '2023-11-05 20:06:51', '2023-11-05 20:06:51'),
(215, 1, 1, 'Sikring tancap', 'sikring-tancap', '0072', '-', '2023-11-06 20:10:23', '2023-11-06 20:10:23'),
(216, 1, 2, 'Karet gantungan knalpot', 'karet-gantungan-knalpot', '0489', '-', '2023-11-12 20:16:32', '2023-11-12 20:16:32'),
(217, 8, 4, 'O ring box inch', 'o-ring-box-inch', '0502', '-', '2023-11-12 20:18:01', '2023-11-12 20:18:01'),
(218, 1, 8, 'Per Extra no 7', 'per-extra-no-7', '0617', 'T0037-7', '2023-11-16 00:03:06', '2023-11-16 00:03:06'),
(219, 1, 3, 'Chumber break knalpot', 'chumber-break-knalpot', '0436', '05300-90830', '2023-11-19 21:20:25', '2023-11-19 21:20:25'),
(220, 5, 4, 'Seal Roda belakang Luar', 'seal-roda-belakang-luar', '0057', '-', '2023-11-19 21:23:07', '2023-11-19 21:23:07'),
(221, 5, 4, 'Seal Roda Belakang dalam', 'seal-roda-belakang-dalam', '0056', '-', '2023-11-19 21:23:33', '2023-11-19 21:23:33'),
(222, 5, 7, 'Gantungan Ban stip Canter', 'gantungan-ban-stip-canter', '0618', 'MK-517363', '2023-11-19 21:25:29', '2023-11-19 21:25:29'),
(223, 3, 8, 'Press Nut Hidrolik wings', 'press-nut-hidrolik-wings', '00619', '-', '2023-11-22 20:30:31', '2023-11-22 20:30:31'),
(224, 3, 8, 'Ganti seal wing box', 'ganti-seal-wing-box', '00620', '-', '2023-11-22 20:31:05', '2023-11-22 20:31:05'),
(225, 2, 8, 'Per Belakang No.4 Dutro', 'per-belakang-no4-dutro', '0283', '-', '2023-11-26 20:04:29', '2023-11-26 20:04:29'),
(226, 1, 1, 'Lampu stop ', 'lampu-stop', '0270', '-', '2023-11-26 20:20:38', '2023-11-26 20:20:38'),
(227, 3, 4, 'Selang Hidrolik Wings 10M', 'selang-hidrolik-wings-10m', '0585', '-', '2023-11-26 20:24:24', '2023-11-26 20:24:24'),
(228, 3, 2, 'Filter solar bawah 23310-JAC50', 'filter-solar-bawah-23310-jac50', '0381', '23310-JAC50', '2023-12-03 20:44:45', '2023-12-03 20:44:45'),
(229, 1, 3, 'Seal Boste rem', 'seal-boste-rem', '0233', '44621-36070', '2023-12-03 20:45:39', '2023-12-03 20:45:39'),
(230, 1, 3, 'Master rem atas dutro ', 'master-rem-atas-dutro', '0192', '47207-37070\n', '2023-12-03 20:46:44', '2023-12-03 20:46:44'),
(231, 2, 3, 'Master rem belakang dutro RH', 'master-rem-belakang-dutro-rh', '0582', '-', '2023-12-03 20:51:02', '2023-12-03 20:51:02'),
(232, 2, 3, 'Master rem belakang dutro LH', 'master-rem-belakang-dutro-lh', '0583', '-', '2023-12-03 20:51:37', '2023-12-03 20:51:37'),
(233, 2, 3, 'Per Kampas rem 130', 'per-kampas-rem-130', '0620', '8-97021087', '2023-12-03 20:57:26', '2023-12-03 20:57:26'),
(234, 3, 4, 'Karet wifer Lohan', 'karet-wifer-lohan', '0363', '-', '2023-12-11 00:28:05', '2023-12-11 00:28:05'),
(235, 1, 2, 'Pipa Oli dutro', 'pipa-oli-dutro', '0391', '-', '2023-12-11 00:30:32', '2023-12-11 00:30:32'),
(236, 3, 3, 'Kampas rem belakang Lohan', 'kampas-rem-belakang-lohan', '0183', 'HOP', '2023-12-11 00:32:35', '2023-12-11 00:32:35'),
(237, 3, 3, 'Kampas rem Depan Lohan', 'kampas-rem-depan-lohan', '0245', '-', '2023-12-17 20:18:44', '2023-12-17 20:18:44'),
(238, 3, 4, 'Lagher Roda Belakang Luar Lohan', 'lagher-roda-belakang-luar-lohan', '0178', '32217', '2023-12-17 23:06:31', '2023-12-17 23:06:31'),
(239, 3, 4, 'Lagher Roda Belakang dalam Lohan', 'lagher-roda-belakang-dalam-lohan', '0179', '32218', '2023-12-17 23:07:13', '2023-12-17 23:07:13'),
(240, 1, 1, 'Kepala Aki', 'kepala-aki', '0077', '-', '2023-12-17 23:11:36', '2023-12-17 23:11:36'),
(241, 3, 7, 'Gantungan Ban stip Lohan', 'gantungan-ban-stip-lohan', '0162', '-', '2023-12-17 23:23:05', '2023-12-17 23:23:05'),
(242, 1, 4, 'Ring as roda FR ', 'ring-as-roda-fr', '0269', '-', '2023-12-25 23:57:26', '2023-12-25 23:57:26'),
(243, 1, 4, 'Fant Belt', 'fant-belt', '0356', '5490-17x1220', '2023-12-26 00:00:33', '2023-12-26 00:00:33'),
(244, 1, 8, 'Hanger extra', 'hanger-extra', '0533', '-', '2023-12-26 00:17:41', '2023-12-26 00:17:41'),
(245, 1, 4, 'Baud Hanger', 'baud-hanger', '0129', '-', '2023-12-26 00:20:47', '2023-12-26 00:20:47'),
(246, 5, 4, 'Kit Kopling atas Canter', 'kit-kopling-atas-canter', '0049', '210-32672', '2023-12-29 00:22:21', '2023-12-29 00:22:21'),
(247, 3, 4, 'Relay Valve Lohan', 'relay-valve-lohan', '0624', 'E0130', '2023-12-29 00:25:18', '2023-12-29 00:25:18'),
(248, 3, 4, 'Kit relay Valve Lohan', 'kit-relay-valve-lohan', '0625', '-', '2023-12-29 00:25:46', '2023-12-29 00:25:46'),
(249, 3, 3, 'Kit Pedal rem Lohan', 'kit-pedal-rem-lohan', '0626', '-', '2023-12-29 00:26:20', '2023-12-29 00:26:20'),
(250, 2, 2, 'Kit Turbo Dutro', 'kit-turbo-dutro', '0225', '17201-E0680\n', '2024-01-16 01:13:00', '2024-01-16 01:13:00'),
(251, 3, 3, 'Roller sepatu rem Lohan', 'roller-sepatu-rem-lohan', '0624', '-', '2024-01-16 01:22:02', '2024-01-16 01:22:02'),
(252, 3, 3, 'Kawat roller sepatu rem Lohan', 'kawat-roller-sepatu-rem-lohan', '0625', '-', '2024-01-16 01:22:35', '2024-01-16 01:22:35'),
(254, 8, 4, 'Service kaki kaki', 'service-kaki-kaki', '0625', '-', '2024-01-18 00:19:00', '2024-01-18 00:19:00'),
(255, 1, 8, 'Per Extra No.6', 'per-extra-no6', '0341', '-', '2024-01-25 19:50:50', '2024-01-25 19:50:50'),
(256, 3, 4, 'Kaca pintu Lohan', 'kaca-pintu-lohan', '0633', '-', '2024-02-13 00:56:56', '2024-02-13 00:56:56'),
(257, 1, 4, 'Gigi sinkromis', 'gigi-sinkromis', '0099', '3369-36010', '2024-02-26 01:08:02', '2024-02-26 01:08:02'),
(258, 1, 4, 'Main shaft/As blender', 'main-shaftas-blender', '0634', '33321-37030', '2024-02-26 01:15:55', '2024-02-26 01:15:55'),
(259, 1, 4, 'Snapring polos 28,5mm', 'snapring-polos-285mm', '0635', '-', '2024-02-26 01:16:21', '2024-02-26 01:16:21'),
(260, 1, 4, 'Pucuk rebung 125 LT', 'pucuk-rebung-125-lt', '0156', '-', '2024-02-26 01:22:25', '2024-02-26 01:22:25'),
(261, 3, 4, 'Fanbelt', 'fanbelt', '0636', '-', '2024-03-03 21:20:27', '2024-03-03 21:20:27');

-- --------------------------------------------------------

--
-- Table structure for table `spesifications`
--

CREATE TABLE `spesifications` (
  `id` bigint(20) UNSIGNED NOT NULL,
  `unit_id` bigint(20) UNSIGNED NOT NULL,
  `vin` varchar(255) COLLATE utf8mb4_unicode_ci DEFAULT NULL,
  `en` varchar(255) COLLATE utf8mb4_unicode_ci DEFAULT NULL,
  `year` year(4) DEFAULT NULL,
  `color` varchar(255) COLLATE utf8mb4_unicode_ci DEFAULT NULL,
  `model` varchar(255) COLLATE utf8mb4_unicode_ci DEFAULT NULL,
  `fuel` varchar(255) COLLATE utf8mb4_unicode_ci DEFAULT NULL,
  `cylinder` varchar(255) COLLATE utf8mb4_unicode_ci DEFAULT NULL,
  `lpc` varchar(255) COLLATE utf8mb4_unicode_ci DEFAULT NULL,
  `vodm` varchar(255) COLLATE utf8mb4_unicode_ci DEFAULT NULL,
  `created_at` timestamp NULL DEFAULT NULL,
  `updated_at` timestamp NULL DEFAULT NULL
) ENGINE=InnoDB DEFAULT CHARSET=utf8mb4 COLLATE=utf8mb4_unicode_ci;

--
-- Dumping data for table `spesifications`
--

INSERT INTO `spesifications` (`id`, `unit_id`, `vin`, `en`, `year`, `color`, `model`, `fuel`, `cylinder`, `lpc`, `vodm`, `created_at`, `updated_at`) VALUES
(1, 1, 'MJEC1JG41J5162722', 'W04DTPJ75786', '2017', 'Green', 'Flat Deck', 'solar', '4009', NULL, NULL, '2023-07-12 23:02:22', '2023-07-12 23:02:22'),
(2, 2, 'MJEC1JG41J5162724', 'W04DTPJ75788', '2017', 'Green', 'Flat Deck', 'solar', '4009', NULL, NULL, '2023-07-12 23:02:22', '2023-07-12 23:02:22'),
(3, 3, 'MJEC1JG41J5162619', 'W04DTPJ75778', '2017', 'Green', 'Flat Deck', 'solar', '4009', NULL, NULL, '2023-07-12 23:02:22', '2023-07-12 23:02:22'),
(4, 4, 'MJEC1JG41J5162721', 'W04DTPJ75785', '2017', 'Green', 'Flat Deck', 'solar', '4009', NULL, NULL, '2023-07-12 23:02:23', '2023-07-12 23:02:23'),
(5, 5, 'MJEC1JG53K5003416', 'W04DTRR69311', '2019', 'Green', 'Flat Deck', 'Solar', '4009', NULL, NULL, '2023-07-20 01:23:56', '2023-07-20 01:46:26'),
(6, 6, NULL, NULL, NULL, NULL, NULL, NULL, NULL, NULL, NULL, '2023-07-20 19:57:39', '2023-07-20 19:57:39'),
(7, 7, NULL, NULL, NULL, NULL, NULL, NULL, NULL, NULL, NULL, '2023-07-20 20:41:28', '2023-07-20 20:41:28'),
(8, 8, NULL, NULL, NULL, NULL, NULL, NULL, NULL, NULL, NULL, '2023-07-20 20:42:04', '2023-07-20 20:42:04'),
(9, 9, NULL, NULL, NULL, NULL, NULL, NULL, NULL, NULL, NULL, '2023-07-20 20:42:35', '2023-07-20 20:42:35'),
(10, 10, NULL, NULL, NULL, NULL, NULL, NULL, NULL, NULL, NULL, '2023-07-20 20:43:02', '2023-07-20 20:43:02'),
(11, 11, NULL, NULL, NULL, NULL, NULL, NULL, NULL, NULL, NULL, '2023-07-20 20:44:03', '2023-07-20 20:44:03'),
(12, 12, NULL, NULL, NULL, NULL, NULL, NULL, NULL, NULL, NULL, '2023-07-20 20:44:43', '2023-07-20 20:44:43'),
(13, 13, NULL, NULL, NULL, NULL, NULL, NULL, NULL, NULL, NULL, '2023-07-20 20:45:17', '2023-07-20 20:45:17'),
(14, 14, 'MJEC1JG41H5159197', 'W04DTPJ74296', '2017', 'Green', 'Flat Deck', 'diesel fuel', '4009', NULL, NULL, '2023-07-20 20:45:48', '2023-07-21 01:01:08'),
(15, 15, 'MJEC1JG41H5159198', 'W04DTPJ74297', '2017', 'Green', 'Flat Deck', 'diesel fuel', '4009', NULL, NULL, '2023-07-20 20:46:13', '2023-07-21 01:01:46'),
(16, 16, NULL, NULL, NULL, NULL, NULL, NULL, NULL, NULL, NULL, '2023-07-20 21:01:59', '2023-07-20 21:01:59'),
(17, 17, NULL, NULL, NULL, NULL, NULL, NULL, NULL, NULL, NULL, '2023-07-20 21:05:00', '2023-07-20 21:05:00'),
(18, 18, NULL, NULL, NULL, NULL, NULL, NULL, NULL, NULL, NULL, '2023-07-20 21:05:23', '2023-07-20 21:05:23'),
(19, 19, 'MJEC1JG53K5003419', 'W04DTRR69314', '2019', 'Green', 'Flat Deck', 'diesel fuel', '4009', NULL, NULL, '2023-07-20 21:05:50', '2023-07-21 01:00:22'),
(20, 20, 'MJEC1JG53K5003418', 'W04DTRR69313', '2019', 'Green', 'Flat Deck', 'diesel fuel', '4009', NULL, NULL, '2023-07-20 21:06:07', '2023-07-21 00:59:48'),
(21, 21, 'MJEC1JG53K5003435', 'W04DTRR69675', '2019', 'Green', 'Flat Deck', 'diesel fuel', '4009', NULL, NULL, '2023-07-20 21:06:27', '2023-07-21 00:59:13'),
(22, 22, 'MJEC1JG53K5003433', 'W04DTRR69673', '2019', 'Green', 'Flat Deck', 'diesel fuel', '4009', NULL, NULL, '2023-07-20 21:06:44', '2023-07-21 00:58:27'),
(23, 23, 'MJEC1JG53K5003417', 'W04DTRR69312', '2019', 'Green', 'Flat Deck', 'diesel fuel', '4009', NULL, NULL, '2023-07-20 21:07:05', '2023-07-21 00:57:49'),
(24, 24, 'MJEC1JG53K5003431', 'W04DTRR69671', '2019', 'Green', 'Flat Deck', 'diesel fuel', '4009', NULL, NULL, '2023-07-20 21:07:20', '2023-07-21 00:57:12'),
(25, 25, 'MJEC1JG53K5003434', 'W04DTRR69674', '2019', 'Green', 'Flat Deck', 'diesel fuel', '4009', NULL, NULL, '2023-07-20 21:07:35', '2023-07-21 00:56:39'),
(26, 26, 'MJEC1JG53K5003420', 'W04DTRR69315', '2019', 'Green', 'Flat Deck', 'diesel fuel', '4009', NULL, NULL, '2023-07-20 21:07:52', '2023-07-21 00:55:59'),
(27, 27, 'MJEC1JG53K5003432', 'W04DTRR69672', '2019', 'Green', 'Flat Deck', 'diesel fuel', '4009', NULL, NULL, '2023-07-20 21:08:06', '2023-07-21 00:55:24'),
(31, 31, NULL, NULL, NULL, NULL, NULL, NULL, NULL, NULL, NULL, '2023-07-20 21:11:19', '2023-07-20 21:11:19'),
(32, 32, NULL, NULL, NULL, NULL, NULL, NULL, NULL, NULL, NULL, '2023-07-20 21:11:35', '2023-07-20 21:11:35'),
(33, 33, NULL, NULL, NULL, NULL, NULL, NULL, NULL, NULL, NULL, '2023-07-20 21:11:55', '2023-07-20 21:11:55'),
(34, 34, NULL, NULL, NULL, NULL, NULL, NULL, NULL, NULL, NULL, '2023-07-20 21:12:14', '2023-07-20 21:12:14'),
(35, 35, NULL, NULL, NULL, NULL, NULL, NULL, NULL, NULL, NULL, '2023-07-20 21:12:54', '2023-07-20 21:12:54'),
(36, 36, NULL, NULL, NULL, NULL, NULL, NULL, NULL, NULL, NULL, '2023-07-20 21:13:07', '2023-07-20 21:13:07'),
(37, 37, NULL, NULL, NULL, NULL, NULL, NULL, NULL, NULL, NULL, '2023-07-20 21:13:20', '2023-07-20 21:13:20'),
(38, 38, NULL, NULL, NULL, NULL, NULL, NULL, NULL, NULL, NULL, '2023-07-20 21:13:36', '2023-07-20 21:13:36'),
(39, 39, NULL, NULL, NULL, NULL, NULL, NULL, NULL, NULL, NULL, '2023-07-20 21:13:49', '2023-07-20 21:13:49'),
(40, 40, NULL, NULL, NULL, NULL, NULL, NULL, NULL, NULL, NULL, '2023-07-20 21:14:04', '2023-07-20 21:14:04'),
(41, 41, NULL, NULL, NULL, NULL, NULL, NULL, NULL, NULL, NULL, '2023-07-20 21:14:19', '2023-07-20 21:14:19'),
(42, 42, NULL, NULL, NULL, NULL, NULL, NULL, NULL, NULL, NULL, '2023-07-20 21:14:37', '2023-07-20 21:14:37'),
(43, 43, NULL, NULL, NULL, NULL, NULL, NULL, NULL, NULL, NULL, '2023-07-20 21:15:09', '2023-07-20 21:15:09'),
(44, 44, NULL, NULL, NULL, NULL, NULL, NULL, NULL, NULL, NULL, '2023-07-20 21:15:28', '2023-07-20 21:15:28'),
(45, 45, NULL, NULL, NULL, NULL, NULL, NULL, NULL, NULL, NULL, '2023-07-20 21:16:11', '2023-07-20 21:16:11'),
(46, 46, NULL, NULL, NULL, NULL, NULL, NULL, NULL, NULL, NULL, '2023-07-20 21:16:29', '2023-07-20 21:16:29'),
(47, 47, NULL, NULL, NULL, NULL, NULL, NULL, NULL, NULL, NULL, '2023-07-20 21:16:43', '2023-07-20 21:16:43'),
(48, 48, NULL, NULL, NULL, NULL, NULL, NULL, NULL, NULL, NULL, '2023-07-20 21:17:02', '2023-07-20 21:17:02'),
(49, 49, NULL, NULL, NULL, NULL, NULL, NULL, NULL, NULL, NULL, '2023-07-20 21:17:32', '2023-07-20 21:17:32'),
(50, 50, NULL, NULL, NULL, NULL, NULL, NULL, NULL, NULL, NULL, '2023-07-20 21:17:49', '2023-07-20 21:17:49'),
(51, 51, NULL, NULL, NULL, NULL, NULL, NULL, NULL, NULL, NULL, '2023-07-20 21:18:05', '2023-07-20 21:18:05'),
(52, 52, NULL, NULL, NULL, NULL, NULL, NULL, NULL, NULL, NULL, '2023-07-20 21:18:33', '2023-07-20 21:18:33'),
(53, 53, NULL, NULL, NULL, NULL, NULL, NULL, NULL, NULL, NULL, '2023-07-20 21:44:11', '2023-07-20 21:44:11'),
(54, 54, 'MJEC1JG41H5159069', 'W04DTPJ74273', '2017', 'Green', 'Flat Deck', 'diesel fuel', '4009', NULL, NULL, '2023-07-20 21:44:29', '2023-07-21 00:15:15'),
(55, 55, NULL, NULL, NULL, NULL, NULL, NULL, NULL, NULL, NULL, '2023-07-20 21:44:55', '2023-07-20 21:44:55'),
(56, 56, 'MJEC1JG43J5173417', 'W04DTRR63033', '2018', 'Green', 'Flat Deck', 'diesel fuel', '4009', NULL, NULL, '2023-07-20 21:45:12', '2023-07-21 00:05:50'),
(57, 57, 'MJEC1JG43J5173431', 'W04DTRR63037', '2018', 'Green', 'Flat Deck', 'diesel fuel', '4009', NULL, NULL, '2023-07-20 21:46:17', '2023-07-21 00:14:36'),
(58, 58, NULL, NULL, NULL, NULL, NULL, NULL, NULL, NULL, NULL, '2023-07-25 23:11:41', '2023-07-25 23:11:41'),
(59, 59, NULL, NULL, NULL, NULL, NULL, NULL, NULL, NULL, NULL, '2023-07-30 21:32:03', '2023-07-30 21:32:03'),
(60, 60, NULL, NULL, NULL, NULL, NULL, NULL, NULL, NULL, NULL, '2023-08-01 23:37:47', '2023-08-01 23:37:47'),
(61, 61, NULL, NULL, NULL, NULL, NULL, NULL, NULL, NULL, NULL, '2023-08-08 19:07:18', '2023-08-08 19:07:18'),
(62, 62, NULL, NULL, NULL, NULL, NULL, NULL, NULL, NULL, NULL, '2023-08-08 19:07:40', '2023-08-08 19:07:40'),
(63, 63, NULL, NULL, NULL, NULL, NULL, NULL, NULL, NULL, NULL, '2023-08-08 23:11:04', '2023-08-08 23:11:04'),
(64, 64, NULL, NULL, NULL, NULL, NULL, NULL, NULL, NULL, NULL, '2023-08-29 02:29:15', '2023-08-29 02:29:15'),
(65, 65, NULL, NULL, NULL, NULL, NULL, NULL, NULL, NULL, NULL, '2023-08-29 02:31:04', '2023-08-29 02:31:04'),
(66, 66, 'MJEC1JG53K5003416', 'W04DTRR69311', '2014', 'Green', 'Flat Deck', 'diesel fuel', '2023-08-30', NULL, NULL, '2023-08-29 02:31:47', '2023-08-30 01:50:55'),
(67, 67, NULL, NULL, NULL, NULL, NULL, NULL, NULL, NULL, NULL, '2023-09-20 21:52:02', '2023-09-20 21:52:02');

-- --------------------------------------------------------

--
-- Table structure for table `statelogs`
--

CREATE TABLE `statelogs` (
  `id` bigint(20) UNSIGNED NOT NULL,
  `maintenance_id` bigint(20) UNSIGNED NOT NULL,
  `name` varchar(255) COLLATE utf8mb4_unicode_ci NOT NULL,
  `description` text COLLATE utf8mb4_unicode_ci NOT NULL,
  `created_at` timestamp NULL DEFAULT NULL,
  `updated_at` timestamp NULL DEFAULT NULL
) ENGINE=InnoDB DEFAULT CHARSET=utf8mb4 COLLATE=utf8mb4_unicode_ci;

--
-- Dumping data for table `statelogs`
--

INSERT INTO `statelogs` (`id`, `maintenance_id`, `name`, `description`, `created_at`, `updated_at`) VALUES
(1, 5, 'Pengecekan', 'Cek Roda FR, Roda RR', '2023-07-20 00:27:43', '2023-07-20 00:27:43'),
(2, 5, 'ganti Kinpin LH', 'ganti Kinpin LH', '2023-07-20 01:35:12', '2023-07-20 01:35:12'),
(3, 6, 'Bongkar Roda FR', 'Bongkar Roda FR', '2023-07-20 01:36:06', '2023-07-20 01:36:06'),
(4, 6, 'Setelah pengecekan Sparepart Roda FR Tidak Sama dengan Orisinil, Mobil harus kembali kebengkel Asuransi', 'Setelah pengecekan Sparepart Roda FR Tidak Sama dengan Orisinil, Mobil harus kembali kebengkel Asuransi', '2023-07-20 01:37:42', '2023-07-20 01:37:42'),
(5, 5, 'Kinpin', 'Ganti Kinpin R/L', '2023-07-20 19:41:00', '2023-07-20 19:41:00'),
(6, 5, 'Kampas Rem Depan', 'Ganti Kampas Rem R/L', '2023-07-20 19:41:21', '2023-07-20 19:41:21'),
(7, 5, 'Roda RR RH', 'Ganti Seal Rem dan Membersihkan', '2023-07-20 19:41:51', '2023-07-20 19:41:51'),
(8, 5, 'Oli', 'Ganti Oli dan Filter Solar atas Bawah', '2023-07-20 19:42:12', '2023-07-20 19:42:12'),
(9, 7, 'Roda FR RH', 'Bongkar Roda FR RH', '2023-07-20 20:01:35', '2023-07-20 20:01:35'),
(10, 8, 'Ban RR habis', 'Ganti Ban RR', '2023-07-20 21:55:46', '2023-07-20 21:55:46'),
(11, 10, 'Ban FR botak termakan usia', 'Ganti ban FR', '2023-07-20 23:56:52', '2023-07-20 23:56:52'),
(12, 11, 'Ban FR botak termakan  usia', 'Ganti ban FR', '2023-07-21 00:01:19', '2023-07-21 00:01:19'),
(13, 9, 'Service berkala', 'Pembongkaran oli dan Filternya', '2023-07-21 00:13:01', '2023-07-21 00:13:01'),
(14, 7, 'Roda FR', 'Ganti Kinpin RH', '2023-07-21 00:46:07', '2023-07-21 00:46:07'),
(15, 7, 'Pemasangan dan pengecekan kaki kaki', 'Press long tierod', '2023-07-21 01:59:20', '2023-07-21 01:59:20'),
(16, 9, 'Service berkala', 'Oli dan Filter sudah selesai pemasangan', '2023-07-21 02:06:47', '2023-07-21 02:06:47'),
(18, 7, 'Kampas Rem FR', 'Ganti Kampas Rem FR', '2023-07-21 20:07:01', '2023-07-21 20:07:01'),
(19, 7, 'Finishing', 'Memasang Kembali Roda FR', '2023-07-21 20:07:38', '2023-07-21 20:07:38'),
(20, 9, 'Oli', 'Ganti Oli Mesin', '2023-07-21 20:08:19', '2023-07-21 20:08:19'),
(21, 9, 'Filter', 'Ganti Filter Solar Atas Dan Bawah', '2023-07-21 20:08:38', '2023-07-21 20:08:38'),
(22, 9, 'Selesai', 'Unit Selesai Perbaikan', '2023-07-21 20:08:55', '2023-07-21 20:08:55'),
(23, 18, '-', '-', '2023-07-23 22:06:12', '2023-07-23 22:06:12'),
(24, 19, '-', '-', '2023-07-23 22:08:21', '2023-07-23 22:08:21'),
(25, 17, '-', '-', '2023-07-23 23:47:07', '2023-07-23 23:47:07'),
(26, 21, 'Booster Rem', 'Memasang Booster Rem', '2023-07-23 23:49:41', '2023-07-24 01:56:54'),
(27, 16, '-', '-', '2023-07-23 23:58:41', '2023-07-23 23:58:41'),
(28, 15, '-', '-', '2023-07-23 23:59:28', '2023-07-23 23:59:28'),
(29, 14, '-', '-', '2023-07-24 00:00:20', '2023-07-24 00:00:20'),
(30, 13, '-', '-', '2023-07-24 00:00:46', '2023-07-24 00:00:46'),
(35, 21, 'Booster Rem', 'Membongkar Booster Rem', '2023-07-24 00:40:05', '2023-07-24 01:56:36'),
(40, 12, 'Cek Kelistrikan', 'Memeriksa Kelistrikan', '2023-07-24 01:52:40', '2023-07-24 01:52:40'),
(43, 12, 'Selesai', 'Selesai Perbaikan', '2023-07-24 01:55:18', '2023-07-24 01:55:18'),
(44, 21, 'Selesai', 'Selesai Perbaikan', '2023-07-24 01:57:09', '2023-07-24 01:57:09'),
(45, 20, 'Service', 'Mengganti Oli, Filter Solar atas, Filter Solar Bawah, Filter Oli', '2023-07-24 01:58:03', '2023-07-24 01:58:03'),
(46, 20, 'Roda RR LH', 'Mengganti Baut Roda RR LH', '2023-07-24 01:58:31', '2023-07-24 01:58:31'),
(47, 25, '-', '-', '2023-07-24 20:14:35', '2023-07-24 20:14:35'),
(48, 29, 'Pengecekan rem dan Kopling', 'Rem dan Kopling di stel', '2023-07-27 00:19:21', '2023-07-27 00:19:21'),
(49, 27, 'Pembongkaran kopling', 'Ganti dekrup', '2023-07-27 00:20:35', '2023-07-27 00:20:35'),
(50, 28, 'Pengecekan kaki kaki FR', 'Kinpin goyang, draglink oblak, kampas rem FR sudah tipis', '2023-07-27 00:22:35', '2023-07-27 00:22:35'),
(51, 26, '-', '-', '2023-07-27 00:23:47', '2023-07-27 00:23:47'),
(52, 24, 'Service Berkala', 'Ganti Oli dan Filter Solar atas Bawah', '2023-07-30 22:04:40', '2023-07-30 22:04:40'),
(56, 24, 'Roda Depan FR', 'Ganti Lagher ROda FR', '2023-07-30 22:05:36', '2023-07-30 22:05:36'),
(57, 24, 'Fhinishing', 'Finishing', '2023-07-30 22:06:23', '2023-07-30 22:06:23'),
(58, 20, 'Roda FR', 'Ganti Kinpin Roda', '2023-07-30 22:06:56', '2023-07-30 22:06:56'),
(59, 20, 'Finishing', 'Finishing', '2023-07-30 22:07:17', '2023-07-30 22:07:17'),
(60, 30, '-', '-', '2023-07-31 00:58:29', '2023-07-31 00:58:29'),
(61, 31, 'Pengecekan pintu R/L', 'Pengelasan pintu R/L', '2023-07-31 01:03:32', '2023-07-31 01:03:32'),
(62, 33, 'Pembongkaran behel dan pemasangan kayu', 'Selesai pemasangan kayu dan behel lanjut service berkala dan cek unit', '2023-07-31 01:25:12', '2023-07-31 01:25:12'),
(63, 32, 'Roda RR', 'Mengganti kampas Rem', '2023-07-31 19:42:16', '2023-07-31 19:42:16'),
(64, 32, 'Roda RR', 'Mengganti Seal Roda', '2023-07-31 19:42:34', '2023-07-31 19:42:34'),
(65, 32, 'Finishing', 'Finishing Akhir', '2023-07-31 19:43:05', '2023-07-31 19:43:05'),
(66, 33, 'Service Berkala', 'Ganti Oli dan Filter Solar atas Bawah', '2023-07-31 19:43:42', '2023-07-31 19:43:42'),
(67, 33, 'kelistrikan', 'Urut Kabel dan Ganti bohlam', '2023-07-31 19:44:14', '2023-07-31 19:44:14'),
(68, 33, 'Finising', 'Finishing', '2023-07-31 19:45:02', '2023-07-31 19:45:02'),
(69, 35, 'Pengecekan system solar', 'Setelah di cek Filter solar atas dan bawah kotor', '2023-07-31 20:20:03', '2023-07-31 20:20:03'),
(70, 37, 'Pengecekan selang solar dan cek engine', 'Selang solar mampet, filter udara kotor', '2023-07-31 21:38:03', '2023-07-31 21:38:03'),
(73, 37, '-', '-', '2023-08-01 00:16:50', '2023-08-01 00:16:50'),
(74, 39, 'Service Berkala', 'Ganti Oli dan Filter Solar atas Bawah', '2023-08-01 23:39:54', '2023-08-01 23:39:54'),
(75, 42, 'Sudah ganti oli dan filter', 'Tinggal pemasanga kayu bantalan dan Kaca pintu LH', '2023-08-02 23:40:40', '2023-08-02 23:40:40'),
(76, 43, 'Rem FR LH masih macet, sudah ganti karet rem dan stel rem', 'Ganti master rem FR LH', '2023-08-03 23:22:56', '2023-08-03 23:22:56'),
(77, 40, '-', '-', '2023-08-03 23:23:56', '2023-08-03 23:23:56'),
(83, 46, 'Kopling', 'Ganti Kopling', '2023-08-07 19:33:24', '2023-08-07 19:33:24'),
(87, 47, 'Ganti ban', 'Ganti Ban', '2023-08-07 19:53:13', '2023-08-07 19:53:13'),
(88, 48, 'Kunci Pintu', 'Ganti kunci Pintu R/R', '2023-08-07 19:59:55', '2023-08-07 19:59:55'),
(89, 50, 'Roda RR', 'Penggantian Lagher Roda Luar', '2023-08-08 18:39:26', '2023-08-08 18:39:26'),
(90, 53, 'Service berkala', 'Braket Filter atas pake A 9266 ZA', '2023-08-08 23:54:30', '2023-08-08 23:54:30'),
(92, 57, 'Service berkala', 'Cek roda RR cek rem dan Roda FR', '2023-08-10 01:06:13', '2023-08-10 01:06:13'),
(94, 58, 'Transmisi rembes', 'Cek seal transmisi', '2023-08-17 23:33:46', '2023-08-17 23:33:46'),
(96, 74, 'Service Berkala', 'Ganti Filter Solar Atas Dan Bawah', '2023-08-24 02:07:30', '2023-08-24 02:07:30'),
(97, 73, 'Rem', 'Stel REm', '2023-08-24 23:32:38', '2023-08-24 23:32:38'),
(98, 76, 'Service Berkala', 'Ganti Filter Oli, Filter Udara, Filter Solar Atas, Filter Solar Bawah', '2023-08-25 23:12:21', '2023-08-25 23:12:21'),
(99, 69, 'Service berkala', 'Cek all unit', '2023-08-30 01:01:42', '2023-08-30 01:01:42'),
(100, 71, 'Gardan Rusak', 'Untuk sementara pake gardan A 9266 ZA', '2023-08-30 01:02:34', '2023-08-30 01:02:34'),
(101, 72, 'Service berkala', 'Service berkala', '2023-08-30 01:05:54', '2023-08-30 01:05:54'),
(102, 74, 'Ganti oli', 'Flushing pake Oli sinlube XP HD 40', '2023-08-30 01:10:24', '2023-08-30 01:10:24'),
(103, 78, 'Oli rembes dari catridge', 'Bongkar dan lem kembali catridge oli', '2023-08-30 01:12:40', '2023-08-30 01:12:40'),
(104, 79, 'Gigi 4 dan 5 keras', 'Transmisi rontok, Transmisi pake B 9337 NDD ', '2023-08-30 01:14:44', '2023-08-30 01:14:44'),
(105, 80, 'Pedal kopling tidak berbalik', 'Ganti kit kopling bawah, dan Roda FR macet', '2023-08-30 01:35:16', '2023-08-30 01:35:16'),
(106, 81, 'Rem ngebagel', 'Stel rem', '2023-08-30 01:36:15', '2023-08-30 01:36:15'),
(107, 82, 'Ban RR RH Habis', 'Ganti ban RR RH', '2023-08-30 21:31:59', '2023-08-30 21:31:59'),
(108, 84, 'Service Berkala', 'Service Gantil Oli Filter Oli, filter solar atas bawah', '2023-09-07 00:40:55', '2023-09-07 00:40:55'),
(109, 84, 'Rem', 'Stel Rem 4 roda', '2023-09-07 00:41:20', '2023-09-07 00:41:20'),
(110, 84, 'Kopling', 'Stel Kopling', '2023-09-07 00:41:40', '2023-09-07 00:41:40'),
(111, 83, 'Service Berkala', 'Ganti \n-oli\n-filter solar atas\n-filter solar bawah\n-filter oli', '2023-09-07 00:44:58', '2023-09-07 00:44:58'),
(112, 83, 'Rem', 'Cek Rem', '2023-09-07 00:45:18', '2023-09-07 00:45:18'),
(113, 83, 'Kopling', 'Cek kopling', '2023-09-07 00:45:32', '2023-09-07 00:45:32'),
(114, 85, 'Roda FR saat pengereman bunyi', 'Cek roda FR, tromolnya aus, lagher FR luar dalam oblak', '2023-09-07 00:52:26', '2023-09-07 00:52:26'),
(115, 86, 'Ban habis karena sering beangkat siang', 'Ganti ban FR dan RR', '2023-09-07 02:48:38', '2023-09-07 02:48:38'),
(116, 87, 'Ban FR RR habis', 'Ganti ban FR RR', '2023-09-07 02:52:17', '2023-09-07 02:52:17'),
(117, 91, 'Service berkala, Ban RR habis', 'Flasing engine, ganti ban 6pc ban dalam 4pc ban perut 4pc merk KRC', '2023-09-11 02:01:19', '2023-09-11 02:01:19'),
(118, 93, 'Rachet tie down di pake B 9945 JQP', 'Ganti rachet tie down', '2023-09-12 01:48:27', '2023-09-12 01:48:27'),
(119, 92, 'Service berkala, Roda RR RH keluar Oli', 'Engine Flashing, dan Cek roda RR RH', '2023-09-12 01:55:37', '2023-09-12 01:55:37'),
(120, 94, 'Service berkala, Kopling ngeplos', 'Engine Flashing, Cek Master kopling', '2023-09-12 23:26:02', '2023-09-12 23:26:02'),
(121, 94, 'Service berkala, Kopling ngeplos', 'Engine Flashing, Dan cek master kopling', '2023-09-12 23:26:38', '2023-09-12 23:26:38'),
(122, 95, 'Service berkala', 'Service berkala', '2023-09-13 02:40:26', '2023-09-13 02:40:26'),
(123, 96, 'Mobil mrebet', 'F solar bawah kotor, oli tekor, Rachet tie down putus 1', '2023-09-13 02:44:14', '2023-09-13 02:44:14'),
(124, 98, 'Service berkala', 'Flashing oli, Las wing ', '2023-09-14 00:25:39', '2023-09-14 00:25:39'),
(125, 99, 'Service berkala', 'Flashing oli', '2023-09-14 00:37:09', '2023-09-14 00:37:09'),
(126, 100, 'Kopling saat di injak bunyi', 'Deg lagher rontok, Plat kopling habis, Dekrup rusak', '2023-09-15 01:56:05', '2023-09-15 01:56:05'),
(127, 101, 'Filter Solar', 'Filter Solar Bawah, Oli 9ltr', '2023-09-18 01:43:52', '2023-09-18 01:43:52'),
(128, 103, 'Service Berkala', 'Penggantian\n-Oli\n-Filter Solar atas\n-Filter Solar Bawah\n-Filter Oli\n-Filter Udara', '2023-09-18 01:58:01', '2023-09-18 01:58:01'),
(129, 102, 'Ram Tangan', 'Memakai Tali Rem Tangan Mobil A9738ZA', '2023-09-18 01:58:43', '2023-09-18 01:58:43'),
(130, 97, 'Headlamp', 'Ganti Bohlam Headlamp', '2023-09-18 01:59:40', '2023-09-18 01:59:40'),
(131, 107, 'Pintu FR RH', 'Pintu Depan Kanan, Dipakai B 9325 NDD', '2023-09-20 21:46:06', '2023-09-20 21:46:06'),
(132, 109, 'Tali Rem Tangan', 'Tali Rem Tangan Dipakai A 9225 ZB', '2023-09-20 21:49:01', '2023-09-20 21:49:01'),
(133, 110, 'Transmisi', 'Transmisi Dipakai B 9338 NDD', '2023-09-20 21:51:02', '2023-09-20 21:51:02'),
(134, 111, 'Gardan', 'Gardan Dipakai A 9263 ZA', '2023-09-20 21:53:06', '2023-09-20 21:53:06'),
(135, 111, 'Ban', 'Ban Dan Velg Tidak Ada', '2023-09-20 21:53:29', '2023-09-20 21:53:29'),
(136, 111, 'Head Engine', 'Head Engine Dipakai A 9737 ZA', '2023-09-20 21:54:21', '2023-09-20 21:54:21'),
(137, 112, 'Ban', 'Ban Dan Velg Dipakai B 9331 NDD', '2023-09-20 21:55:32', '2023-09-20 21:55:32'),
(138, 112, 'ACCU', 'ACCU Dipakai B 9331 NDD', '2023-09-20 21:55:54', '2023-09-20 21:55:54'),
(139, 114, 'Ban RR benjol, Gantungan ban stip tidak berfungsi', 'Ganti ban RR 2st GT HD, dan Ganti gantungan ban stip', '2023-09-21 00:43:36', '2023-09-21 00:43:36'),
(140, 115, 'Ban RR LH habis', 'Ganti ban RR LH 2st GT HD', '2023-09-21 00:45:35', '2023-09-21 00:45:35'),
(141, 111, 'Knalpot dipakai B 9328 NDD', 'Knalpot dipakai B 9328 NDD', '2023-09-21 00:48:02', '2023-09-21 00:48:02'),
(142, 104, 'Service berkala', 'Service berkala', '2023-09-21 01:02:19', '2023-09-21 01:02:19'),
(143, 116, 'Mobil ngerotok', 'Setelah pengecekan nap Roda RR RH jebol', '2023-09-25 01:01:59', '2023-09-25 01:01:59'),
(144, 118, 'Gardan pake A 9738 ZA', 'gardan pake A 9738 ZA', '2023-09-25 01:03:25', '2023-09-25 01:03:25'),
(145, 117, 'Service Berkala', 'Ganti Oli Mesin\nFilter Solar Atas Bawah\nFilter Oli', '2023-09-26 00:57:46', '2023-09-26 00:57:46'),
(146, 119, 'Service Berkala', 'Ganti \n-Oli mesin,\n-Filter Solar atas,\n-Filter Solar Bawah,\n-Filter Oli', '2023-09-26 01:02:53', '2023-09-26 01:02:53'),
(147, 118, 'Gardan pake A 9738 ZA', 'Gardan Pake A 9738 ZA', '2023-09-26 02:08:48', '2023-09-26 02:08:48'),
(148, 120, 'Slongsong Gardan patah', 'Ganti Slongsong Gardan', '2023-09-26 02:13:33', '2023-09-26 02:13:33'),
(149, 119, 'Las spakbor', 'Las spakbor', '2023-09-26 02:20:02', '2023-09-26 02:20:02'),
(150, 121, 'Service berkala', 'Flushing engine, ganti ban RR LH 6pc, ', '2023-09-29 22:00:37', '2023-09-29 22:00:37'),
(151, 122, 'Service berkala, cek per RR RH, Amper solar mati', 'Flushing engine, Ganti stoper extra 2pc, Buat Tombol klakson', '2023-09-29 22:08:22', '2023-09-29 22:08:22'),
(152, 126, 'Kopling saat di injak bunyi', 'Ganti plat kopling dan degklaher', '2023-09-29 22:12:12', '2023-09-29 22:12:12'),
(153, 130, 'Kaca depan retak', 'Ganti Kaca Depan', '2023-10-01 20:56:49', '2023-10-01 20:56:49'),
(154, 131, 'Kayu Bantalan keropos', 'Ganti kayu bantalan bak, Ganti Behel bak', '2023-10-03 00:53:17', '2023-10-03 00:53:17'),
(155, 132, 'Service Berkala', 'Service berkala, Ganti Filter oli, Flushing mesin', '2023-10-03 00:55:53', '2023-10-03 00:55:53'),
(156, 133, 'Service Berkala', 'Ganti Oli, Filter Oli, FF Atas dan Bawah, F Udara, Karet Wifer', '2023-10-03 01:00:11', '2023-10-03 01:00:11'),
(157, 135, 'Service berkala', 'Cek all unit', '2023-10-05 23:54:06', '2023-10-05 23:54:06'),
(158, 134, 'Ban RR RH meledak, Spakbor RR LH lepas', 'Ganti Ban RR RH 2st Aeolus, Las spakbor RR RH', '2023-10-06 00:12:37', '2023-10-06 00:12:37'),
(159, 134, 'Ban RR RH meledak, Spakbor RR LH lepas', 'Ganti Ban RR RH 2st Aeolus, Las spakbor RR RH', '2023-10-06 00:13:12', '2023-10-06 00:13:12'),
(160, 138, 'Mobil susah starter', 'Aki soak, sudah di kuras dan ganti air accu bertahan 1jam', '2023-10-08 23:53:14', '2023-10-08 23:53:14'),
(161, 139, 'Gantungan kopel pake A 9266 ZA', 'Gantungan kopel pake A 9266 ZA', '2023-10-09 00:43:54', '2023-10-09 00:43:54'),
(162, 139, 'Service dynamo starter', 'Service dynamo starter', '2023-10-09 00:44:35', '2023-10-09 00:44:35'),
(163, 139, 'Service dynamo starter', 'Ganti O ring transmisi', '2023-10-09 21:05:06', '2023-10-09 21:05:06'),
(164, 142, 'Roda FR RH kemakan sebelah', 'Cek roda FR, Press Longtierod, pen per FR lepas', '2023-10-09 21:09:56', '2023-10-09 21:09:56'),
(165, 143, '-pasang soket stater -Air Radiator Kotor -baut roda belakang kiri patah 1 -brig mati -cek kaki depan', 'Pasang Soket Stater, Cek Baut Roda RR LH, Cek Brik, Cek Roda FR', '2023-10-10 00:32:31', '2023-10-10 00:32:31'),
(166, 144, 'Mobil mrebet', 'Ganti F solar atas', '2023-10-10 00:35:27', '2023-10-10 00:35:27'),
(167, 140, 'Roda FR Goyang, Roda belakng bunyi', 'Cek Longtierod, draglink, Joint Kopel pake B 9340 NDD', '2023-10-10 00:37:05', '2023-10-10 00:37:05'),
(168, 142, 'Pen FR dan stoper FR rusak', 'Ganti stoper dan pen FR di Sugih Raya', '2023-10-10 23:27:05', '2023-10-10 23:27:05'),
(169, 147, 'Ban FR botak termakan  usia', 'Ganti Ban FR 2set Goodyear HD', '2023-10-11 21:35:18', '2023-10-11 21:35:18'),
(170, 148, 'Ban RR RH botak', 'Ganti Ban RR RH 2set Goodyear HD', '2023-10-11 21:37:19', '2023-10-11 21:37:19'),
(171, 150, 'Ban RR sobek', 'Ganti ban RR 2set GT HD 750-16', '2023-10-12 20:12:17', '2023-10-12 20:12:17'),
(172, 151, 'Ban RR botak', 'Ganti Ban RR 2set Goodyear HD', '2023-10-13 21:34:50', '2023-10-13 21:34:50'),
(173, 153, 'Service berkala, knalpot bocor, ban RR botsk', 'Service berkala, Las knalpot, ganti ban RR', '2023-10-16 21:26:19', '2023-10-16 21:26:19'),
(174, 152, 'Service Berkala, Rem ngocok', 'Ganti Oli, F solar atas dan Bawah, Stel rem', '2023-10-16 21:28:40', '2023-10-16 21:28:40'),
(175, 149, 'Press Longtierod, bubut Tromol FR', 'Press Longtierod dan Bubut tromol FR RH', '2023-10-16 21:30:28', '2023-10-16 21:30:28'),
(176, 146, 'Pedal kopling tidak berbalik', 'Cek master kopling', '2023-10-16 21:32:28', '2023-10-16 21:32:28'),
(177, 145, 'Break mati, Rem buang kanan', 'Selang break di bersihkan, stel rem FR', '2023-10-16 21:33:29', '2023-10-16 21:33:29'),
(178, 154, 'Roda RR RH keluar Oli, Baud roda RR RH patah', 'Ganti Karet rem, paking as, tutup abu, baud roda ', '2023-10-16 23:35:40', '2023-10-16 23:35:40'),
(179, 159, 'Kaca Depan retak', 'Ganti kaca depan ', '2023-10-18 19:33:00', '2023-10-18 19:33:00'),
(180, 155, 'Baud roda RR RH patah', 'Ganti baud roda RR RH', '2023-10-18 20:19:55', '2023-10-18 20:19:55'),
(181, 156, 'Master kopling bawah rembes', 'Ganti Kit kopling bawah', '2023-10-18 20:21:19', '2023-10-18 20:21:19'),
(182, 157, 'Shockbreaker RR tidak ada', 'Pasang shockbreaker RR', '2023-10-18 20:23:59', '2023-10-18 20:23:59'),
(183, 158, 'Kopling selip', 'Ganti kopling', '2023-10-18 20:35:05', '2023-10-18 20:35:05'),
(184, 165, 'Ban habis termakan usia', 'Ganti ban 4set', '2023-10-19 23:18:56', '2023-10-19 23:18:56'),
(185, 164, 'Ban RR meledak', 'Ganti ban RR', '2023-10-19 23:20:55', '2023-10-19 23:20:55'),
(186, 160, 'Service berkala', 'Service berkala', '2023-10-20 19:30:28', '2023-10-20 19:30:28'),
(187, 161, 'Roda FR kemakan sebelah, Mobil mrebet', 'Cek roda FR dan system solar', '2023-10-20 19:32:44', '2023-10-20 19:32:44'),
(188, 162, 'Service berkala', 'Service Berkala', '2023-10-20 19:34:44', '2023-10-20 19:34:44'),
(189, 163, 'Stel rem', 'stel rem', '2023-10-20 19:37:01', '2023-10-20 19:37:01'),
(190, 166, 'Rem FR macet', 'Cek rem', '2023-10-20 19:40:11', '2023-10-20 19:40:11'),
(191, 167, 'Aki sudah ga nyimpen strum', 'Ganti aki', '2023-10-20 21:36:20', '2023-10-20 21:36:20'),
(193, 169, 'Per RR peruh', 'Ganti Per RR', '2023-10-24 23:45:11', '2023-10-24 23:45:11'),
(194, 168, 'service berkala', 'service berkala', '2023-10-25 00:25:16', '2023-10-25 00:25:16'),
(195, 170, 'Pake dynamo starter B 9340 NDD', 'Pake dynamo starter B 9340 NDD', '2023-10-25 20:11:32', '2023-10-25 20:11:32'),
(196, 171, 'Ban RR LH vulkanisir meledak', 'Ganti ban RR LH', '2023-10-26 00:22:56', '2023-10-26 00:22:56'),
(197, 172, 'Ban RR RH botak', 'Ganti Ban RR RH', '2023-10-26 00:24:48', '2023-10-26 00:24:48'),
(198, 173, 'Ban RR RH benjol', 'Ganti Ban RR RH', '2023-10-26 00:27:12', '2023-10-26 00:27:12'),
(199, 174, 'Ban FR habis', 'Ganti ban FR', '2023-10-26 00:30:13', '2023-10-26 00:30:13'),
(200, 175, 'Ban RR LH sobek', 'Ganti Ban RR LH', '2023-10-26 00:42:17', '2023-10-26 00:42:17'),
(201, 176, 'Ban FR botak termakan  usia', 'Ganti BAn FR', '2023-10-26 00:44:20', '2023-10-26 00:44:20'),
(202, 177, 'Ban RR RH meledak, ban bulan 07', 'Ganti ban RR RH', '2023-10-26 00:47:04', '2023-10-26 00:47:50'),
(203, 178, 'Baud roda RR RH patah', 'Ganti baud roda RR RH', '2023-10-26 19:19:22', '2023-10-26 19:19:22'),
(204, 179, 'service berkala', 'Service berkala', '2023-10-26 19:24:58', '2023-10-26 19:24:58'),
(205, 180, 'Per RR patah', 'Ganti per RR', '2023-10-26 19:33:58', '2023-10-26 19:33:58'),
(206, 181, 'Per RR patah', 'Ganti per dan perbaikan per', '2023-10-26 20:00:28', '2023-10-26 20:00:28'),
(207, 182, 'Mobil brebet,keluar asap putih', 'Cek system solar', '2023-10-29 20:15:29', '2023-10-29 20:15:29'),
(208, 183, 'roda RR LH bunyi', 'baud as roda kendor', '2023-10-29 20:31:16', '2023-10-29 20:31:16'),
(209, 184, 'Rem blong, mobil susah starter', 'Cek rem dan cek air accu', '2023-10-30 00:24:21', '2023-10-30 00:24:21'),
(210, 187, 'Per Extra No 5 patah', 'Ganti per extra', '2023-11-01 19:59:41', '2023-11-01 19:59:41'),
(211, 189, 'Kopling slip, Ban RR RH meledak', 'Cek kopling, dan ganti Ban RR RH 4st', '2023-11-03 00:55:58', '2023-11-03 00:55:58'),
(212, 189, 'Kopling slip', 'Ganti ban RR RH', '2023-11-05 20:16:34', '2023-11-05 20:16:34'),
(213, 190, 'Per RR dan FR peruh', 'Ganti per RR FR', '2023-11-05 20:17:25', '2023-11-05 20:17:25'),
(214, 191, 'Ban FR botak', 'Ganti ban FR, Ban RR 2pc @1pc Kleman', '2023-11-05 20:21:37', '2023-11-05 20:21:37'),
(215, 192, 'Nap RR LH rusak', 'Pake nap B 9340 NDD', '2023-11-05 20:23:38', '2023-11-05 20:23:38'),
(216, 194, 'Roda FR LH panas', 'Cek roda FR LH', '2023-11-06 00:38:23', '2023-11-06 00:38:23'),
(217, 186, 'Roda FR masih kemakan sebelah', 'Cek roda FR ', '2023-11-06 00:41:10', '2023-11-06 00:41:10'),
(218, 197, 'Tusukan per patah', 'Ganti tusukan per', '2023-11-06 20:06:22', '2023-11-06 20:06:22'),
(219, 193, 'Roda FR kemakan sebelah, Gantungan kopel hancur', 'Cek roda FR dan Ganti gantungan kopel', '2023-11-06 20:08:46', '2023-11-06 20:08:46'),
(220, 199, 'Service Berkala, Baud shockbrekaer lepas', 'Service berkala, Ganti baud shockbreaker', '2023-11-07 22:57:01', '2023-11-07 22:57:01'),
(221, 198, 'Baud roda RR Rh Patah', 'Ganti Baud roda RR RH', '2023-11-07 22:58:32', '2023-11-07 22:58:32'),
(222, 200, 'Oper gigi keras', 'Cek master kopling bawah', '2023-11-07 23:02:34', '2023-11-07 23:02:34'),
(223, 200, 'Rumah F solar bawah bocor', 'Sementara F solar bawah di langsungin', '2023-11-07 23:03:10', '2023-11-07 23:03:10'),
(224, 203, 'Service berkala, Mobil susah starter', 'Service berkala, Cek accu', '2023-11-07 23:11:53', '2023-11-07 23:11:53'),
(225, 202, 'Service berkala, Bak megar', 'service Berkala, Las bak', '2023-11-08 23:44:25', '2023-11-08 23:44:25'),
(226, 204, 'Roda RR RH keluar oli', 'Cek roda RR RH', '2023-11-08 23:57:19', '2023-11-08 23:57:19'),
(227, 205, 'Rem blong', 'Cek rem ', '2023-11-08 23:58:17', '2023-11-08 23:58:17'),
(228, 207, 'Pompa solar bocor', 'Ganti pompa solar', '2023-11-13 23:16:49', '2023-11-13 23:16:49'),
(229, 206, 'Mobil susah starter, Rem dalam', 'Stel rem dan bersihkan accu', '2023-11-13 23:17:50', '2023-11-13 23:17:50'),
(230, 208, 'Stoplamp mati', 'Ganti vitting bohlam dan ganti bohlam', '2023-11-13 23:21:21', '2023-11-13 23:21:21'),
(231, 209, 'Rem FR macet', 'Cek rem FR', '2023-11-13 23:24:22', '2023-11-13 23:24:22'),
(232, 211, 'Service berkala, Rem dalam', 'Service berkala, Cek rem', '2023-11-14 02:11:29', '2023-11-14 02:11:29'),
(234, 220, 'Ban FR botak', 'Ganti ban FR', '2023-11-15 00:24:59', '2023-11-15 00:24:59'),
(235, 221, 'Ban RR RH benjol', 'Ganti Ban RR RH', '2023-11-15 00:27:02', '2023-11-15 00:27:02'),
(236, 218, 'Service berkala', 'Service berkala', '2023-11-16 02:05:00', '2023-11-16 02:05:00'),
(237, 219, 'Service berkala, Rem tinggi', 'Service berkala, Stel rem', '2023-11-16 02:06:36', '2023-11-16 02:06:36'),
(238, 224, 'Per no 1 patah', 'Ganti per RR dan FR', '2023-11-16 02:11:02', '2023-11-16 02:11:02'),
(239, 215, 'Per patah, Rem ngebagel', 'Ganti per dan cek rem', '2023-11-16 02:15:43', '2023-11-16 02:15:43'),
(240, 222, 'Service berkala, Lampu steling tidak ada', 'Service berkala, Pasang Lampu steling', '2023-11-19 23:27:37', '2023-11-19 23:27:37'),
(241, 223, 'Service berkala, kampas rem RR tipis', 'Service berkala, Kampas rem RR tipis', '2023-11-19 23:38:16', '2023-11-19 23:38:16'),
(242, 230, 'Ban RR habis termakan usia', 'Ganti ban RR 2set', '2023-11-20 02:36:21', '2023-11-20 02:36:21'),
(243, 231, 'Ban RR LH vulkanisir meledak', 'Ganti ban RR LH', '2023-11-20 19:42:01', '2023-11-20 19:42:01'),
(244, 232, 'Ban FR botak', 'Ganti BAn FR', '2023-11-20 19:49:04', '2023-11-20 19:49:04'),
(245, 227, 'Mobil susah starter', 'Air aki kering', '2023-11-20 23:49:03', '2023-11-20 23:49:03'),
(246, 229, 'Service berkala', 'Ganti FF atas dan bawah, F udara', '2023-11-20 23:52:19', '2023-11-20 23:52:19'),
(247, 228, 'Service Berkala, Roda FR R/L goyang', 'Service berkala, Ganti kinpin dan bearing FR', '2023-11-20 23:56:49', '2023-11-20 23:56:49'),
(248, 233, 'Ban RR meledak', 'Ganti ban RR ', '2023-11-21 00:29:43', '2023-11-21 00:29:43'),
(249, 239, 'Per RR patah', 'Ganti per RR ', '2023-11-26 21:12:15', '2023-11-26 21:12:15'),
(250, 240, 'Ban FR dari A 9220 ZB belah, Shockbreaker RR keluar oli', 'Ganti ban FR 2set dan Ganti shockbreaker RR', '2023-11-26 21:47:26', '2023-11-26 21:47:26'),
(251, 241, 'Service berkala', 'Service berkala', '2023-11-29 00:21:11', '2023-11-29 00:21:11'),
(252, 238, 'Master rem atas pake A 9266 ZA', 'Master rem atas pake A 9266 ZA', '2023-11-29 00:26:14', '2023-11-29 00:26:14'),
(253, 238, 'Mobil mrebet', 'Cek system solar', '2023-11-29 00:26:47', '2023-11-29 00:26:47'),
(254, 238, 'Selang mesin pake A 9280 ZA', 'Selang mesin pake A 9280 ZA', '2023-11-29 00:27:15', '2023-11-29 00:27:15'),
(255, 243, 'Service berkala', 'Service Berkala', '2023-11-29 00:29:44', '2023-11-29 00:29:44'),
(256, 237, 'Nap roda pake B 9337 NDD', 'Nap roda pake B 9337 NDD', '2023-11-29 00:33:50', '2023-11-29 00:33:50'),
(257, 244, 'Rem panas', 'Cek rem', '2023-11-29 23:30:34', '2023-11-29 23:30:34'),
(258, 245, 'Roda FR goyang', 'Stel longtierod', '2023-11-29 23:31:12', '2023-11-29 23:31:12'),
(259, 246, 'Service berkala', 'Service Berkala', '2023-11-29 23:34:14', '2023-11-29 23:34:14'),
(260, 247, 'Service berkala', 'Service Berkala', '2023-11-29 23:36:08', '2023-11-29 23:36:08'),
(261, 248, 'Pedal kopling tidak berbalik', 'Cek master kopling atas dan bawah', '2023-12-03 21:45:21', '2023-12-03 21:45:21'),
(262, 252, 'Ban FR kemakan sebelah', 'Cek roda FR ', '2023-12-05 19:48:30', '2023-12-05 19:48:30'),
(263, 253, 'Ban RR vulkanisir meledak', 'Ganti BAn RR 2set', '2023-12-05 19:51:52', '2023-12-05 19:51:52'),
(264, 254, 'Ban RR RH meledak', 'Ganti Ban RR RH 2set Goodyear HD', '2023-12-05 19:53:36', '2023-12-05 19:53:36'),
(265, 255, 'Kayu Bantalan keropos', 'Ganti kayu bantalan', '2023-12-10 23:53:29', '2023-12-10 23:53:29'),
(266, 256, 'Service Berkala, Rem FR dan RR bunyi', 'Service Berkala, Cek rem FR dan RR', '2023-12-11 00:23:08', '2023-12-11 00:23:08'),
(267, 257, 'Roda FR goyang, pedal kopling tdk berbalik', 'Cek roda FR dan master kopling', '2023-12-14 22:49:39', '2023-12-14 22:49:39'),
(268, 258, 'Roda FR kemakan sebelah,Pintu kabin tdk bisa dikunci,Kopel bunyi', 'Cek roda FR, Pintu dan cek kopel', '2023-12-14 22:52:59', '2023-12-14 22:52:59'),
(269, 260, 'Service berkala, Ban RR habis', 'Service Berkala, Ganti BAn RR', '2023-12-17 23:45:12', '2023-12-17 23:45:12'),
(270, 259, 'Roda RR RH keluar oli, Service Berkala', 'Cek roda RR dan service Berkala', '2023-12-18 02:03:30', '2023-12-18 02:03:30'),
(271, 261, 'Service berkala', 'Service berkala', '2023-12-18 02:06:26', '2023-12-18 02:06:26'),
(272, 262, 'Service berkala', 'Service Berkala', '2023-12-19 00:05:04', '2023-12-19 00:05:04'),
(273, 263, 'Service Berkala', 'Service Berkala', '2023-12-19 00:09:08', '2023-12-19 00:09:08'),
(274, 265, 'Pedal kopling tidak berbalik', 'Pedal kopling tidak berbalik', '2023-12-19 23:34:22', '2023-12-19 23:34:22'),
(275, 264, 'service Berkala', 'Service Berkala', '2023-12-19 23:36:19', '2023-12-19 23:36:19'),
(276, 266, 'Master Kopling bawah Bocor', 'Ganti kit kopling bawah', '2023-12-26 00:07:38', '2023-12-26 00:07:38'),
(277, 268, 'Roda FR macet', 'Cek roda FR', '2023-12-26 00:14:42', '2023-12-26 00:14:42'),
(278, 107, 'Turun Mesin', 'Turun Engine Head', '2024-01-01 23:31:06', '2024-01-01 23:31:06'),
(279, 107, 'Skir Pelatuk', 'Skir Kepala Pelatuk', '2024-01-01 23:31:46', '2024-01-01 23:31:46'),
(280, 107, 'Pembersihan Kepala Piston', 'Pembersihan Kepala Piston', '2024-01-01 23:32:13', '2024-01-01 23:32:34'),
(281, 275, 'Aki sudah ga nyimpen strum', 'Ganti aki Yuasa N100', '2024-01-03 01:31:30', '2024-01-03 01:31:30'),
(282, 276, 'Service Berkala', 'Service Berkala', '2024-01-03 23:14:31', '2024-01-03 23:14:31'),
(283, 272, 'Service Berkala,Roda RR LH keluar oli,Mobil ngeden', 'Service Berkala, Cek roda RR LH, Cek kopling ', '2024-01-03 23:36:06', '2024-01-03 23:36:06'),
(284, 273, 'Shock breaker FR patah', 'Ganti shockbreaker FR', '2024-01-03 23:38:09', '2024-01-03 23:38:09'),
(285, 280, 'Mobil miring kanan', 'Cek per', '2024-01-04 23:51:04', '2024-01-04 23:51:04'),
(286, 277, 'Roda FR kemakan sebelah', 'Cek roda FR', '2024-01-09 19:59:33', '2024-01-09 19:59:33'),
(288, 278, 'Master Kopling bawah Bocor', 'Cek master kopling bawah', '2024-01-09 20:04:03', '2024-01-09 20:04:03'),
(289, 279, 'Service Berkala', 'Service Berkala', '2024-01-09 20:06:20', '2024-01-09 20:06:20'),
(290, 281, 'Baud as RR LH patah', 'Cek roda RR LH', '2024-01-09 20:08:50', '2024-01-09 20:08:50'),
(291, 281, 'Nap roda RR LH pake B 9332 NDD', 'Nap Roda RR LH pake B 9332 NDD', '2024-01-09 20:09:17', '2024-01-09 20:09:17'),
(292, 285, 'Roda RR keluar oli, Ban RR habis', 'Cek roda RR dan Ganti ban 2set', '2024-01-12 00:57:16', '2024-01-12 00:57:16'),
(293, 286, 'service berkala,wings box tidak naik', 'Service Berkala, Service hidrolik wing', '2024-01-15 02:34:31', '2024-01-15 02:34:31'),
(294, 287, 'Roda FR kemakan sebelah, Service Berkala', 'Cek roda FR, Service Berkala', '2024-01-15 02:40:54', '2024-01-15 02:40:54'),
(295, 288, 'Master kopling atas Bocor', 'Ganti master kopling atas', '2024-01-15 23:47:06', '2024-01-15 23:47:06'),
(296, 290, 'Aki ga kuat starter', 'cek aki ', '2024-01-15 23:51:50', '2024-01-15 23:51:50'),
(297, 289, 'Service Berkala', 'Service Berkala', '2024-01-17 00:57:49', '2024-01-17 00:57:49'),
(298, 292, 'Service Berkala', 'Service Berkala', '2024-01-17 20:30:10', '2024-01-17 20:30:10'),
(299, 295, 'Service Berkala', 'Service Berkala', '2024-01-18 01:54:28', '2024-01-18 01:54:28'),
(300, 296, 'Roda FR goyang, kemakan sebelah', 'Cek roda FR', '2024-01-18 20:56:19', '2024-01-18 20:56:19'),
(301, 297, 'Baud Roda RR LH patah', 'G.Baud roda RR LH', '2024-01-19 00:21:46', '2024-01-19 00:21:46'),
(302, 291, 'Kayu Bantalan keropos', 'Ganti Kayu bantalan', '2024-01-19 02:03:49', '2024-01-19 02:03:49'),
(303, 299, 'Mobil ngeden', 'Cek kopling', '2024-01-22 20:32:05', '2024-01-22 20:32:05'),
(304, 294, 'Roda FR goyang, Roda RR keluar oli', 'Cek roda FR dan Roda RR', '2024-01-23 00:14:00', '2024-01-23 00:14:00'),
(305, 301, 'Mobil susah starter', 'Ganti kepala aki 2pc, Kabel Pararel aki', '2024-01-25 19:20:03', '2024-01-25 19:20:03'),
(306, 308, 'Per RR No.1 patah', 'Ganti Per RR ', '2024-01-25 20:06:12', '2024-01-25 20:06:12'),
(307, 302, 'Service Berkala', 'Service Berkala', '2024-01-25 20:08:46', '2024-01-25 20:08:46'),
(308, 304, 'Service Berkala', 'Service Berkala', '2024-01-25 23:34:18', '2024-01-25 23:34:18'),
(309, 305, 'Rem ngebagel', 'Cek rem ', '2024-01-25 23:42:38', '2024-01-25 23:42:38'),
(310, 306, 'Master Kopling bawah Bocor', 'Cek master Kopling bawah', '2024-01-25 23:44:05', '2024-01-25 23:44:05'),
(311, 307, 'Service Berkala', 'Service Berkala', '2024-01-29 00:02:18', '2024-01-29 00:02:18'),
(312, 309, 'Cek Gardan', 'Cek Gardan', '2024-01-29 01:28:29', '2024-01-29 01:28:29'),
(313, 310, 'Relay Valve/Kura Kura bocor', 'Cek Relay Valve', '2024-01-30 00:00:07', '2024-01-30 00:00:07'),
(314, 311, 'Service Berkala', 'Service Berkala', '2024-01-31 00:47:13', '2024-01-31 00:47:13'),
(315, 312, 'Service Berkala, Roda RR R/L Keluar Oli', 'Service berkala,Cek roda RR R/L', '2024-02-04 21:32:07', '2024-02-04 21:32:07'),
(316, 313, 'Roda FR kemakan Sebelah', 'Cek roda FR', '2024-02-05 23:33:32', '2024-02-05 23:33:32'),
(317, 314, 'Service Berkala, Roda FR R/L goyang', 'Service Berkala, Cek roda FR/RR', '2024-02-06 23:53:37', '2024-02-06 23:53:37'),
(318, 317, 'Kaca Pintu RH pecah', 'Ganti Kaca Pintu RH', '2024-02-13 01:03:08', '2024-02-13 01:03:08'),
(319, 316, 'Service Berkala', 'Service Berkala', '2024-02-14 22:47:38', '2024-02-14 22:47:38'),
(320, 318, 'Service Berkala,Pedal Kopling tdk Berbalik', 'Service Berkala,Cek Master kopling', '2024-02-15 22:59:45', '2024-02-15 22:59:45'),
(321, 319, 'Service Berkala', 'Service Berkala', '2024-02-15 23:00:47', '2024-02-15 23:00:47'),
(322, 320, 'Roda FR kemakan sebelah', 'Cek roda FR', '2024-02-16 02:09:53', '2024-02-16 02:09:53'),
(323, 321, 'Roda RR keluar oli', 'Cek roda RR', '2024-02-19 00:05:29', '2024-02-19 00:05:29'),
(324, 322, 'Stop lamp mati', 'Cek kelistrikan', '2024-02-19 01:27:00', '2024-02-19 01:27:00'),
(325, 323, 'Baud Roda RR RH slek, Kunci roda patah', 'Ganti baud roda dan Kunci roda', '2024-02-19 21:25:00', '2024-02-19 21:25:00'),
(326, 328, 'Ban FR botak', 'Ganti ban FR', '2024-02-22 20:06:29', '2024-02-22 20:06:29'),
(327, 329, 'Ban RR RH habis', 'Ganti Ban RR', '2024-02-22 20:12:19', '2024-02-22 20:12:19'),
(328, 324, 'Gardan Rembes', 'Cek gardan', '2024-02-22 20:15:49', '2024-02-22 20:15:49'),
(329, 326, 'Rem macet', 'Cek rem', '2024-02-26 01:00:53', '2024-02-26 01:00:53'),
(330, 331, 'Mobil gak kuat starter', 'Cek aki dan kelistrikan', '2024-02-26 01:04:27', '2024-02-26 01:04:27'),
(331, 325, 'Gidi 1-3 gak bisa masuk', 'Cek perseneling', '2024-02-26 01:25:17', '2024-02-26 01:25:17'),
(332, 330, 'Slongsong pake A 9266 ZA', 'Slongsong pake A 9266 ZA', '2024-02-27 00:22:17', '2024-02-27 00:22:17'),
(333, 330, 'Slongsong pake A 9266 ZA', 'Slongsong pake A 9266', '2024-02-27 00:22:32', '2024-02-27 00:22:32'),
(335, 330, 'Pucuk rebung RR LH patah', 'Slongsong pake A 9266 ZA', '2024-02-27 00:34:06', '2024-02-27 00:34:06'),
(336, 332, 'Service Berkala', 'Service Berkala', '2024-02-27 00:44:30', '2024-02-27 00:44:30'),
(337, 333, 'Tusukan per depan patah', 'Ganti tusukan per depan', '2024-02-27 01:18:35', '2024-02-27 01:18:35'),
(338, 330, 'Pucuk rebung RR LH patah', 'Ganti pucuk rebung RR LH', '2024-02-27 20:21:36', '2024-02-27 20:21:36'),
(339, 335, 'Service Berkala, Pompa solar Bocor', 'Service Berkala, GAnti pompa solar', '2024-03-01 00:12:33', '2024-03-01 00:12:33'),
(340, 336, 'Roda RR RH keluar Oli, Service Berkala', 'Cek roda RR RH dan service Berkala', '2024-03-03 20:03:31', '2024-03-03 20:03:31'),
(341, 340, 'Mobil miring kanan', 'Cek per', '2024-03-03 21:07:34', '2024-03-03 21:07:34'),
(342, 337, 'Service Berkala, Fanbelt putus, Roda FR kalau ngrem bunyi', 'Service Berkala, Ganti Fanbelt, Cek roda FR dan RR', '2024-03-04 00:38:54', '2024-03-04 00:38:54'),
(343, 338, 'Roda FR goyang', 'Cek roda FR', '2024-03-04 00:41:18', '2024-03-04 00:41:18'),
(344, 342, 'ein Ngedip Tidak Berhenti-berhenti sampai bohlam putus Service Berkala', 'Service Berkala. Cek Kelistrikan', '2024-03-05 00:19:22', '2024-03-05 00:19:22'),
(345, 343, 'Mobil mrebet', 'Cek system solar', '2024-03-05 00:22:21', '2024-03-05 00:22:21'),
(346, 344, 'Pedal kopling tidak berbalik', 'Cek master kopling ', '2024-03-05 00:25:18', '2024-03-05 00:25:18'),
(347, 348, 'Mobil miring kanan', 'Cek per', '2024-03-11 21:53:39', '2024-03-11 21:53:39'),
(348, 345, 'Engine Ngeretek', 'Cek engine', '2024-03-11 22:45:43', '2024-03-11 22:45:43'),
(349, 347, 'Baud Roda RR LH patah', 'Ganti baud roda RR LH', '2024-03-11 22:55:45', '2024-03-11 22:55:45'),
(350, 350, 'Service Berkala, Rem FR bunyi', 'Service Berkala, Cek roda FR', '2024-03-12 23:42:05', '2024-03-12 23:42:05'),
(351, 349, 'Roda FR oblak', 'Cek roda FR', '2024-03-13 20:53:19', '2024-03-13 20:53:19'),
(352, 345, 'Cek engine', 'Setelah dilakukan pemasangan dan indrain,, ternyata indikator oli masih menyala dan mesin masih kasar,\ndilakukan pengecekan kembali', '2024-03-13 22:28:40', '2024-03-13 22:28:40'),
(353, 351, 'Service Berkala', 'Service Berkala', '2024-03-13 23:45:22', '2024-03-13 23:45:22'),
(354, 352, 'Service Berkala', 'Service Berkala', '2024-03-13 23:50:18', '2024-03-13 23:50:18');

-- --------------------------------------------------------

--
-- Table structure for table `stocks`
--

CREATE TABLE `stocks` (
  `id` bigint(20) UNSIGNED NOT NULL,
  `sparepart_id` bigint(20) UNSIGNED NOT NULL,
  `invoice_stock_id` bigint(20) UNSIGNED NOT NULL,
  `name` varchar(255) COLLATE utf8mb4_unicode_ci NOT NULL,
  `slug` varchar(255) COLLATE utf8mb4_unicode_ci NOT NULL,
  `brand` varchar(255) COLLATE utf8mb4_unicode_ci NOT NULL,
  `qty` int(11) NOT NULL,
  `price` int(11) NOT NULL,
  `created_at` timestamp NULL DEFAULT NULL,
  `updated_at` timestamp NULL DEFAULT NULL
) ENGINE=InnoDB DEFAULT CHARSET=utf8mb4 COLLATE=utf8mb4_unicode_ci;

--
-- Dumping data for table `stocks`
--

INSERT INTO `stocks` (`id`, `sparepart_id`, `invoice_stock_id`, `name`, `slug`, `brand`, `qty`, `price`, `created_at`, `updated_at`) VALUES
(1, 4, 1, 'Kinpin Dutro', 'kinpin-dutro', 'national', 2, 550000, '2023-07-20 00:38:15', '2023-07-20 00:38:15'),
(2, 6, 1, 'Lagher kinpin dutro', 'lagher-kinpin-dutro', 'Jpn', 4, 80000, '2023-07-20 00:52:21', '2023-07-20 00:52:21'),
(3, 9, 1, 'Pin as roda', 'pin-as-roda', '-', 4, 20000, '2023-07-20 00:53:11', '2023-07-20 00:53:11'),
(4, 12, 1, 'Filter solar bawah lohan', 'filter-solar-bawah-lohan', 'HOP', 2, 85000, '2023-07-20 00:54:01', '2023-07-20 00:54:01'),
(5, 11, 1, 'Bohlam H4 12V', 'bohlam-h4-12v', 'Hella', 4, 37500, '2023-07-20 00:54:58', '2023-07-20 00:54:58'),
(6, 10, 1, 'Dekrup dutro', 'dekrup-dutro', 'HOP', 1, 700000, '2023-07-20 00:55:41', '2023-07-20 00:55:41'),
(7, 8, 1, 'Paking as roda', 'paking-as-roda', '-', 25, 2500, '2023-07-20 00:56:23', '2023-07-20 00:56:23'),
(8, 7, 1, 'Kampas rem dutro', 'kampas-rem-dutro', 'RCA', 1, 110000, '2023-07-20 00:57:15', '2023-07-20 00:57:15'),
(9, 1, 1, 'Filter oli', 'filter-oli', 'Sakura', 3, 65000, '2023-07-20 00:58:17', '2023-07-20 00:58:17'),
(10, 2, 1, 'Filter solar atas', 'filter-solar-atas', 'Sakura', 5, 27500, '2023-07-20 00:59:00', '2023-07-20 00:59:00'),
(11, 3, 1, 'Filter solar bawah', 'filter-solar-bawah', 'Sakura', 3, 20000, '2023-07-20 01:00:22', '2023-07-20 01:00:22'),
(12, 19, 3, 'Ban 1000-20', 'ban-1000-20', '-', 6, 1800000, '2023-07-20 21:32:31', '2023-07-20 21:32:31'),
(13, 18, 5, 'Ban 750-16', 'ban-750-16', 'Goodyear HD', 8, 1350000, '2023-07-20 23:48:17', '2023-07-20 23:48:17'),
(14, 19, 4, 'Ban 1000-R20', 'ban-1000-20-2', '-', 3, 850000, '2023-07-21 00:08:47', '2023-07-21 00:08:47'),
(15, 5, 6, 'vb9ahYhW3P', 'vb9ahyhw3p', 'Sinlube', 1000, 32000, '2023-07-21 00:11:11', '2023-09-22 20:43:58'),
(16, 20, 5, 'Ban dalam 750-16', 'ban-dalam-750-16', 'GT 750-16', 8, 190000, '2023-07-21 01:55:33', '2023-07-21 01:55:33'),
(17, 21, 5, 'Ban perut 750-16', 'ban-perut-750-16', 'GT R16', 8, 50000, '2023-07-21 01:56:25', '2023-07-21 01:56:25'),
(18, 22, 5, 'Ban dalam 900-20', 'ban-dalam-900-20', 'KRC 900-20', 4, 245000, '2023-07-21 01:57:16', '2023-07-21 01:57:16'),
(19, 23, 5, 'Ban perut R20', 'ban-perut-r20', 'KRC R20', 4, 80000, '2023-07-21 01:57:55', '2023-07-21 01:57:55'),
(20, 18, 7, 'Ban 750-16/14', 'ban-750-16-14', 'Goodyear HD', 4, 1350000, '2023-07-21 23:32:09', '2023-07-21 23:32:09'),
(21, 20, 7, 'Ban dalam 750-16 GT', 'ban-dalam-750-16-gt', 'GT 750-16', 4, 190000, '2023-07-21 23:33:09', '2023-07-21 23:33:09'),
(22, 21, 7, 'Ban perut 750 R16', 'ban-perut-750-r16', 'GT R16', 4, 50000, '2023-07-21 23:34:09', '2023-07-21 23:34:09'),
(23, 27, 8, 'Boster rem dutro', 'boster-rem-dutro', 'HOP', 1, 1200000, '2023-07-23 21:55:03', '2023-07-23 21:55:03'),
(24, 29, 8, 'Baut roda belakang LH', 'baut-roda-belakang-lh', 'HWC', 5, 60000, '2023-07-23 21:55:36', '2023-07-23 21:55:36'),
(25, 28, 8, 'Baut roda belakang RH', 'baut-roda-belakang-rh', 'HWC', 5, 60000, '2023-07-23 21:56:08', '2023-07-23 21:56:08'),
(26, 4, 8, 'Kinpin Dutro 2', 'kinpin-dutro-2', 'National', 1, 550000, '2023-07-23 21:57:14', '2023-07-23 21:57:14'),
(27, 30, 9, 'Velg', 'velg', '-', 2, 1550000, '2023-07-23 21:59:30', '2023-07-23 21:59:30'),
(28, 19, 10, 'Ban 1000-20 3', 'ban-1000-20-3', 'Road X', 2, 4050000, '2023-07-23 23:41:31', '2023-07-23 23:41:31'),
(29, 31, 11, 'Plat kopling', 'plat-kopling', 'pantek nikki', 5, 525000, '2023-07-24 20:07:39', '2023-07-24 20:07:39'),
(30, 32, 12, 'Deg lagher 110', 'deg-lagher-110', 'NSK', 1, 300000, '2023-07-24 20:13:10', '2023-07-24 20:13:10'),
(31, 1, 13, 'Filter oli 110', 'filter-oli-2', 'Sakura', 10, 65000, '2023-07-26 00:42:46', '2023-07-26 00:42:46'),
(32, 2, 13, 'Filter solar atas-110', 'filter-solar-atas-110', 'Sakura', 5, 27500, '2023-07-26 00:44:01', '2023-07-26 00:44:01'),
(33, 3, 13, 'Filter solar bawah', 'filter-solar-bawah-2', 'Sakura', 5, 20000, '2023-07-26 00:46:59', '2023-07-26 00:46:59'),
(34, 7, 13, 'Kampas rem dutro 110', 'kampas-rem-dutro-110', 'RCA', 2, 110000, '2023-07-26 00:47:45', '2023-07-26 00:47:45'),
(35, 33, 13, 'Karet kopel', 'karet-kopel', 'Aspira', 1, 115000, '2023-07-26 01:01:51', '2023-07-26 01:01:51'),
(36, 34, 13, 'Center bearing', 'center-bearing', 'UTM', 1, 85000, '2023-07-26 01:02:30', '2023-07-26 01:02:30'),
(37, 35, 13, 'Plat kopel', 'plat-kopel', 'Wakasa', 1, 125000, '2023-07-26 01:03:15', '2023-07-26 01:03:15'),
(38, 37, 13, 'Lagher roda FR dalam', 'lagher-roda-fr-dalam', '33210 Koyo', 2, 280000, '2023-07-26 01:04:12', '2023-07-26 01:04:12'),
(39, 36, 13, 'Lagher roda FR Luar', 'lagher-roda-fr-luar', '32207 Koyo', 2, 95000, '2023-07-26 01:04:48', '2023-07-26 01:04:48'),
(40, 38, 13, 'Klep api/ minyak', 'klep-api-minyak', 'Rocky', 4, 90000, '2023-07-26 01:05:47', '2023-07-26 01:05:47'),
(41, 39, 13, 'Klep api/ minyak', 'klep-api-minyak-2', 'Rocky', 4, 90000, '2023-07-26 01:06:23', '2023-07-26 01:06:23'),
(42, 40, 13, 'Lem threebond', 'lem-threebond', '-', 2, 30000, '2023-07-26 01:07:00', '2023-07-26 01:07:00'),
(43, 41, 13, 'Seal roda belakang 110', 'seal-roda-belakang-1101', '-', 4, 40000, '2023-07-26 01:08:02', '2023-07-26 01:08:02'),
(44, 42, 14, 'Draglink 125', 'draglink-125', '-', 1, 650000, '2023-07-27 00:09:43', '2023-07-27 00:09:43'),
(45, 43, 15, 'Karet rem SC-7059', 'karet-rem-sc-7059', 'Seiken', 20, 8500, '2023-07-27 00:13:50', '2023-07-27 00:13:50'),
(46, 44, 16, 'Minyak rem', 'minyak-rem', 'FUSO', 20, 52500, '2023-07-27 00:17:25', '2023-07-27 00:17:25'),
(47, 46, 18, 'Kayu bantalan', 'kayu-bantalan', '-', 2, 145000, '2023-07-27 01:34:24', '2023-07-27 01:34:24'),
(48, 46, 19, 'Kayu bantalan', 'kayu-bantalan-2', '-', 2, 145000, '2023-07-27 01:35:38', '2023-07-27 01:35:38'),
(49, 45, 17, 'Gemuk', 'gemuk', 'Rotary', 70, 17050, '2023-07-27 01:40:46', '2023-07-27 02:04:20'),
(50, 42, 20, 'Draglink 125', 'draglink-125-2', '-', 1, 650000, '2023-07-30 21:48:35', '2023-07-30 21:48:35'),
(51, 47, 20, 'Pelatuk klep', 'pelatuk-klep', '-', 8, 175000, '2023-07-30 21:50:36', '2023-07-30 21:50:36'),
(52, 40, 20, 'Lem threebond', 'lem-threebond-2', '-', 1, 30000, '2023-07-30 21:51:20', '2023-07-30 21:51:20'),
(53, 10, 20, 'Dekrup dutro', 'dekrup-dutro-2', 'HOP', 1, 700000, '2023-07-30 21:52:18', '2023-07-30 21:52:18'),
(54, 48, 20, 'Anak kunci pintu R/L', 'anak-kunci-pintu-r-l', 'SH', 1, 90000, '2023-07-30 21:55:36', '2023-07-30 21:55:36'),
(55, 49, 20, 'Lagher roda RR luar', 'lagher-roda-rr-luar', '32211 Koyo', 1, 165000, '2023-07-30 22:09:04', '2023-07-30 22:09:04'),
(56, 50, 20, 'Flasher sein', 'flasher-sein', 'Hino', 4, 90000, '2023-07-30 22:11:12', '2023-07-30 22:11:12'),
(57, 51, 20, 'Bohlam K1 12V', 'bohlam-k1-12v', 'Stanley', 10, 3000, '2023-07-31 00:31:44', '2023-07-31 00:31:44'),
(58, 52, 20, 'Bohlam K2 12V', 'bohlam-k2-12v', 'Stanley', 10, 2750, '2023-07-31 00:32:42', '2023-07-31 00:32:42'),
(59, 53, 20, 'Bohlam K1 24V', 'bohlam-k1-24v', 'Stanley', 10, 2750, '2023-07-31 00:33:54', '2023-07-31 00:33:54'),
(60, 3, 21, 'Filter solar bawah', 'filter-solar-bawah-3', 'Sakura', 5, 20000, '2023-07-31 00:35:02', '2023-07-31 00:35:02'),
(61, 55, 22, 'Gantungan ban stip', 'gantungan-ban-stip', '-', 1, 325000, '2023-07-31 00:45:43', '2023-07-31 00:45:43'),
(62, 56, 22, 'Selenoid valve engine', 'selenoid-valve-engine', '-', 1, 950000, '2023-07-31 00:47:18', '2023-07-31 00:47:18'),
(63, 58, 23, 'Behel bak', 'behel-bak', '-', 5, 55000, '2023-07-31 00:56:56', '2023-07-31 00:56:56'),
(64, 5, 24, 'Oli Sinlube', 'oli-sinlube-2', 'Sinlube', 600, 32000, '2023-07-31 01:01:11', '2023-07-31 01:01:11'),
(65, 58, 25, 'Behel bak', 'behel-bak-2', 'IBK', 4, 80000, '2023-07-31 01:02:40', '2023-07-31 01:02:40'),
(66, 18, 26, 'Ban 750-16/14', 'ban-750-16-14-2', 'Goodyear HD', 4, 1350000, '2023-07-31 01:10:53', '2023-07-31 01:10:53'),
(67, 20, 26, 'Ban dalam 750-16 GT', 'ban-dalam-750-16-gt-2', 'GT 750-16', 4, 190000, '2023-07-31 01:11:43', '2023-07-31 01:11:59'),
(68, 21, 26, 'Ban perut 750-16', 'ban-perut-750-16-2', 'GT R16', 4, 50000, '2023-07-31 01:12:30', '2023-07-31 01:12:30'),
(69, 60, 27, 'Filter udara', 'filter-udara', 'Sakura', 2, 95000, '2023-07-31 20:23:41', '2023-07-31 20:23:41'),
(70, 59, 28, 'Tutup abu sc 40294', 'tutup-abu-sc-40294', 'Seiken', 10, 4500, '2023-07-31 21:53:38', '2023-07-31 21:53:38'),
(71, 18, 29, 'Ban 750-16/14', 'ban-750-16-14-3', 'Goodyear HD', 4, 1350000, '2023-08-01 23:45:54', '2023-08-01 23:45:54'),
(72, 21, 29, 'Ban perut 750-16', 'ban-perut-750-16-3', 'GT R16', 4, 50000, '2023-08-01 23:46:23', '2023-08-01 23:46:23'),
(73, 20, 29, 'Ban dalam 750-16', 'ban-dalam-750-16-2', 'GT 750-16', 4, 190000, '2023-08-01 23:46:52', '2023-08-01 23:46:52'),
(74, 22, 29, 'Ban dalam 900-20', 'ban-dalam-900-20-2', 'KRC 900-20', 4, 245000, '2023-08-01 23:47:34', '2023-08-01 23:47:34'),
(75, 23, 29, 'Ban perut R20', 'ban-perut-r20-2', 'KRC R20', 4, 80000, '2023-08-01 23:48:16', '2023-08-01 23:48:52'),
(76, 46, 31, 'Kayu bantalan', 'kayu-bantalan-3', '-', 2, 145000, '2023-08-02 23:30:18', '2023-08-02 23:30:18'),
(77, 63, 32, 'Kaca Pintu', 'kaca-pintu', 'TR04-FDL A', 1, 575000, '2023-08-02 23:38:55', '2023-08-02 23:38:55'),
(78, 15, 28, 'Master rem FR LH', 'master-rem-fr-lh', '-', 2, 150000, '2023-08-03 23:20:13', '2023-08-03 23:20:13'),
(79, 18, 33, 'Ban 750-16/14', 'ban-750-16-14-4', 'Hankook 750-16', 4, 1550000, '2023-08-04 21:40:29', '2023-08-04 21:55:01'),
(80, 20, 33, 'Ban dalam 750-16', 'ban-dalam-750-16-3', 'Truckor 750-16', 4, 157000, '2023-08-04 21:41:13', '2023-08-04 21:41:13'),
(81, 21, 33, 'Ban perut 750-16', 'ban-perut-750-16-4', 'Truckor R16', 4, 45000, '2023-08-04 21:42:01', '2023-08-04 21:42:01'),
(82, 46, 34, 'Kayu bantalan', 'kayu-bantalan-4', '-', 2, 145000, '2023-08-04 21:47:45', '2023-08-04 21:47:45'),
(83, 18, 35, 'Ban 750-16/14', 'ban-750-16-14-5', 'Goodyear HD', 6, 1350000, '2023-08-04 21:50:41', '2023-08-04 21:50:41'),
(84, 20, 35, 'Ban dalam 750-16', 'ban-dalam-750-16-4', 'GT 750-16', 6, 190000, '2023-08-04 21:51:16', '2023-08-04 21:51:16'),
(85, 21, 35, 'Ban perut 750-16', 'ban-perut-750-16-5', 'GT R16', 6, 50000, '2023-08-04 21:53:13', '2023-08-04 21:53:13'),
(86, 60, 36, 'Filter udara', 'filter-udara-2', 'Sakura', 4, 90000, '2023-08-06 20:19:58', '2023-08-06 20:19:58'),
(87, 3, 36, 'Filter solar bawah', 'filter-solar-bawah-4', 'Sakura', 5, 20000, '2023-08-06 20:20:29', '2023-08-06 20:20:29'),
(88, 2, 36, 'Filter solar atas', 'filter-solar-atas-111', 'Sakura', 5, 27500, '2023-08-06 20:20:56', '2023-08-06 20:20:56'),
(89, 65, 36, 'V belt', 'v-belt', 'Bando', 2, 95000, '2023-08-06 20:22:56', '2023-08-06 20:22:56'),
(90, 7, 36, 'Kampas rem dutro 110', 'kampas-rem-dutro-110-2', 'RCA', 2, 110000, '2023-08-06 20:23:26', '2023-08-06 20:23:26'),
(91, 61, 36, 'Tutup abu 40284', 'tutup-abu-40284', 'Seiken', 10, 12500, '2023-08-06 20:24:14', '2023-08-06 20:24:14'),
(92, 59, 36, 'Tutup abu sc 40294', 'tutup-abu-sc-40294-2', 'Seiken', 10, 4500, '2023-08-06 20:24:40', '2023-08-06 20:24:40'),
(93, 14, 36, 'Kit kopling bawah', 'kit-kopling-bawah', 'Seiken', 2, 50000, '2023-08-06 20:25:10', '2023-08-06 20:25:10'),
(94, 66, 36, 'Kunci roda', 'kunci-roda', '-', 1, 325000, '2023-08-06 20:26:41', '2023-08-06 20:26:41'),
(95, 67, 36, 'Bohlam H4 24V', 'bohlam-h4-24v', 'Hella', 2, 37500, '2023-08-06 20:30:00', '2023-08-06 20:30:00'),
(96, 68, 36, 'Lagher RR luar 30211', 'lagher-rr-luar-30211', 'Koyo', 1, 185000, '2023-08-06 20:32:40', '2023-08-06 20:32:40'),
(97, 69, 36, 'Lagher RR dalam 32212', 'lagher-rr-dalam-32212', 'Koyo', 1, 185000, '2023-08-06 20:34:29', '2023-08-06 20:34:29'),
(98, 3, 37, 'Filter solar bawah', 'filter-solar-bawah-5', 'Sakura', 5, 20000, '2023-08-06 20:36:06', '2023-08-06 20:36:06'),
(99, 2, 37, 'Filter solar atas', 'filter-solar-atas-112', 'Sakura', 5, 27500, '2023-08-06 20:36:42', '2023-08-06 20:36:42'),
(100, 65, 37, 'V belt', 'v-belt-2', 'Bando', 2, 95000, '2023-08-06 20:37:14', '2023-08-06 20:37:14'),
(101, 28, 37, 'Baut roda belakang RH', 'baut-roda-belakang-rh-2', 'HWC', 5, 60000, '2023-08-06 20:38:01', '2023-08-06 20:38:01'),
(102, 29, 37, 'Baut roda belakang LH', 'baut-roda-belakang-lh-2', 'HWC', 5, 60000, '2023-08-06 20:38:31', '2023-08-06 20:38:31'),
(103, 41, 37, 'Seal roda belakang 110', 'seal-roda-belakang-110', '-', 4, 40000, '2023-08-06 20:39:15', '2023-08-06 20:39:15'),
(104, 43, 37, 'Karet rem SC-7059', 'karet-rem-sc-7059-2', 'Seiken', 30, 8500, '2023-08-06 20:40:29', '2023-08-06 20:40:29'),
(105, 4, 37, 'Kinpin Dutro 2', 'kinpin-dutro-2-2', 'National', 1, 550000, '2023-08-06 20:41:01', '2023-08-06 20:41:01'),
(106, 70, 37, 'Pompa solar', 'pompa-solar', 'Denso', 2, 215000, '2023-08-06 20:42:53', '2023-08-06 20:42:53'),
(107, 14, 37, 'Kit kopling bawah', 'kit-kopling-bawah-2', 'Seiken', 2, 50000, '2023-08-06 20:43:22', '2023-08-06 20:43:22'),
(108, 71, 38, 'karet stoper extra', 'karet-stoper-extra', '-', 8, 65000, '2023-08-06 20:45:26', '2023-08-06 20:45:26'),
(109, 18, 39, 'Ban 750-16/14', 'ban-750-16-14-6', 'Goodyear HD', 6, 1350000, '2023-08-14 21:43:29', '2023-08-14 21:43:29'),
(110, 21, 39, 'Ban perut 750-16', 'ban-perut-750-16-6', 'GT R16', 6, 50000, '2023-08-14 21:44:49', '2023-08-14 21:44:49'),
(111, 20, 39, 'Ban dalam 750-16 GT', 'ban-dalam-750-16-gt-3', 'GT 750-16', 6, 190000, '2023-08-14 21:45:36', '2023-08-14 21:45:36'),
(112, 18, 40, 'Ban 750-16/14', 'ban-750-16-14-7', 'Goodyear HD', 6, 1350000, '2023-08-14 21:51:38', '2023-08-14 21:51:38'),
(113, 20, 40, 'Ban dalam 750-16 GT', 'ban-dalam-750-16-gt-4', 'GT 750-16', 6, 190000, '2023-08-14 21:52:13', '2023-08-14 21:52:13'),
(114, 21, 40, 'Ban perut 750-16', 'ban-perut-750-16-7', 'GT R16', 6, 50000, '2023-08-14 21:52:45', '2023-08-14 21:52:45'),
(115, 18, 41, 'Ban 750-16/14', 'ban-750-16-14-8', 'GT 750-16', 6, 1475000, '2023-08-14 21:54:17', '2023-08-14 21:54:17'),
(116, 20, 41, 'Ban dalam 750-16 GT', 'ban-dalam-750-16-gt-5', 'GT 750-16', 6, 190000, '2023-08-14 21:54:44', '2023-08-14 21:54:44'),
(117, 21, 41, 'Ban perut 750-16', 'ban-perut-750-16-8', 'GT R16', 6, 50000, '2023-08-14 21:55:19', '2023-08-14 21:55:19'),
(118, 18, 42, 'Ban 750-16/14', 'ban-750-16-14-9', 'GT 750-16', 6, 1475000, '2023-08-14 22:07:11', '2023-08-14 22:07:11'),
(119, 20, 42, 'Ban dalam 750-16 GT', 'ban-dalam-750-16-gt-6', 'GT 750-16', 6, 190000, '2023-08-14 22:07:36', '2023-08-14 22:07:36'),
(120, 21, 42, 'Ban perut 750-16', 'ban-perut-750-16-9', 'GT R16', 6, 500000, '2023-08-14 22:08:04', '2023-08-14 22:08:04'),
(121, 27, 43, 'Boster rem dutro', 'boster-rem-dutro-2', 'Hop', 1, 1200000, '2023-08-14 22:09:44', '2023-08-14 22:09:44'),
(122, 44, 44, 'Minyak rem', 'minyak-rem-2', 'FUSO', 20, 52500, '2023-08-14 23:24:27', '2023-08-14 23:24:27'),
(123, 73, 45, 'klakson denso 12V', 'klakson-denso-12v', 'Denso', 2, 60000, '2023-08-14 23:26:47', '2023-08-14 23:26:47'),
(124, 76, 45, 'Lampu bemper', 'lampu-bemper', 'DNY', 1, 75000, '2023-08-15 21:09:44', '2023-08-15 21:09:44'),
(125, 77, 45, 'Kaca spion', 'kaca-spion', 'EMGI', 2, 45000, '2023-08-15 21:11:46', '2023-08-15 21:11:46'),
(126, 1, 45, 'Filter oli 110', 'filter-oli-110', 'Sakura', 5, 65000, '2023-08-15 21:12:20', '2023-08-15 21:12:20'),
(127, 78, 45, 'Tromol FR', 'tromol-fr', 'Mitsuwa', 2, 1050000, '2023-08-15 21:14:40', '2023-08-15 21:14:40'),
(128, 73, 49, '6IdKkZR3Ka', '6idkkzr3ka', 'Denso', 2, 60000, '2023-08-24 23:43:27', '2023-08-24 23:43:27'),
(129, 79, 49, '94WLVxRxWf', '94wlvxrxwf', '-', 2, 40000, '2023-08-25 22:46:52', '2023-08-25 22:46:52'),
(130, 32, 49, '1L6k4OGeze', '1l6k4ogeze', 'NSK', 1, 300000, '2023-08-25 22:48:22', '2023-08-25 22:48:22'),
(131, 10, 49, 'ygk8eo3A7G', 'ygk8eo3a7g', 'HOP', 1, 700000, '2023-08-25 22:48:48', '2023-08-25 22:48:48'),
(132, 80, 49, 'gQHNhpGc8q', 'gqhnhpgc8q', '-', 1, 135000, '2023-08-25 23:15:36', '2023-08-25 23:15:36'),
(134, 81, 52, 'eklgPAzon1', 'eklgpazon1', 'Mitsuwa', 1, 900000, '2023-08-29 00:52:23', '2023-08-29 00:52:23'),
(135, 1, 52, '5R37IPOjig', '5r37ipojig', 'Sakura', 2, 50000, '2023-08-29 01:26:16', '2023-08-29 01:32:39'),
(136, 9, 52, 'mwnAUq9xdf', 'mwnauq9xdf', '-', 4, 20000, '2023-08-29 01:26:57', '2023-08-29 01:26:57'),
(137, 36, 52, 'UEFUrN2Ls3', 'uefurn2ls3', 'Koyo', 2, 95000, '2023-08-29 01:27:52', '2023-08-29 01:27:52'),
(138, 69, 52, 'IJ5aovAi1S', 'ij5aovai1s', 'Koyo', 1, 185000, '2023-08-29 01:28:52', '2023-08-29 01:28:52'),
(139, 8, 52, 'Yhmi2gpY8n', 'yhmi2gpy8n', '-', 24, 2500, '2023-08-29 01:30:00', '2023-08-29 01:30:00'),
(140, 18, 54, 'CTCK4Lbutq', 'ctck4lbutq', 'GT 750-16', 2, 1475000, '2023-08-29 20:13:37', '2023-08-29 20:14:53'),
(141, 20, 54, 'jFoJnZwhte', 'jfojnzwhte', 'GT 750-16', 2, 190000, '2023-08-29 20:17:03', '2023-08-29 20:17:03'),
(142, 21, 54, 'srITDlEEMw', 'sritdleemw', 'GT R16', 2, 50000, '2023-08-29 20:17:29', '2023-08-29 20:17:29'),
(143, 18, 55, '8j4vhNRDW5', '8j4vhnrdw5', '-', 2, 525000, '2023-08-29 20:20:03', '2023-08-29 20:20:03'),
(144, 85, 56, 'W50xOrkysO', 'w50xorkyso', '-', 1, 325000, '2023-08-29 20:24:17', '2023-08-29 20:24:17'),
(145, 86, 56, 'P61raEh1Xr', 'p61raeh1xr', '-', 1, 150000, '2023-08-29 20:24:45', '2023-08-29 20:24:45'),
(146, 87, 56, 'Ex5wUuOhod', 'ex5wuuohod', '-', 1, 110000, '2023-08-29 20:25:14', '2023-08-29 20:25:14'),
(147, 88, 56, 'KNmb9gtQkN', 'knmb9gtqkn', 'Sakura', 2, 75000, '2023-08-29 20:29:23', '2023-08-29 20:29:23'),
(148, 2, 56, 'RS8Vv4ZwEV', 'rs8vv4zwev', 'Sakura', 2, 37500, '2023-08-29 20:30:15', '2023-08-29 20:30:15'),
(149, 2, 56, '2C7axWwKrA', '2c7axwwkra', 'Sakura', 10, 27500, '2023-08-29 20:30:46', '2023-08-29 20:30:46'),
(150, 3, 56, 'qdHSxuE5aL', 'qdhsxue5al', 'Sakura', 10, 20000, '2023-08-29 20:31:10', '2023-08-29 20:31:10'),
(151, 36, 56, 'gxklnNvRFo', 'gxklnnvrfo', 'Koyo', 4, 95000, '2023-08-29 20:31:51', '2023-08-29 20:31:51'),
(152, 60, 57, 'ayKb2Iss8z', 'aykb2iss8z', 'Sakura', 4, 95000, '2023-08-29 20:33:26', '2023-08-29 20:33:26'),
(153, 13, 57, 'f7OhOCLZWi', 'f7ohoclzwi', 'Seiken', 2, 80000, '2023-08-29 20:34:00', '2023-08-29 20:34:00'),
(154, 70, 57, 'BGudeGCFeD', 'bgudegcfed', 'Denso', 2, 215000, '2023-08-29 20:34:43', '2023-08-29 20:34:43'),
(155, 43, 57, 'oH1DTBrd2d', 'oh1dtbrd2d', 'Seiken', 20, 8500, '2023-08-29 20:35:20', '2023-08-29 20:35:34'),
(156, 89, 57, 'SoJtZvtWlF', 'sojtzvtwlf', 'Seiken', 1, 575000, '2023-08-29 20:39:50', '2023-08-29 20:39:50'),
(157, 91, 58, 'EfEsCwQ0EC', 'efescwq0ec', '-', 4, 25000, '2023-08-29 20:42:18', '2023-08-29 20:42:18'),
(164, 48, 59, 'VDkXIO2ohb', 'vdkxio2ohb', 'SH', 1, 90000, '2023-08-29 20:53:13', '2023-08-29 20:53:13'),
(165, 92, 59, 'a97IapaZOm', 'a97iapazom', 'Hino', 2, 185000, '2023-08-29 20:53:56', '2023-08-29 20:53:56'),
(166, 41, 60, '4FiDs1ug4l', '4fids1ug4l', '-', 4, 40000, '2023-08-29 20:54:52', '2023-08-29 20:54:52'),
(167, 57, 60, '4HzWhoTFYh', '4hzwhotfyh', '-', 4, 65000, '2023-08-29 20:55:37', '2023-08-29 20:55:37'),
(168, 31, 60, 'YZJDp8zvFd', 'yzjdp8zvfd', '-', 5, 525000, '2023-08-29 20:56:18', '2023-08-29 20:56:18'),
(169, 91, 60, 'Pi1YWjzjdj', 'pi1ywjzjdj', '-', 4, 22500, '2023-08-29 20:56:40', '2023-08-29 20:56:40'),
(170, 89, 60, '8z4xfdDAGn', '8z4xfddagn', 'seiken', 1, 575000, '2023-08-29 20:57:13', '2023-08-29 20:57:13'),
(171, 56, 60, 'O4pYFYFMFQ', 'o4pyfyfmfq', '-', 1, 950000, '2023-08-29 20:58:01', '2023-08-29 20:58:01'),
(172, 4, 60, '9kYUavVGg0', '9kyuavvgg0', 'national', 1, 550000, '2023-08-29 23:31:01', '2023-08-29 23:31:01'),
(173, 10, 61, 'JFK0FpExIU', 'jfk0fpexiu', 'HOP', 1, 700000, '2023-08-29 23:33:52', '2023-08-29 23:33:52'),
(174, 47, 61, 'GuCR4T1VWA', 'gucr4t1vwa', '-', 8, 175000, '2023-08-29 23:34:37', '2023-08-29 23:34:37'),
(175, 93, 61, 'EvHRPejUV1', 'evhrpejuv1', '-', 1, 215000, '2023-08-29 23:37:14', '2023-08-29 23:37:14'),
(176, 94, 61, 'jN4j8ueGx1', 'jn4j8uegx1', 'Hino', 1, 1300000, '2023-08-29 23:41:19', '2023-08-29 23:41:19'),
(177, 95, 61, 'RRs8pGrOy6', 'rrs8pgroy6', '-', 8, 12500, '2023-08-29 23:41:48', '2023-08-29 23:41:48'),
(178, 96, 61, 'yMJcE0Sdb1', 'ymjce0sdb1', '-', 1, 1100000, '2023-08-29 23:42:25', '2023-08-29 23:42:25'),
(179, 97, 61, 'sTz46HE4qQ', 'stz46he4qq', 'Eristic', 1, 200000, '2023-08-29 23:42:58', '2023-08-29 23:42:58'),
(180, 98, 61, '0fdu6WEtv8', '0fdu6wetv8', '-', 1, 55000, '2023-08-29 23:44:38', '2023-08-29 23:44:38'),
(181, 40, 61, 'zblwVAYBWf', 'zblwvaybwf', '-', 2, 30000, '2023-08-29 23:45:19', '2023-08-29 23:45:19'),
(182, 18, 62, 'mxIcYzfijO', 'mxicyzfijo', 'Goodyear HD', 4, 1350000, '2023-08-29 23:46:32', '2023-08-29 23:46:32'),
(183, 20, 62, '7SCHdwt8pY', '7schdwt8py', 'GT 750-16', 4, 190000, '2023-08-29 23:46:49', '2023-08-29 23:46:49'),
(184, 21, 62, 'mQHXMiNnh9', 'mqhxminnh9', 'GT R16', 4, 50000, '2023-08-29 23:47:08', '2023-08-29 23:47:08'),
(185, 5, 63, 'alajVwsey1', 'alajvwsey1', 'XP HD15W/40', 400, 32000, '2023-08-29 23:48:35', '2023-08-29 23:48:35'),
(186, 19, 64, 'n9CywXNhTT', 'n9cywxnhtt', '2331464106,2331414096/ Road X', 2, 4050000, '2023-08-29 23:49:41', '2023-08-29 23:50:07'),
(187, 18, 65, 'HAWri1uwwx', 'hawri1uwwx', 'Goodyear HD', 4, 1350000, '2023-08-29 23:51:05', '2023-08-29 23:51:05'),
(188, 20, 65, 'x3UdvptdoY', 'x3udvptdoy', 'GT 750-16', 4, 190000, '2023-08-29 23:51:20', '2023-08-29 23:51:20'),
(189, 21, 65, '46hfl1BUHE', '46hfl1buhe', 'GT R16', 4, 50000, '2023-08-29 23:51:35', '2023-08-29 23:51:35'),
(190, 18, 66, 'mjBdJQUHjH', 'mjbdjquhjh', 'DH-0556574,DK-556530/ Bridgestone', 2, 1575000, '2023-08-29 23:52:59', '2023-08-29 23:52:59'),
(191, 21, 66, 'bbSOXk2cxk', 'bbsoxk2cxk', 'GT R16', 1, 50000, '2023-08-29 23:53:21', '2023-08-29 23:53:21'),
(192, 7, 67, 'Qag8LpKAg0', 'qag8lpkag0', 'RCA', 2, 110000, '2023-08-29 23:54:31', '2023-08-29 23:54:31'),
(193, 1, 68, 'xmw96HAK1P', 'xmw96hak1p', 'Sakura', 5, 65000, '2023-08-29 23:55:47', '2023-08-29 23:55:47'),
(194, 99, 69, 'W8cGwLJPzg', 'w8cgwljpzg', 'Sakura', 1, 100000, '2023-08-29 23:59:38', '2023-08-29 23:59:38'),
(195, 3, 69, 'wdXFrQVxoP', 'wdxfrqvxop', 'Hop', 1, 85000, '2023-08-30 00:00:16', '2023-08-30 00:00:16'),
(196, 100, 69, 'HnSoCTRkqq', 'hnsoctrkqq', 'HWC', 4, 45000, '2023-08-30 00:03:49', '2023-08-30 00:03:49'),
(197, 101, 69, 'M9k3zMcyr0', 'm9k3zmcyr0', '-', 1, 375000, '2023-08-30 00:04:19', '2023-08-30 00:04:19'),
(198, 102, 69, '2wM0lTrTur', '2wm0ltrtur', 'Sakura', 1, 250000, '2023-08-30 00:04:43', '2023-08-30 00:04:43'),
(199, 99, 70, 'rlUgR9cgPn', 'rlugr9cgpn', 'Sakura', 3, 100000, '2023-08-30 00:05:43', '2023-08-30 00:05:43'),
(200, 3, 70, '4NjAimXa4u', '4njaimxa4u', 'Hop', 4, 85000, '2023-08-30 00:06:12', '2023-08-30 00:06:12'),
(201, 103, 70, 'FDTkB15QY9', 'fdtkb15qy9', 'HOP', 2, 250000, '2023-08-30 00:08:53', '2023-08-30 00:08:53'),
(202, 13, 70, 'BFdNqio1dU', 'bfdnqio1du', 'Seiken', 2, 80000, '2023-08-30 00:09:18', '2023-08-30 00:09:18'),
(203, 14, 70, 'atGAXvL7ID', 'atgaxvl7id', 'Seiken', 2, 50000, '2023-08-30 00:09:52', '2023-08-30 00:09:52'),
(204, 104, 70, 'dSxoVFeGpg', 'dsxovfegpg', 'GMB', 1, 275000, '2023-08-30 00:12:15', '2023-08-30 00:12:15'),
(205, 81, 70, 'onIcStcliP', 'onicstclip', 'Mitsuwa', 1, 900000, '2023-08-30 00:13:03', '2023-08-30 00:13:03'),
(206, 18, 71, '4QV0BHYolp', '4qv0bhyolp', 'GT 1514,4215,2306,0122,8453', 5, 525000, '2023-08-30 00:14:05', '2023-08-30 00:15:05'),
(207, 18, 71, 'hk6B47VWkV', 'hk6b47vwkv', 'A3', 1, 475000, '2023-08-30 00:14:45', '2023-08-30 00:14:45'),
(208, 107, 28, 'AdV3zxbWCD', 'adv3zxbwcd', 'Seiken', 20, 10000, '2023-08-30 01:29:21', '2023-08-30 01:29:21'),
(209, 105, 73, '4aVl3DBMsh', '4avl3dbmsh', 'sanyco', 2, 325000, '2023-08-30 01:32:23', '2023-08-30 01:32:23'),
(210, 106, 73, 'BCGoWBDBm9', 'bcgowbdbm9', 'sanyco', 2, 325000, '2023-08-30 01:32:50', '2023-08-30 01:32:50'),
(211, 18, 74, 'nngMIPSo1o', 'nngmipso1o', '3123-7997,3123-3502/GT HD', 2, 1475000, '2023-08-30 21:26:17', '2023-08-30 21:28:23'),
(212, 21, 74, 'klNTGCLI0i', 'klntgcli0i', 'KRC ', 2, 45000, '2023-08-30 21:26:45', '2023-08-30 21:27:53'),
(213, 20, 74, '6BfNuy6eH5', '6bfnuy6eh5', 'GT 750-16', 2, 190000, '2023-08-30 21:27:38', '2023-08-30 21:27:38'),
(214, 18, 75, 'HTkKUNu7Ck', 'htkkunu7ck', 'Goodyear HD A 9220 ZB', 4, 1350000, '2023-09-07 00:56:16', '2023-09-07 00:56:16'),
(215, 20, 75, '2C8FodQcn1', '2c8fodqcn1', 'GT 750-16', 4, 190000, '2023-09-07 00:56:42', '2023-09-07 00:56:42'),
(216, 21, 75, 'ne3hCdXufx', 'ne3hcdxufx', 'GT R16 A 9220 ZB', 4, 50000, '2023-09-07 00:57:16', '2023-09-07 00:57:16'),
(217, 66, 76, 'xWhCE7o2AX', 'xwhce7o2ax', '-', 1, 325000, '2023-09-07 00:58:28', '2023-09-07 00:58:28'),
(218, 108, 76, 'g2Tve4VWQJ', 'g2tve4vwqj', '-', 1, 385000, '2023-09-07 01:01:02', '2023-09-07 01:01:02'),
(219, 90, 76, 'Vty0YFRU6v', 'vty0yfru6v', 'Seiken', 1, 450000, '2023-09-07 01:01:47', '2023-09-07 01:01:47'),
(220, 43, 76, 'enzs7HBaGW', 'enzs7hbagw', 'seiken', 20, 8500, '2023-09-07 01:02:28', '2023-09-07 01:02:28'),
(221, 73, 76, 'col2KaOwcn', 'col2kaowcn', 'Denso', 2, 60000, '2023-09-07 01:03:08', '2023-09-07 01:03:20'),
(222, 42, 76, 'mPPRsZhheh', 'mpprszhheh', '-', 1, 650000, '2023-09-07 01:03:47', '2023-09-07 01:03:47'),
(223, 104, 76, 'qwVN2XpQnk', 'qwvn2xpqnk', 'GMB', 1, 275000, '2023-09-07 01:04:27', '2023-09-07 01:04:27'),
(224, 71, 76, 'g3uiD09xgf', 'g3uid09xgf', '-', 4, 65000, '2023-09-07 01:05:02', '2023-09-07 01:05:02'),
(225, 109, 76, 'vnXAhIVivn', 'vnxahivivn', 'Nachi 68SCRN62P', 1, 185000, '2023-09-07 01:09:00', '2023-09-07 01:09:00'),
(226, 107, 76, '3e70ha4PAB', '3e70ha4pab', 'Seiken', 20, 10000, '2023-09-07 01:09:38', '2023-09-07 01:09:38'),
(227, 59, 76, '6uZoy4ycdq', '6uzoy4ycdq', 'Seiken', 10, 4500, '2023-09-07 01:10:18', '2023-09-07 01:10:18'),
(228, 18, 77, '1meXjKSvE3', '1mexjksve3', 'Goodyear HD', 6, 1350000, '2023-09-07 02:41:44', '2023-09-07 02:41:44'),
(229, 20, 77, 'Yc61E8FCHY', 'yc61e8fchy', 'GT 750-16', 12, 190000, '2023-09-07 02:42:04', '2023-09-07 02:45:48'),
(230, 21, 77, '9uioCtiRTu', '9uioctirtu', 'GT R16', 12, 50000, '2023-09-07 02:42:22', '2023-09-07 02:45:37'),
(231, 110, 77, 'nFOotxvXYF', 'nfootxvxyf', 'GT 750-16', 6, 1475000, '2023-09-07 02:45:20', '2023-09-07 02:45:20'),
(232, 19, 78, 'eCVAvHyFRU', 'ecvavhyfru', 'GY-3904-5736,8385-7985,9788-6935,9851-5885,GT-8579-0190,4857-0120 AA3-JADI', 6, 1730000, '2023-09-11 01:40:13', '2023-09-11 01:40:13'),
(233, 19, 79, 'Wy1h33gx36', 'wy1h33gx36', 'INV 1019-4853,1099-4854 Jadi', 2, 1500000, '2023-09-11 01:42:13', '2023-09-11 01:42:13'),
(234, 19, 79, 'CPFcKAJKGA', 'cpfckajkga', 'GT 2658-015, BS 0661-0054,1379-0127,5021-9371,0076-0187 Jadi', 5, 1530000, '2023-09-11 01:43:37', '2023-09-11 01:43:37'),
(235, 112, 80, 'PEHmbOk0f2', 'pehmbok0f2', '-', 200, 30000, '2023-09-11 01:55:36', '2023-09-11 01:55:36'),
(236, 22, 81, 'iMPiHvqd2y', 'impihvqd2y', 'KRC 900-20', 4, 245000, '2023-09-11 01:58:46', '2023-09-11 01:58:46'),
(237, 23, 81, 'eFRWqcZfme', 'efrwqczfme', 'KRC R20', 4, 80000, '2023-09-11 01:59:13', '2023-09-11 01:59:13'),
(238, 113, 84, 'foRT1gVvsT', 'fort1gvvst', 'Go Save 8M', 30, 175000, '2023-09-12 01:44:12', '2023-09-12 01:44:12'),
(239, 114, 85, 'XNWOSKlNQq', 'xnwosklnqq', '41351-37020', 4, 88000, '2023-09-12 02:10:55', '2023-09-12 02:10:55'),
(240, 115, 85, 'qslfU8mqIC', 'qslfu8mqic', '-', 2, 93000, '2023-09-12 02:11:19', '2023-09-12 02:11:19'),
(241, 117, 86, 'ii8mZqEN6o', 'ii8mzqen6o', 'Yuasa', 1, 1315000, '2023-09-12 23:16:27', '2023-09-12 23:16:27'),
(242, 116, 87, 'IHibgGowKQ', 'ihibggowkq', 'Yuasa', 1, 1050000, '2023-09-12 23:17:02', '2023-09-12 23:17:02'),
(243, 1, 88, 'AOld0lFlDJ', 'aold0lfldj', 'Sakura C-1318', 1, 85000, '2023-09-14 00:33:48', '2023-09-14 00:33:48'),
(244, 2, 88, 'LrR9mfmR4K', 'lrr9mfmr4k', 'Hop ', 1, 50000, '2023-09-14 00:34:13', '2023-09-14 00:34:13'),
(245, 3, 88, 'JCWv8HZQAQ', 'jcwv8hzqaq', 'Sakura F-1002', 1, 30000, '2023-09-14 00:34:37', '2023-09-14 00:34:37'),
(246, 119, 89, 'koHHBQnl4O', 'kohhbqnl4o', 'HOP', 1, 875000, '2023-09-19 21:20:08', '2023-09-19 21:20:08'),
(247, 120, 89, 'R80sKJt6rz', 'r80skjt6rz', 'HOP 23390-LIE50', 5, 100000, '2023-09-19 21:34:46', '2023-09-19 21:34:46'),
(248, 60, 89, '00pqNewX1B', '00pqnewx1b', 'Sakura A-33210', 4, 90000, '2023-09-19 21:35:49', '2023-09-19 21:35:49'),
(249, 59, 89, 'qoubfN0txS', 'qoubfn0txs', 'Seiken', 10, 4500, '2023-09-19 21:36:32', '2023-09-19 21:36:32'),
(250, 89, 89, 'iBwkk29M8Y', 'ibwkk29m8y', 'Seiken ', 1, 575000, '2023-09-19 21:37:41', '2023-09-19 21:37:41'),
(251, 121, 89, 'lZHNVVsgmF', 'lzhnvvsgmf', '-', 1, 150000, '2023-09-19 21:38:16', '2023-09-19 21:38:16'),
(252, 67, 89, 'srVOovI51l', 'srvoovi51l', 'Hella', 2, 37500, '2023-09-19 21:38:49', '2023-09-19 21:38:49'),
(253, 10, 90, 'i4ToCuv9NQ', 'i4tocuv9nq', 'Hop', 1, 700000, '2023-09-19 21:45:39', '2023-09-19 21:45:39'),
(254, 32, 90, 'Tsb3aYOl16', 'tsb3ayol16', 'NSK', 2, 300000, '2023-09-19 21:46:19', '2023-09-19 21:46:19'),
(255, 122, 91, 'la5pUeDuOQ', 'la5pueduoq', 'HOP 15670-2250', 10, 95000, '2023-09-19 21:51:00', '2023-09-19 21:51:00'),
(256, 123, 91, 'g7pWRWqjVn', 'g7pwrwqjvn', 'Hop 23401-1332', 10, 45000, '2023-09-19 21:51:31', '2023-09-19 21:51:31'),
(257, 124, 91, 'aPm4NL9iUC', 'apm4nl9iuc', '-', 1, 400000, '2023-09-19 21:53:50', '2023-09-19 21:53:50'),
(258, 71, 91, 'xISUf29qYW', 'xisuf29qyw', '-', 6, 65000, '2023-09-19 21:55:44', '2023-09-19 21:55:44'),
(259, 7, 91, 'qroOx2AAd6', 'qroox2aad6', 'RCA 1130', 2, 110000, '2023-09-19 21:56:16', '2023-09-19 21:56:16'),
(260, 125, 91, 'UTNdlbRDEO', 'utndlbrdeo', '-', 2, 225000, '2023-09-19 21:59:14', '2023-09-19 21:59:14'),
(261, 107, 91, 'vIDhjlSOep', 'vidhjlsoep', 'Seiken', 20, 10000, '2023-09-19 22:00:30', '2023-09-19 22:00:30'),
(262, 3, 91, 'aXiMhJ5mjd', 'aximhj5mjd', 'Sakura F-100', 5, 20000, '2023-09-19 22:00:59', '2023-09-19 22:00:59'),
(263, 99, 91, 'UpxvdUHkNM', 'upxvduhknm', 'Sakura ', 2, 100000, '2023-09-19 22:01:57', '2023-09-19 22:02:14'),
(264, 108, 91, 'l9DDKlfCHL', 'l9ddklfchl', '-', 1, 385000, '2023-09-19 22:02:48', '2023-09-19 22:02:48'),
(265, 126, 92, 'R7qNTHyHeW', 'r7qnthyhew', '-', 1, 200000, '2023-09-19 22:08:08', '2023-09-19 22:08:08'),
(266, 12, 93, '0kSiMdi7rh', '0ksimdi7rh', 'Hop ', 2, 85000, '2023-09-19 22:11:08', '2023-09-19 22:11:08'),
(267, 18, 94, 'oaySzM9Llz', 'oayszm9llz', 'GT 3523-0270,3523-1074', 2, 1475000, '2023-09-20 01:43:48', '2023-09-20 01:43:48'),
(268, 20, 94, 'J0130Ku6SD', 'j0130ku6sd', 'GT 750-16', 2, 190000, '2023-09-20 01:44:13', '2023-09-20 01:44:13'),
(269, 21, 94, 'mI1yl9ngKs', 'mi1yl9ngks', 'GT R16', 2, 50000, '2023-09-20 01:44:37', '2023-09-20 01:44:37'),
(270, 18, 95, 'ztGF3onMyI', 'ztgf3onmyi', 'GT 0323-3824,2123-9349', 2, 1475000, '2023-09-20 01:46:34', '2023-09-20 01:46:34'),
(271, 20, 95, 'edob9LPEvf', 'edob9lpevf', 'GT 750-16', 2, 190000, '2023-09-20 01:46:53', '2023-09-20 01:46:53'),
(272, 21, 95, '2VVV7F3VPr', '2vvv7f3vpr', 'GT R16', 2, 50000, '2023-09-20 01:47:21', '2023-09-20 01:47:21'),
(273, 18, 96, 'xORqanI1JY', 'xorqani1jy', 'GT 750-16', 4, 1475000, '2023-09-21 00:56:27', '2023-09-21 00:56:27'),
(274, 20, 96, 'i2KxiftxuM', 'i2kxiftxum', 'GT 750-16', 4, 190000, '2023-09-21 00:56:56', '2023-09-21 00:56:56'),
(275, 21, 96, 'srJl3Zzyd0', 'srjl3zzyd0', 'GT R16', 4, 50000, '2023-09-21 00:57:23', '2023-09-21 00:57:23'),
(276, 128, 97, '5UCGu2Y3CC', '5ucgu2y3cc', 'Sinlube gear HD90', 32, 45000, '2023-09-22 20:58:40', '2023-09-22 20:58:40'),
(277, 127, 97, 'IDSFt2gs4Z', 'idsft2gs4z', 'Sinlube Gear HD140', 40, 47000, '2023-09-22 20:59:26', '2023-09-22 20:59:26'),
(278, 5, 98, 'KljXKqWGmp', 'kljxkqwgmp', 'Sinlube Callisto Sae 40 CF/SF', 600, 28828, '2023-09-22 21:04:36', '2023-09-22 21:04:36'),
(279, 5, 99, 'JXKvGPP4My', 'jxkvgpp4my', 'Sinlube Callisto XP HD 15W40', 400, 31081, '2023-09-22 21:06:52', '2023-09-22 21:06:52'),
(280, 130, 100, 'usifbQfjum', 'usifbqfjum', '-', 10, 10000, '2023-09-24 23:08:03', '2023-09-24 23:08:03'),
(281, 79, 100, 'G2LQjVZ99x', 'g2lqjvz99x', '-', 2, 40000, '2023-09-24 23:08:36', '2023-09-24 23:08:36'),
(282, 73, 100, 'cauXBodZWW', 'cauxbodzww', 'Denso 12V', 2, 60000, '2023-09-24 23:09:17', '2023-09-24 23:09:17'),
(283, 120, 101, 'vCKGGnU62U', 'vckggnu62u', 'HOP 23390-LIE50', 5, 100000, '2023-09-24 23:10:52', '2023-09-24 23:10:52'),
(284, 123, 101, 'ohKMWLPru5', 'ohkmwlpru5', 'Hop 23401-1332', 5, 45000, '2023-09-24 23:11:18', '2023-09-24 23:11:18'),
(285, 50, 101, 'fJvWKH3kOF', 'fjvwkh3kof', 'Hino 8190-32010', 4, 90000, '2023-09-24 23:12:26', '2023-09-24 23:12:26'),
(286, 60, 101, '5SWdJ2uhoI', '5swdj2uhoi', 'JIMCO JAE-12009-1', 2, 90000, '2023-09-24 23:13:24', '2023-09-24 23:13:24'),
(287, 131, 101, 's4ndvH5vHO', 's4ndvh5vho', '-', 2, 145000, '2023-09-24 23:15:52', '2023-09-24 23:15:52'),
(288, 132, 101, 'qnPw5GNssd', 'qnpw5gnssd', 'HOP 46430-0W070', 1, 350000, '2023-09-24 23:17:50', '2023-09-24 23:17:50'),
(289, 130, 101, 'mz0QAfibRM', 'mz0qafibrm', '-', 10, 10000, '2023-09-24 23:18:09', '2023-09-24 23:18:09'),
(290, 134, 101, 'drlN2VEKyK', 'drln2vekyk', 'HOP', 5, 75000, '2023-09-24 23:20:51', '2023-09-24 23:20:51'),
(291, 8, 102, 'gwnHbav2NR', 'gwnhbav2nr', '-', 25, 2500, '2023-09-24 23:21:58', '2023-09-24 23:22:16'),
(292, 37, 103, 'CTZLdgXCb4', 'ctzldgxcb4', 'Koyo 33210', 2, 280000, '2023-09-24 23:23:47', '2023-09-24 23:23:47'),
(293, 36, 103, 'JYdXlK7GLR', 'jydxlk7glr', 'Koyo 32207', 2, 95000, '2023-09-24 23:24:15', '2023-09-24 23:24:15'),
(294, 135, 103, 'GDo4bdqdmm', 'gdo4bdqdmm', '-', 2, 775000, '2023-09-24 23:26:36', '2023-09-24 23:26:36'),
(295, 13, 103, 'lTN84V5tx4', 'ltn84v5tx4', 'Seiken', 2, 80000, '2023-09-24 23:26:57', '2023-09-24 23:26:57'),
(296, 136, 103, 'ZnmYyktpOB', 'znmyyktpob', '-', 1, 450000, '2023-09-24 23:28:42', '2023-09-24 23:28:42'),
(297, 19, 104, 'YzwlTcvX9G', 'yzwltcvx9g', 'BS 5048-4768,3879-4769 A1/ Kleman', 2, 1200000, '2023-09-28 23:13:29', '2023-09-28 23:13:39'),
(298, 19, 105, 'zvEHYwx32Z', 'zvehywx32z', 'BS 0558/0185 A3 Jadi', 1, 1200000, '2023-09-28 23:16:14', '2023-09-28 23:16:14'),
(299, 18, 106, 'xX4VUvxjuE', 'xx4vuvxjue', 'Y04-73424,Z30-17307/Goodyear HD', 2, 1350000, '2023-09-28 23:17:44', '2023-09-28 23:17:44'),
(300, 20, 106, '45DrvAdFtw', '45drvadftw', 'GT 750-16', 2, 190000, '2023-09-28 23:18:04', '2023-09-28 23:18:04'),
(301, 21, 106, 'wjYA9XN12u', 'wjya9xn12u', 'GT R16', 2, 50000, '2023-09-28 23:18:22', '2023-09-28 23:18:22'),
(302, 22, 106, '2ogbC1TAPe', '2ogbc1tape', 'KRC 900-20', 4, 245000, '2023-09-28 23:19:14', '2023-09-28 23:19:14'),
(303, 137, 107, 'X3S1PZDOSV', 'x3s1pzdosv', 'Mitsuwa', 1, 950000, '2023-09-28 23:23:32', '2023-09-28 23:23:32'),
(304, 133, 107, 'ZjqhhRNukZ', 'zjqhhrnukz', 'HWC', 5, 65000, '2023-09-28 23:24:30', '2023-09-28 23:24:30'),
(305, 49, 108, 'SGgjJAQKFJ', 'sggjjaqkfj', 'Koyo 32211', 4, 165000, '2023-09-28 23:26:30', '2023-09-28 23:26:30'),
(306, 37, 108, 'aF5GfKvMsK', 'af5gfkvmsk', 'Koyo 33210', 2, 280000, '2023-09-28 23:27:08', '2023-09-28 23:27:08'),
(307, 36, 108, 'e93uz8EJxt', 'e93uz8ejxt', 'Koyo 32207', 2, 95000, '2023-09-28 23:27:41', '2023-09-28 23:27:41'),
(308, 138, 108, 'LDMfZ1jw9F', 'ldmfz1jw9f', 'Hino', 1, 275000, '2023-09-28 23:29:43', '2023-09-28 23:29:43'),
(309, 43, 108, '1FYY6N30Nn', '1fyy6n30nn', 'Seiken', 20, 8500, '2023-09-28 23:30:19', '2023-09-28 23:30:19'),
(310, 40, 108, 'Fr3nHpXstf', 'fr3nhpxstf', '-', 2, 30000, '2023-09-28 23:30:42', '2023-09-28 23:30:42'),
(311, 139, 108, 'RPKtlpibyD', 'rpktlpibyd', 'MB-249318', 2, 55000, '2023-09-28 23:32:31', '2023-09-28 23:32:31'),
(312, 140, 109, 'lUh2YgJft5', 'luh2ygjft5', 'Tekiro', 1, 410000, '2023-09-28 23:40:18', '2023-09-28 23:40:18'),
(313, 141, 109, '5eYhQpRd9Z', '5eyhqprd9z', 'Tekiro', 1, 1225000, '2023-09-28 23:40:40', '2023-09-28 23:40:40'),
(314, 142, 109, 'NJYABysAxp', 'njyabysaxp', 'Tekiro', 1, 610000, '2023-09-28 23:41:05', '2023-09-28 23:41:05'),
(315, 143, 109, 'NsIwmoqORY', 'nsiwmoqory', 'Tekiro', 1, 325000, '2023-09-28 23:41:34', '2023-09-28 23:41:34'),
(316, 43, 110, 'osNxReYfKW', 'osnxreyfkw', 'Seiken', 10, 8500, '2023-09-28 23:43:19', '2023-09-28 23:43:19'),
(317, 60, 110, 'QSyBNoM0hg', 'qsybnom0hg', 'JIMCO JAE-12009-1', 2, 90000, '2023-09-28 23:44:10', '2023-09-28 23:44:10'),
(318, 70, 110, 'LzGKfUkOg1', 'lzgkfukog1', 'Denso', 2, 215000, '2023-09-28 23:44:54', '2023-09-28 23:44:54'),
(319, 144, 110, 'hK8sYeN5rY', 'hk8syen5ry', 'Nok', 2, 110000, '2023-09-28 23:50:03', '2023-09-28 23:50:03'),
(320, 145, 110, 'CUGx00Poje', 'cugx00poje', '-', 1, 550000, '2023-09-28 23:50:39', '2023-09-28 23:50:39'),
(321, 147, 111, 'BCwr8Lojxl', 'bcwr8lojxl', '-', 1, 420500, '2023-09-29 21:21:33', '2023-09-29 21:21:33'),
(322, 148, 111, 'CffgEpBah7', 'cffgepbah7', '-', 1, 366500, '2023-09-29 21:22:06', '2023-09-29 21:22:06'),
(323, 159, 111, 'yx6VBd4oTQ', 'yx6vbd4otq', '-', 2, 35000, '2023-09-29 21:22:43', '2023-09-29 21:22:43'),
(324, 157, 111, 'Rf2ONWKszh', 'rf2onwkszh', '-', 4, 55000, '2023-09-29 21:23:14', '2023-09-29 21:23:14'),
(325, 156, 111, 'whINrM49yH', 'whinrm49yh', '-', 4, 30000, '2023-09-29 21:23:38', '2023-09-29 21:23:38'),
(326, 158, 111, 'TL9gnZgKU7', 'tl9gnzgku7', '-', 4, 125000, '2023-09-29 21:24:07', '2023-09-29 21:24:07'),
(327, 160, 111, 'KayPGMhqat', 'kaypgmhqat', '-', 4, 50000, '2023-09-29 21:24:34', '2023-09-29 21:24:34'),
(328, 161, 111, 'v1xBf7ySzg', 'v1xbf7yszg', '-', 6, 10000, '2023-09-29 21:25:04', '2023-09-29 21:25:04'),
(329, 162, 111, 'F32AxLTUdg', 'f32axltudg', 'Potong per, Bongkar pasang,Blender behel', 1, 230000, '2023-09-29 21:28:56', '2023-09-29 21:28:56'),
(330, 164, 111, '9dVJmP2EP9', '9dvjmp2ep9', '-', 1, 88000, '2023-09-29 21:31:23', '2023-09-29 21:31:23'),
(331, 163, 111, 'ZzpptTvbgj', 'zzppttvbgj', '-', 1, 15000, '2023-09-29 21:31:56', '2023-09-29 21:31:56'),
(332, 147, 111, 'AxXJGtlWWi', 'axxjgtlwwi', '-', 1, 420500, '2023-09-29 21:33:32', '2023-09-29 21:33:32'),
(333, 148, 111, 'qzgWOUReaJ', 'qzgwoureaj', '-', 1, 366500, '2023-09-29 21:35:47', '2023-09-29 21:35:47'),
(334, 159, 111, 'CNXZYFoOLA', 'cnxzyfoola', '-', 2, 35000, '2023-09-29 21:37:43', '2023-09-29 21:37:43'),
(335, 165, 112, 'f6WPAr9e27', 'f6wpar9e27', 'Asahi', 1, 1100000, '2023-10-01 20:55:09', '2023-10-01 20:55:09'),
(336, 122, 113, 'FqX4FBFrQY', 'fqx4fbfrqy', 'HOP 15670-2250', 5, 95000, '2023-10-01 21:25:07', '2023-10-01 21:25:07'),
(337, 123, 113, 'dmf0rJ3P81', 'dmf0rj3p81', 'Hop 23401-1332', 5, 45000, '2023-10-01 21:25:43', '2023-10-01 21:25:43'),
(338, 120, 113, 'ek2uNcnfId', 'ek2uncnfid', 'HOP 23390-LIE50', 5, 100000, '2023-10-01 21:26:10', '2023-10-01 21:26:10'),
(339, 109, 113, 'MaXXVRPFbj', 'maxxvrpfbj', 'Nachi 68SCRN62P', 2, 185000, '2023-10-01 21:30:11', '2023-10-01 21:30:11'),
(340, 59, 113, 'hmL3HFnM6U', 'hml3hfnm6u', 'Seiken', 10, 4500, '2023-10-01 21:30:42', '2023-10-01 21:30:42'),
(341, 88, 113, 'aR28qbbCRQ', 'ar28qbbcrq', 'Sakura', 2, 75000, '2023-10-01 21:31:51', '2023-10-01 21:31:51'),
(342, 25, 113, 'ndCts6X9kB', 'ndcts6x9kb', 'Sakura', 2, 37500, '2023-10-01 21:32:19', '2023-10-01 21:32:19'),
(343, 166, 113, 'eW7TXiZHGB', 'ew7txizhgb', 'Tekiro', 1, 275000, '2023-10-01 21:35:20', '2023-10-01 21:35:20'),
(344, 167, 113, 'kWjqcnWruk', 'kwjqcnwruk', 'Tekiro', 1, 160000, '2023-10-01 21:35:40', '2023-10-01 21:35:40'),
(345, 168, 113, 'gtQKxETRmK', 'gtqkxetrmk', 'Tekiro', 1, 60000, '2023-10-01 21:36:00', '2023-10-01 21:36:00'),
(346, 41, 113, 'FH7zKRi9gj', 'fh7zkri9gj', '-', 4, 40000, '2023-10-01 21:36:33', '2023-10-01 21:36:33'),
(347, 56, 114, 'DmgGl83XKh', 'dmggl83xkh', '-', 1, 950000, '2023-10-01 21:42:48', '2023-10-01 21:42:48'),
(348, 44, 114, 'j6uBsaHHAi', 'j6ubsahhai', 'FUSO', 20, 52500, '2023-10-01 21:43:21', '2023-10-01 21:43:21'),
(349, 66, 114, '34jK9agvbT', '34jk9agvbt', '-', 1, 325000, '2023-10-01 21:44:34', '2023-10-01 21:44:34'),
(350, 58, 115, '2R8kWm38Mt', '2r8kwm38mt', '-', 4, 65000, '2023-10-03 00:51:55', '2023-10-03 00:51:55'),
(351, 169, 116, '5jr4dU5Bg7', '5jr4du5bg7', 'Aeolus 750-16', 2, 2100000, '2023-10-06 00:04:19', '2023-10-06 00:04:19'),
(352, 170, 117, 'Ja8C6pUuYQ', 'ja8c6puuyq', 'HOP 48511-LAA30', 2, 260000, '2023-10-08 20:29:19', '2023-10-08 20:29:19'),
(353, 171, 117, 'FslAuyCKMA', 'fslauyckma', 'HOP 48531-LAA50', 1, 260000, '2023-10-08 20:29:55', '2023-10-08 20:29:55'),
(354, 172, 117, 'NYtwyHbWfD', 'nytwyhbwfd', '-', 1, 100000, '2023-10-08 20:31:15', '2023-10-08 20:31:15'),
(355, 31, 118, 'yq8YMsajtO', 'yq8ymsajto', '-', 3, 525000, '2023-10-08 20:34:37', '2023-10-08 20:34:37'),
(356, 93, 118, 'QxTGmP3unm', 'qxtgmp3unm', '-', 1, 215000, '2023-10-08 20:35:24', '2023-10-08 20:35:24'),
(357, 94, 118, 'hJaHIRmMqi', 'hjahirmmqi', 'HINO', 1, 1300000, '2023-10-08 20:36:35', '2023-10-08 20:36:35'),
(358, 95, 118, 'gpdMFR3kA6', 'gpdmfr3ka6', '-', 8, 12500, '2023-10-08 20:37:01', '2023-10-08 20:37:01'),
(359, 98, 118, 'cTjzDTt5DL', 'ctjzdtt5dl', '-', 1, 55000, '2023-10-08 20:37:31', '2023-10-08 20:37:31'),
(360, 96, 118, 'pQiWEJeVh3', 'pqiwejevh3', 'Hino', 1, 1100000, '2023-10-08 20:38:36', '2023-10-08 20:38:36'),
(361, 31, 119, 'sCjzx88q3i', 'scjzx88q3i', '-', 3, 525000, '2023-10-08 20:39:10', '2023-10-08 20:39:10'),
(362, 13, 119, 'Aa5yKAyeKS', 'aa5ykayeks', 'Seiken', 2, 80000, '2023-10-08 20:39:30', '2023-10-08 20:39:30'),
(363, 14, 119, 'fjWg5m5atW', 'fjwg5m5atw', 'Seiken', 2, 50000, '2023-10-08 20:39:45', '2023-10-08 20:39:45'),
(364, 89, 119, '0usarGEe8n', '0usargee8n', 'Seiken', 1, 575000, '2023-10-08 20:40:18', '2023-10-08 20:42:03'),
(365, 90, 119, 'XdhDF9uWlE', 'xdhdf9uwle', 'Seiken', 1, 450000, '2023-10-08 20:40:41', '2023-10-08 20:40:41'),
(366, 43, 119, 'VgOI8yZzYR', 'vgoi8yzzyr', 'Seiken', 20, 8500, '2023-10-08 20:41:03', '2023-10-08 20:41:03'),
(367, 107, 119, 'S8TV7Mjr0u', 's8tv7mjr0u', 'Seiken', 20, 10000, '2023-10-08 20:41:30', '2023-10-08 20:41:30'),
(368, 117, 120, 'jtm3SbqGes', 'jtm3sbqges', 'Yuasa', 1, 1315000, '2023-10-08 23:45:19', '2023-10-08 23:45:19'),
(369, 173, 121, 'pu8pTjIvw6', 'pu8ptjivw6', '-', 2, 65000, '2023-10-10 00:20:11', '2023-10-10 00:20:11'),
(370, 129, 97, 'VLcwnt1zXi', 'vlcwnt1zxi', '-', 40, 6500, '2023-10-10 00:30:18', '2023-10-10 00:30:18'),
(371, 174, 122, 'kGCuGDhZVV', 'kgcugdhzvv', '-', 1, 65000, '2023-10-10 23:15:57', '2023-10-10 23:15:57'),
(372, 175, 122, 'F5HWZG2DHq', 'f5hwzg2dhq', '-', 2, 65000, '2023-10-10 23:16:42', '2023-10-10 23:16:42'),
(373, 18, 123, '7LDTBiD0Uv', '7ldtbid0uv', 'GT HD 750-16', 2, 1475000, '2023-10-11 21:31:12', '2023-10-11 21:31:12'),
(374, 18, 123, '8UF8NoKlLL', '8uf8noklll', 'Goodyear HD', 8, 1350000, '2023-10-11 21:31:49', '2023-10-11 21:31:49'),
(375, 20, 123, 'hLIbctZoiW', 'hlibctzoiw', 'KRC 750-16', 10, 160000, '2023-10-11 21:32:14', '2023-10-12 19:56:30'),
(376, 21, 123, 'eWxEU9ErMn', 'ewxeu9ermn', 'GT R16', 10, 50000, '2023-10-11 21:32:37', '2023-10-11 21:32:37'),
(377, 111, 124, '5Kif6iD7Mo', '5kif6id7mo', 'BS-3340/4894,2401/4895', 2, 1300000, '2023-10-13 21:25:12', '2023-10-13 21:25:53'),
(378, 117, 125, 'fNvHsGqym8', 'fnvhsgqym8', 'Yuasa', 1, 1315000, '2023-10-13 21:27:17', '2023-10-13 21:27:17'),
(379, 111, 126, 'oqBiTiVe3D', 'oqbitive3d', 'BS-1857,1664,1298, DLP-8235', 4, 1300000, '2023-10-13 21:31:17', '2023-10-13 21:31:17'),
(380, 22, 126, 'scFpiYC7Py', 'scfpiyc7py', '-', 2, 100000, '2023-10-13 21:31:40', '2023-10-13 21:31:40'),
(381, 22, 127, 'FkFZmlUFdJ', 'fkfzmlufdj', 'KRC 900', 4, 245000, '2023-10-13 21:45:56', '2023-10-13 21:45:56'),
(382, 23, 127, 'RP7NU98S0E', 'rp7nu98s0e', 'Grand Prix R20', 4, 85000, '2023-10-13 21:46:22', '2023-10-13 21:46:22'),
(383, 177, 128, '9ljoGEgBu1', '9ljogegbu1', 'Toyota 41371-37010', 1, 1020000, '2023-10-16 00:31:59', '2023-10-16 00:31:59'),
(384, 115, 128, 'GB8zyMfdqw', 'gb8zymfdqw', 'Toyota', 2, 90000, '2023-10-16 00:32:33', '2023-10-16 00:32:33'),
(385, 115, 128, 'AuLXuwvvoe', 'aulxuwvvoe', 'Toyota', 4, 80000, '2023-10-16 00:33:08', '2023-10-16 00:33:08'),
(386, 13, 129, 'zBIheLuFV3', 'zbihelufv3', 'Seiken', 2, 80000, '2023-10-16 00:35:54', '2023-10-16 00:35:54'),
(387, 14, 129, '5WOB1d1f8O', '5wob1d1f8o', 'Seiken', 2, 50000, '2023-10-16 00:36:13', '2023-10-16 00:36:13'),
(388, 36, 130, 'mTlNmOwAe2', 'mtlnmowae2', 'Koyo', 2, 95000, '2023-10-16 00:39:29', '2023-10-16 00:39:29'),
(389, 70, 130, 'bja3huegYo', 'bja3huegyo', 'denso', 2, 215000, '2023-10-16 00:40:01', '2023-10-16 00:40:01'),
(390, 104, 130, 'Yi4mHA9hk1', 'yi4mha9hk1', 'GMB', 2, 275000, '2023-10-16 00:41:13', '2023-10-16 00:41:13'),
(391, 29, 131, 'W6wCcfTxdC', 'w6wccftxdc', 'HWC', 5, 60000, '2023-10-16 00:43:59', '2023-10-16 00:43:59'),
(392, 55, 131, 'DxDRXmmIXp', 'dxdrxmmixp', '-', 2, 325000, '2023-10-16 00:44:33', '2023-10-16 00:44:33'),
(393, 79, 131, '4hgpmQYAxp', '4hgpmqyaxp', '-', 2, 40000, '2023-10-16 00:45:05', '2023-10-16 00:45:05'),
(394, 122, 132, 'in00tubLVO', 'in00tublvo', 'HOP', 5, 95000, '2023-10-16 00:46:59', '2023-10-16 00:46:59'),
(395, 123, 132, '9LtAtCu4Ba', '9ltatcu4ba', 'HOP', 5, 45000, '2023-10-16 00:47:27', '2023-10-16 00:47:27'),
(396, 120, 132, '4aXOxkA1WR', '4axoxka1wr', 'HOP', 5, 100000, '2023-10-16 00:48:40', '2023-10-16 00:48:40'),
(397, 178, 132, 'NJcx0Y5c7s', 'njcx0y5c7s', 'Euro', 2, 350000, '2023-10-16 00:52:09', '2023-10-16 00:52:09'),
(398, 179, 132, 'OpKgearvvV', 'opkgearvvv', 'Koyo 30214', 2, 255000, '2023-10-16 00:55:31', '2023-10-16 00:55:31'),
(399, 19, 133, 'WWCglMV2Ha', 'wwcglmv2ha', 'BS-2547,3270,4904,1724,1058,4661,1137,6661,2346,1038', 10, 1550000, '2023-10-16 21:15:08', '2023-10-16 21:15:08'),
(400, 180, 134, 'Q2tLaXaVAd', 'q2tlaxavad', '-', 1, 249000, '2023-10-17 21:39:01', '2023-10-17 21:39:01'),
(401, 182, 134, 'K5bG3LVPC9', 'k5bg3lvpc9', '-', 1, 200500, '2023-10-17 21:39:22', '2023-10-17 21:39:22'),
(402, 183, 134, 'wozZEw2ocE', 'wozzew2oce', '-', 1, 228000, '2023-10-17 21:39:40', '2023-10-17 21:39:40'),
(403, 184, 134, 'xOvhzIrqQa', 'xovhzirqqa', '-', 1, 35000, '2023-10-17 21:40:02', '2023-10-17 21:40:02'),
(404, 185, 134, 't1mWR8aVHz', 't1mwr8avhz', '-', 6, 55000, '2023-10-17 21:40:39', '2023-10-17 21:40:39'),
(405, 186, 134, 'xXINp0zN2R', 'xxinp0zn2r', '-', 6, 30000, '2023-10-17 21:41:37', '2023-10-17 21:41:37'),
(406, 187, 134, 'jF8785Hddh', 'jf8785hddh', '-', 4, 15000, '2023-10-17 21:42:14', '2023-10-17 21:42:14'),
(407, 161, 134, 'SElKu0l1G4', 'selku0l1g4', '-', 2, 10000, '2023-10-17 21:43:44', '2023-10-17 21:43:44'),
(408, 188, 134, 'iVltYQqJw6', 'ivltyqqjw6', '-', 6, 15000, '2023-10-17 21:44:07', '2023-10-17 21:44:07'),
(409, 189, 134, 'DooCzHrDoP', 'dooczhrdop', '-', 2, 55000, '2023-10-17 21:44:39', '2023-10-17 21:44:39'),
(410, 190, 134, 'M884Q3J7H5', 'm884q3j7h5', '-', 6, 30000, '2023-10-17 21:44:59', '2023-10-17 21:44:59'),
(411, 191, 134, 'hPPW0pIRBQ', 'hppw0pirbq', '-', 2, 250000, '2023-10-17 21:45:31', '2023-10-17 21:45:31'),
(412, 188, 134, 'G7t1roQ7J3', 'g7t1roq7j3', '-', 6, 15000, '2023-10-17 21:45:55', '2023-10-17 21:45:55'),
(414, 192, 135, 'jCacJ5bP5O', 'jcacj5bp5o', '-', 12, 10000, '2023-10-17 21:46:59', '2023-10-17 21:46:59'),
(415, 176, 135, 'q3BkaIdTTF', 'q3bkaidttf', '-', 4, 75000, '2023-10-17 21:49:32', '2023-10-17 21:49:32'),
(416, 193, 135, 'ghxGSr9jUM', 'ghxgsr9jum', '-', 1, 100000, '2023-10-17 21:50:39', '2023-10-17 21:50:39'),
(417, 165, 136, 'QPPM2VLTOk', 'qppm2vltok', 'TR04-FHM', 1, 900000, '2023-10-18 19:28:27', '2023-10-18 19:28:27'),
(418, 117, 137, 'zh6EV82Ic0', 'zh6ev82ic0', 'GS', 1, 900000, '2023-10-18 20:34:22', '2023-10-18 20:34:22'),
(419, 18, 138, 'pFocvRINpn', 'pfocvrinpn', 'GT 750-16', 6, 1475000, '2023-10-19 23:15:05', '2023-10-19 23:15:05'),
(420, 20, 138, 'Xlj8fCxjrR', 'xlj8fcxjrr', 'GT 750-16', 6, 190000, '2023-10-19 23:15:35', '2023-10-19 23:15:35'),
(421, 21, 138, 'XNuMHNHO49', 'xnumhnho49', 'GT R16', 6, 50000, '2023-10-19 23:16:02', '2023-10-19 23:16:02'),
(422, 111, 139, 'AAp7yF5QoO', 'aap7yf5qoo', 'BS-0549/5064 TG', 1, 725000, '2023-10-20 20:51:03', '2023-10-20 20:51:03'),
(423, 195, 140, '8jMH7WNkOX', '8jmh7wnkox', 'Incoe Gold 2nd', 1, 450000, '2023-10-20 21:34:40', '2023-10-20 21:34:40'),
(424, 60, 141, 'ripcuzmVup', 'ripcuzmvup', 'JIMCO JAE-12009-1', 2, 90000, '2023-10-22 19:51:17', '2023-10-22 19:51:17'),
(425, 45, 141, 'UtO6ZlhrJE', 'uto6zlhrje', 'Rotary', 70, 17143, '2023-10-22 19:51:42', '2024-01-30 02:05:51'),
(426, 56, 141, 'RxJy3xxB3b', 'rxjy3xxb3b', '27690-78110', 1, 950000, '2023-10-22 19:52:30', '2023-10-22 19:52:30'),
(427, 123, 142, 'zmvuFalSMH', 'zmvufalsmh', 'Hop', 5, 45000, '2023-10-22 19:53:15', '2023-10-22 19:53:15'),
(428, 120, 142, 'tSS93DEe3d', 'tss93dee3d', 'Hop', 5, 100000, '2023-10-22 19:53:42', '2023-10-22 19:53:42'),
(429, 4, 142, 'VpXfbUrvmp', 'vpxfburvmp', 'National', 1, 550000, '2023-10-22 19:53:59', '2023-10-22 19:53:59'),
(430, 196, 142, 'aoG09P6sHU', 'aog09p6shu', '-', 2, 40000, '2023-10-22 19:56:58', '2023-10-22 19:56:58'),
(431, 132, 142, 'VRBUHjDOvi', 'vrbuhjdovi', 'Hop', 1, 475000, '2023-10-22 19:58:35', '2023-10-22 19:58:35'),
(432, 130, 143, 'MUBFmzAgXB', 'mubfmzagxb', 'Wakasa', 11, 10000, '2023-10-22 19:59:40', '2023-10-22 19:59:40'),
(433, 171, 143, 'ojuNslJ2NW', 'ojunslj2nw', 'Hop', 2, 260000, '2023-10-22 20:00:37', '2023-10-22 20:00:37'),
(434, 71, 144, 'y4P8mFsmCj', 'y4p8mfsmcj', '48435-36020', 10, 65000, '2023-10-22 20:01:56', '2023-10-22 20:01:56'),
(435, 97, 144, 'LG1ZzaVMMc', 'lg1zzavmmc', 'Eristic-11115-2803A', 1, 200000, '2023-10-22 20:02:51', '2023-10-22 20:02:51'),
(436, 172, 145, 'VBLpEXCZQJ', 'vblpexczqj', '-', 2, 100000, '2023-10-24 20:45:40', '2023-10-24 20:45:40'),
(437, 197, 146, 'b83fZoFXmJ', 'b83fzofxmj', 'Exexdy', 1, 1950000, '2023-10-24 20:46:14', '2023-10-24 20:46:14'),
(438, 198, 146, 'JgBj882hLJ', 'jgbj882hlj', 'Exexdy', 1, 2650000, '2023-10-24 20:46:34', '2023-10-24 20:46:34'),
(439, 199, 146, 'JcWNfRHgKw', 'jcwnfrhgkw', 'koyo', 1, 300000, '2023-10-24 20:46:58', '2023-10-24 20:46:58'),
(440, 200, 146, 'LI5i8SdKZL', 'li5i8sdkzl', '-', 1, 1450000, '2023-10-24 20:47:22', '2023-10-24 20:47:22'),
(441, 201, 146, 'Y5H9dQfmx7', 'y5h9dqfmx7', 'Koyo 6005', 1, 45000, '2023-10-24 20:47:48', '2023-10-24 20:47:48'),
(442, 202, 146, 'CyvBBriTJV', 'cyvbbritjv', 'Wabco', 1, 475000, '2023-10-24 20:49:12', '2023-10-24 20:49:12'),
(443, 40, 146, 'l4yjcxnnNp', 'l4yjcxnnnp', '-', 2, 30000, '2023-10-24 20:49:34', '2023-10-24 20:49:34'),
(444, 203, 147, 'iL8Wx4Ba6N', 'il8wx4ba6n', '-', 1, 521500, '2023-10-24 23:26:22', '2023-10-24 23:26:22'),
(445, 181, 147, 'JwplEYL8Ru', 'jwpleyl8ru', '-', 1, 233500, '2023-10-24 23:27:00', '2023-10-24 23:27:00'),
(446, 182, 147, 'rUImE9h2UT', 'ruime9h2ut', '-', 1, 307000, '2023-10-24 23:27:33', '2023-10-24 23:38:36'),
(447, 184, 147, 'Gzmg9s9Kla', 'gzmg9s9kla', '-', 2, 35000, '2023-10-24 23:27:54', '2023-10-24 23:27:54'),
(448, 185, 147, 'n0FLpPTx63', 'n0flpptx63', '-', 6, 55000, '2023-10-24 23:28:24', '2023-10-24 23:28:24'),
(449, 186, 147, 'F4dgHD61i1', 'f4dghd61i1', '-', 6, 30000, '2023-10-24 23:28:44', '2023-10-24 23:28:44'),
(450, 187, 147, 'ogng7xeZgx', 'ogng7xezgx', '-', 4, 15000, '2023-10-24 23:29:15', '2023-10-24 23:29:15'),
(451, 161, 147, 'mKGNjqQlol', 'mkgnjqqlol', '-', 1, 10000, '2023-10-24 23:29:51', '2023-10-24 23:29:51'),
(452, 188, 147, 'WatTDOL8lA', 'wattdol8la', '-', 6, 15000, '2023-10-24 23:30:10', '2023-10-24 23:30:10'),
(453, 192, 147, 'ZwhfnlHKx4', 'zwhfnlhkx4', '-', 6, 10000, '2023-10-24 23:30:38', '2023-10-24 23:30:38'),
(454, 162, 147, 'OV3OTYaQgC', 'ov3otyaqgc', 'Speed Gemuk', 1, 50000, '2023-10-24 23:32:04', '2023-10-24 23:32:04');
INSERT INTO `stocks` (`id`, `sparepart_id`, `invoice_stock_id`, `name`, `slug`, `brand`, `qty`, `price`, `created_at`, `updated_at`) VALUES
(455, 162, 147, 'L7gFVPXToO', 'l7gfvpxtoo', 'jasa bongkar pasang', 2, 75000, '2023-10-24 23:32:28', '2023-10-24 23:32:28'),
(456, 204, 148, 'JB120HV5jW', 'jb120hv5jw', '-', 1, 766000, '2023-10-25 20:43:39', '2023-10-25 20:43:39'),
(458, 189, 148, 'x8QcT7vaJP', 'x8qct7vajp', '-', 2, 35000, '2023-10-25 20:44:30', '2023-10-25 20:44:30'),
(459, 161, 148, 'TQo08d1a3v', 'tqo08d1a3v', '-', 6, 10000, '2023-10-25 20:44:56', '2023-10-25 20:44:56'),
(460, 205, 148, '5o8hrEAiSm', '5o8hreaism', '-', 8, 75000, '2023-10-25 20:48:40', '2023-10-25 20:48:40'),
(461, 158, 148, '4oT8Nf83UR', '4ot8nf83ur', '-', 1, 125000, '2023-10-25 20:49:12', '2023-10-25 20:49:12'),
(462, 160, 148, 'tI2uNLh6NE', 'ti2unlh6ne', '-', 1, 50000, '2023-10-25 20:49:50', '2023-10-25 20:49:50'),
(463, 206, 148, 'kCBsZn4EiP', 'kcbszn4eip', '-', 4, 75000, '2023-10-25 20:50:11', '2023-10-25 20:50:11'),
(464, 162, 148, 'tj25uWYOIM', 'tj25uwyoim', 'jasa bongkar pasang', 4, 75000, '2023-10-25 20:50:50', '2023-10-25 20:50:50'),
(465, 184, 149, 'VtCtEZ9NHG', 'vtctez9nhg', '-', 1, 25000, '2023-10-25 20:51:30', '2023-10-25 20:51:30'),
(466, 162, 149, 'EpXBlaTopD', 'epxblatopd', 'Jasa bongkar pasang dan lembur', 1, 90000, '2023-10-25 20:52:12', '2023-10-25 20:52:12'),
(467, 18, 150, 'J8qFPu3mOk', 'j8qfpu3mok', 'GT HD 750-16', 8, 1475000, '2023-10-25 23:13:43', '2023-10-25 23:13:43'),
(468, 18, 150, 'OY5Hi9lT7J', 'oy5hi9lt7j', 'Goodyear HD', 6, 1350000, '2023-10-25 23:14:15', '2023-10-25 23:14:15'),
(469, 20, 150, 'fExl8de6pJ', 'fexl8de6pj', 'GT 750-16', 14, 190000, '2023-10-25 23:14:40', '2023-10-25 23:14:40'),
(470, 21, 150, '3fy4qxTpxS', '3fy4qxtpxs', 'GT R16', 14, 50000, '2023-10-25 23:15:47', '2023-10-25 23:15:47'),
(471, 182, 151, 'RYUEYqHjz2', 'ryueyqhjz2', '-', 1, 365500, '2023-10-26 01:01:58', '2023-10-26 01:01:58'),
(472, 183, 151, 'O7HVaZIrdF', 'o7hvazirdf', '-', 1, 312500, '2023-10-26 01:02:53', '2023-10-26 01:02:53'),
(473, 184, 151, 'c6a4uawoGD', 'c6a4uawogd', '-', 2, 35000, '2023-10-26 01:03:17', '2023-10-26 01:03:17'),
(474, 186, 151, 'ZXZYPEYMyg', 'zxzypeymyg', '-', 6, 30000, '2023-10-26 01:03:58', '2023-10-26 01:03:58'),
(475, 185, 151, 'DZZFP0lFdm', 'dzzfp0lfdm', '-', 6, 55000, '2023-10-26 01:04:27', '2023-10-26 01:04:27'),
(476, 188, 151, 'EAyxpEf2FK', 'eayxpef2fk', '-', 6, 15000, '2023-10-26 01:05:01', '2023-10-26 01:05:01'),
(477, 187, 151, 'wAWWmtGYX9', 'wawwmtgyx9', '-', 2, 10000, '2023-10-26 01:05:31', '2023-10-26 01:05:31'),
(478, 192, 151, 'rHX8iPLnR6', 'rhx8iplnr6', '-', 6, 10000, '2023-10-26 01:06:02', '2023-10-26 01:06:02'),
(479, 162, 151, 'MEy0wMCF6n', 'mey0wmcf6n', 'Speed Gemuk', 1, 50000, '2023-10-26 01:06:32', '2023-10-26 01:06:32'),
(480, 162, 151, 'dr0fuowqJ6', 'dr0fuowqj6', 'jasa bongkar pasang', 2, 75000, '2023-10-26 01:07:51', '2023-10-26 01:07:51'),
(481, 207, 151, 'g3Hdb8qz2K', 'g3hdb8qz2k', '-', 1, 202500, '2023-10-26 01:11:25', '2023-10-26 01:11:25'),
(482, 208, 148, '7JsC4RMWj3', '7jsc4rmwj3', '-', 2, 35000, '2023-10-26 19:56:12', '2023-10-26 19:56:12'),
(483, 28, 152, 'NzPUfc91CV', 'nzpufc91cv', 'HWC', 10, 60000, '2023-10-29 20:20:36', '2023-10-29 20:20:36'),
(484, 122, 152, '3UWC5wYM3G', '3uwc5wym3g', 'HOP', 5, 95000, '2023-10-29 20:21:41', '2023-10-29 20:21:41'),
(485, 108, 152, 'hondbpa0uy', 'hondbpa0uy', '-', 1, 385000, '2023-10-29 20:23:01', '2023-10-29 20:23:01'),
(486, 79, 152, 'wAW2H1iU5w', 'waw2h1iu5w', '-', 2, 40000, '2023-10-29 20:23:36', '2023-10-29 20:23:36'),
(487, 8, 152, 'ynIeDEZQae', 'yniedezqae', '-', 25, 2500, '2023-10-29 20:23:54', '2023-10-29 20:23:54'),
(488, 40, 152, 'fgiz5zlFYr', 'fgiz5zlfyr', '-', 1, 30000, '2023-10-29 20:24:22', '2023-10-29 20:24:22'),
(489, 207, 153, 'TlvWaBB8oD', 'tlvwabb8od', '-', 1, 218000, '2023-11-01 19:51:24', '2023-11-01 19:51:24'),
(490, 184, 153, 'o999ummswx', 'o999ummswx', '-', 1, 35000, '2023-11-01 19:51:49', '2023-11-01 19:51:49'),
(491, 185, 153, 'mRgwvKwXnl', 'mrgwvkwxnl', '-', 3, 55000, '2023-11-01 19:52:20', '2023-11-01 19:52:20'),
(492, 190, 153, 'mLXf8zqveH', 'mlxf8zqveh', '-', 3, 30000, '2023-11-01 19:52:38', '2023-11-01 19:52:38'),
(493, 188, 153, 'XmtWv2jW0d', 'xmtwv2jw0d', '-', 3, 15000, '2023-11-01 19:53:08', '2023-11-01 19:53:08'),
(494, 192, 153, 'AUQdosJS47', 'auqdosjs47', '-', 3, 10000, '2023-11-01 19:54:24', '2023-11-01 19:54:24'),
(495, 162, 153, 'kYrRtsHSgC', 'kyrrtshsgc', 'jasa bongkar pasang', 1, 75000, '2023-11-01 19:55:07', '2023-11-01 19:55:07'),
(496, 184, 154, 'ZEIJrw56Cx', 'zeijrw56cx', '-', 2, 35000, '2023-11-03 00:32:00', '2023-11-03 00:32:00'),
(497, 185, 154, 'BuNSeX1D4A', 'bunsex1d4a', '-', 6, 55000, '2023-11-03 00:32:38', '2023-11-03 00:32:38'),
(498, 186, 154, 'X2Mke11Arm', 'x2mke11arm', '-', 6, 30000, '2023-11-03 00:33:01', '2023-11-03 00:33:01'),
(499, 71, 154, 'A4WipAsdxr', 'a4wipasdxr', '-', 2, 65000, '2023-11-03 00:34:10', '2023-11-03 00:34:10'),
(500, 187, 154, '4Dflf0tAjm', '4dflf0tajm', 'Baud samping', 6, 10000, '2023-11-03 00:34:44', '2023-11-03 00:34:44'),
(501, 160, 154, 'su1i2EvnAv', 'su1i2evnav', '-', 2, 50000, '2023-11-03 00:35:20', '2023-11-03 00:35:20'),
(502, 187, 154, 'tM2qQTYfES', 'tm2qqtyfes', 'baud spi', 6, 15000, '2023-11-03 00:36:03', '2023-11-03 00:36:03'),
(503, 188, 154, 'TxwTPYS0Zt', 'txwtpys0zt', '-', 6, 15000, '2023-11-03 00:36:25', '2023-11-03 00:36:25'),
(504, 192, 154, 'tNsK8CXDHG', 'tnsk8cxdhg', '-', 6, 10000, '2023-11-03 00:36:48', '2023-11-03 00:36:48'),
(505, 209, 154, 'DdjbYFBvMf', 'ddjbyfbvmf', '-', 1, 580000, '2023-11-03 00:59:29', '2023-11-03 00:59:29'),
(506, 210, 154, '0Pych0FbbE', '0pych0fbbe', '-', 1, 387500, '2023-11-03 00:59:50', '2023-11-03 00:59:50'),
(507, 211, 154, '8tIN8oDWdN', '8tin8odwdn', '-', 2, 25000, '2023-11-03 01:01:41', '2023-11-03 01:01:41'),
(508, 190, 154, 'E9xNIvasMf', 'e9xnivasmf', '-', 4, 30000, '2023-11-03 01:02:06', '2023-11-03 01:02:06'),
(509, 189, 154, 'aZcO8WQZxD', 'azco8wqzxd', '-', 2, 55000, '2023-11-03 01:02:28', '2023-11-03 02:29:54'),
(510, 175, 154, '7GiCIy84E4', '7giciy84e4', '-', 2, 85000, '2023-11-03 01:03:19', '2023-11-03 01:03:19'),
(511, 188, 154, 'iffgDpBryk', 'iffgdpbryk', '-', 6, 15000, '2023-11-03 01:03:39', '2023-11-03 01:03:39'),
(512, 192, 154, 'VHwiUaTM3o', 'vhwiuatm3o', '-', 4, 10000, '2023-11-03 01:03:59', '2023-11-03 02:24:31'),
(513, 191, 154, 'ToU0X6Rash', 'tou0x6rash', '-', 2, 250000, '2023-11-03 01:04:16', '2023-11-03 01:04:16'),
(514, 162, 154, 'R8ONiqHCj7', 'r8oniqhcj7', 'jasa bongkar pasang', 4, 75000, '2023-11-03 01:04:51', '2023-11-03 01:04:51'),
(515, 162, 154, 'ozQRQeUA7i', 'ozqrqeua7i', 'Jasa Bongkar pasang stoper', 2, 15000, '2023-11-03 01:05:19', '2023-11-03 01:05:19'),
(516, 212, 155, 'c6KkQoLY6k', 'c6kkqoly6k', 'Goodyear', 2, 3150000, '2023-11-05 19:58:47', '2023-11-05 19:58:47'),
(517, 22, 155, 'aB2kHpqxro', 'ab2khpqxro', 'KRC 900-20', 4, 245000, '2023-11-05 19:59:22', '2023-11-05 19:59:22'),
(518, 23, 155, 'L8Htu5At0K', 'l8htu5at0k', 'Grand Prix R20', 6, 85000, '2023-11-05 19:59:44', '2023-11-05 19:59:55'),
(519, 213, 157, 'lfDqc1m1Nb', 'lfdqc1m1nb', '-', 1, 125000, '2023-11-05 20:02:45', '2023-11-05 20:02:45'),
(520, 60, 156, 'jUtzrkQrGH', 'jutzrkqrgh', 'JIMCO JAE-12009-1', 2, 90000, '2023-11-05 20:04:46', '2023-11-05 20:04:46'),
(521, 7, 156, '3e1B8Jx6YG', '3e1b8jx6yg', 'RCA ', 2, 110000, '2023-11-05 20:05:13', '2023-11-05 20:05:13'),
(522, 61, 156, 'eKdSqM424T', 'ekdsqm424t', 'Seiken', 10, 4500, '2023-11-05 20:06:02', '2023-11-05 20:06:02'),
(523, 214, 156, 'e0UOLDDHCq', 'e0uolddhcq', '-', 4, 75000, '2023-11-05 20:07:35', '2023-11-05 20:07:35'),
(524, 45, 156, 'nvOqR06M2n', 'nvoqr06m2n', '-', 1, 200000, '2023-11-05 20:08:07', '2023-11-05 20:08:07'),
(525, 120, 158, 'PEyLpwoB1R', 'peylpwob1r', 'Hop', 5, 100000, '2023-11-05 20:09:21', '2023-11-05 20:09:21'),
(526, 123, 158, '28uhBmPZm1', '28uhbmpzm1', 'Hop', 5, 45000, '2023-11-05 20:09:48', '2023-11-05 20:09:48'),
(527, 60, 158, 'JidsVWlCm5', 'jidsvwlcm5', 'JIMCO JAE-12009-1', 2, 90000, '2023-11-05 20:10:22', '2023-11-05 20:10:22'),
(528, 81, 158, 'Ln5CjQqy7a', 'ln5cjqqy7a', 'Mitsuwa', 1, 900000, '2023-11-05 20:13:40', '2023-11-05 20:13:40'),
(529, 184, 159, '6QOGijT7rn', '6qogijt7rn', '-', 1, 25000, '2023-11-06 20:03:12', '2023-11-06 20:03:12'),
(530, 187, 159, 'tNjFiKJFvU', 'tnjfikjfvu', 'Baud spi', 1, 15000, '2023-11-06 20:03:41', '2023-11-06 20:03:41'),
(531, 162, 159, 'cY2fwrhJ2x', 'cy2fwrhj2x', 'Bongkar pasang', 1, 50000, '2023-11-06 20:04:06', '2023-11-06 20:04:06'),
(532, 204, 160, '4SVROo3SYX', '4svroo3syx', '-', 1, 249000, '2023-11-09 20:01:05', '2023-11-09 20:01:05'),
(533, 180, 160, 'pbl3iJpBt5', 'pbl3ijpbt5', '-', 1, 241000, '2023-11-09 20:01:26', '2023-11-09 20:01:26'),
(534, 185, 160, '5Yp9S2iTIx', '5yp9s2itix', '-', 2, 35000, '2023-11-09 20:01:47', '2023-11-09 20:01:47'),
(535, 205, 160, 'dHWnXya6Yp', 'dhwnxya6yp', '-', 12, 75000, '2023-11-09 20:02:11', '2023-11-09 20:02:11'),
(536, 71, 160, 'wqAoWzIL73', 'wqaowzil73', '-', 4, 65000, '2023-11-09 20:03:19', '2023-11-09 20:03:19'),
(537, 187, 160, 'ncNVdpGjsi', 'ncnvdpgjsi', 'Baud spi', 4, 15000, '2023-11-09 20:03:51', '2023-11-09 20:03:51'),
(538, 162, 160, 'YNPtw1mxvO', 'ynptw1mxvo', 'jasa bongkar pasang', 2, 75000, '2023-11-09 20:04:22', '2023-11-09 20:04:22'),
(539, 162, 160, 'pJLTQcp4i0', 'pjltqcp4i0', 'Press per', 1, 150000, '2023-11-09 20:04:53', '2023-11-09 20:04:53'),
(540, 162, 160, 'Hu9rMOQore', 'hu9rmoqore', 'Bongkar pasang stoper', 4, 15000, '2023-11-09 20:05:26', '2023-11-09 20:05:26'),
(541, 183, 167, 'BfcwZ3NSoa', 'bfcwz3nsoa', '-', 1, 284000, '2023-11-09 20:05:57', '2023-11-09 20:05:57'),
(542, 184, 167, 'Fmywid7zyJ', 'fmywid7zyj', '-', 1, 35000, '2023-11-09 20:06:15', '2023-11-09 20:06:15'),
(543, 185, 167, 'YPMXV0lxnX', 'ypmxv0lxnx', '-', 6, 55000, '2023-11-09 20:06:34', '2023-11-09 20:06:34'),
(544, 186, 167, 'Gm3qqiwbWl', 'gm3qqiwbwl', '-', 6, 30000, '2023-11-09 20:06:51', '2023-11-09 20:06:51'),
(545, 188, 167, 'RjhLcyuDNe', 'rjhlcyudne', '-', 6, 15000, '2023-11-09 20:07:14', '2023-11-09 20:07:14'),
(546, 187, 167, 'kRY0UC95f1', 'kry0uc95f1', 'Baud spi', 4, 15000, '2023-11-09 20:07:41', '2023-11-09 20:07:41'),
(547, 187, 167, '1Nebkt2H3k', '1nebkt2h3k', 'Baud samping', 5, 10000, '2023-11-09 20:08:09', '2023-11-09 20:08:09'),
(548, 192, 167, 'eQE6MqSDZL', 'eqe6mqsdzl', '-', 6, 10000, '2023-11-09 20:08:46', '2023-11-09 20:08:46'),
(549, 182, 167, 'jpm9Km4bnf', 'jpm9km4bnf', '-', 1, 166500, '2023-11-09 20:09:16', '2023-11-09 20:09:16'),
(550, 162, 167, 'guOpUQElNZ', 'guopuqelnz', 'jasa bongkar pasang', 2, 75000, '2023-11-09 20:09:42', '2023-11-09 20:09:42'),
(551, 36, 168, '4ZrZjimzT5', '4zrzjimzt5', 'Koyo 32207', 2, 95000, '2023-11-12 20:07:50', '2023-11-12 20:08:07'),
(552, 37, 168, '1Q2axUuXvu', '1q2axuuxvu', 'Koyo 33210', 2, 280000, '2023-11-12 20:08:46', '2023-11-12 20:08:46'),
(553, 57, 168, 'ZMPWnQZqCe', 'zmpwnqzqce', '-', 2, 65000, '2023-11-12 20:09:16', '2023-11-12 20:09:16'),
(554, 178, 168, 'CM9VjTimJ7', 'cm9vjtimj7', '37201-37020', 2, 350000, '2023-11-12 20:11:17', '2023-11-12 20:11:34'),
(555, 70, 168, 'bpsLO8da6c', 'bpslo8da6c', 'Denso', 2, 215000, '2023-11-12 20:12:05', '2023-11-12 20:12:05'),
(556, 29, 168, 'SwNpeoLSEa', 'swnpeolsea', 'HWC', 10, 60000, '2023-11-12 20:12:30', '2023-11-12 20:12:30'),
(557, 9, 168, 'cHMUVJcWhN', 'chmuvjcwhn', '-', 4, 20000, '2023-11-12 20:12:47', '2023-11-12 20:12:47'),
(558, 12, 169, 'mJY4WchWyU', 'mjy4wchwyu', 'HOP JAC70', 4, 85000, '2023-11-12 20:13:30', '2023-11-12 20:13:30'),
(559, 99, 169, 'rvWJBgUgsd', 'rvwjbgugsd', 'Sakura C-1316', 4, 100000, '2023-11-12 20:14:06', '2023-11-12 20:14:15'),
(560, 199, 169, 'tips1ptfdI', 'tips1ptfdi', 'Koyo CT-70', 1, 300000, '2023-11-12 20:14:45', '2023-11-12 20:14:45'),
(561, 4, 169, 'mz6Rpr5pxO', 'mz6rpr5pxo', 'National', 1, 550000, '2023-11-12 20:15:06', '2023-11-12 20:15:06'),
(562, 14, 169, 'btR5ruMdlb', 'btr5rumdlb', 'seiken', 2, 50000, '2023-11-12 20:15:25', '2023-11-12 20:15:25'),
(563, 216, 169, 'FGnW8Zjfrt', 'fgnw8zjfrt', '-', 1, 110000, '2023-11-12 20:17:00', '2023-11-12 20:17:00'),
(564, 217, 169, 'EMphkV2Wut', 'emphkv2wut', 'Giant', 1, 275000, '2023-11-12 20:19:13', '2023-11-12 20:19:13'),
(565, 197, 170, 'hI8NqSOs8P', 'hi8nqsos8p', 'pantek nikki', 1, 850000, '2023-11-12 20:19:56', '2023-11-12 20:19:56'),
(566, 180, 171, '9pMz8T1wKo', '9pmz8t1wko', '-', 1, 250000, '2023-11-13 20:13:26', '2023-11-13 20:13:26'),
(567, 184, 171, 'vytrzKJXdo', 'vytrzkjxdo', '-', 1, 35000, '2023-11-13 20:13:47', '2023-11-13 20:13:47'),
(568, 205, 171, 'Ui2BMUZqOK', 'ui2bmuzqok', '-', 12, 75000, '2023-11-13 20:14:05', '2023-11-13 20:14:05'),
(569, 206, 171, 'GFqSPePzLG', 'gfqspepzlg', '-', 4, 75000, '2023-11-13 20:14:18', '2023-11-13 20:14:18'),
(570, 158, 171, 'vjTzGVhFoF', 'vjtzgvhfof', '-', 2, 125000, '2023-11-13 20:15:02', '2023-11-13 20:15:02'),
(571, 162, 171, 'HiAc9vBMJC', 'hiac9vbmjc', 'jasa bongkar pasang', 4, 75000, '2023-11-13 20:15:34', '2023-11-13 20:15:34'),
(572, 18, 172, '512ymCMsMM', '512ymcmsmm', 'GT 750-16', 4, 1475000, '2023-11-15 00:20:06', '2023-11-15 00:20:06'),
(573, 20, 172, 'xDNqdlLImG', 'xdnqdllimg', 'GT 750-16', 4, 190000, '2023-11-15 00:20:33', '2023-11-15 00:20:33'),
(574, 21, 172, 'C4UnEoek09', 'c4uneoek09', 'GT', 4, 50000, '2023-11-15 00:21:14', '2023-11-15 00:21:14'),
(575, 5, 173, 'pvdd038n3j', 'pvdd038n3j', 'Sinlube Callisto XP HD 15W40', 400, 32000, '2023-11-15 00:28:38', '2023-11-15 00:28:38'),
(576, 204, 174, 'eiL414j1lJ', 'eil414j1lj', '-', 1, 676500, '2023-11-16 00:04:31', '2023-11-16 00:04:31'),
(577, 207, 174, 'vjaNAXXKVu', 'vjanaxxkvu', '-', 1, 202500, '2023-11-16 00:04:52', '2023-11-16 00:04:52'),
(578, 218, 174, 't3Wha5WDJL', 't3wha5wdjl', '-', 1, 147500, '2023-11-16 00:05:23', '2023-11-16 00:05:23'),
(579, 184, 174, 'yWQCqvYuFi', 'ywqcqvyufi', '-', 1, 35000, '2023-11-16 00:05:46', '2023-11-16 00:05:46'),
(580, 185, 174, 'z7AmLgq6rC', 'z7amlgq6rc', '-', 1, 55000, '2023-11-16 00:06:32', '2023-11-16 00:06:32'),
(581, 186, 174, 'dKqI7IcNN2', 'dkqi7icnn2', '-', 1, 30000, '2023-11-16 00:06:53', '2023-11-16 00:14:18'),
(582, 187, 174, 'ydRraWm1df', 'ydrrawm1df', '-', 3, 15000, '2023-11-16 00:07:19', '2023-11-16 00:07:19'),
(583, 187, 174, 'fRmG58weHy', 'frmg58wehy', 'Baud samping', 2, 10000, '2023-11-16 00:07:53', '2023-11-16 00:07:53'),
(584, 192, 174, 'Q88o8CCwd5', 'q88o8ccwd5', '-', 7, 10000, '2023-11-16 00:08:14', '2023-11-16 00:08:46'),
(585, 189, 174, 'AExl0beNZN', 'aexl0benzn', '-', 6, 55000, '2023-11-16 00:09:19', '2023-11-16 00:09:19'),
(586, 190, 174, '240YZDgU9F', '240yzdgu9f', '-', 6, 30000, '2023-11-16 00:09:41', '2023-11-16 00:09:41'),
(587, 188, 174, 'dVW0jjETLE', 'dvw0jjetle', '-', 7, 15000, '2023-11-16 00:10:04', '2023-11-16 00:10:04'),
(588, 175, 174, 'WwQqZtThyd', 'wwqqztthyd', '-', 2, 85000, '2023-11-16 00:10:42', '2023-11-16 00:10:42'),
(589, 162, 174, 'mINmVEgIBP', 'minmvegibp', 'jasa bongkar pasang', 3, 75000, '2023-11-16 00:11:05', '2023-11-16 00:11:05'),
(590, 122, 175, 'pNu4SvyDHW', 'pnu4svydhw', 'HOP', 5, 95000, '2023-11-19 20:47:45', '2023-11-19 20:47:45'),
(591, 123, 175, 'XWGfHnWZ4V', 'xwgfhnwz4v', 'HOP', 5, 45000, '2023-11-19 20:48:32', '2023-11-19 20:48:32'),
(592, 3, 175, 'IGR8s7zuDB', 'igr8s7zudb', 'Sakura', 5, 20000, '2023-11-19 20:48:52', '2023-11-19 20:48:52'),
(593, 50, 175, 'VCBeIGryC5', 'vcbeigryc5', 'Hino 8190-32010', 4, 90000, '2023-11-19 20:52:09', '2023-11-19 20:52:09'),
(594, 43, 175, 'P4I8TWe69W', 'p4i8twe69w', 'Seiken', 20, 8500, '2023-11-19 20:52:34', '2023-11-19 20:52:34'),
(595, 103, 175, 'B11wbuIPx6', 'b11wbuipx6', 'RCA 5-87870-028-0', 1, 185000, '2023-11-19 20:54:12', '2023-11-19 20:54:12'),
(596, 55, 178, 'EkcfXP0DgL', 'ekcfxp0dgl', '-', 1, 325000, '2023-11-19 20:55:18', '2023-11-19 20:55:18'),
(597, 123, 178, 'gg8S7DUZxN', 'gg8s7duzxn', 'HOP', 5, 45000, '2023-11-19 20:55:44', '2023-11-19 20:55:44'),
(598, 130, 176, 'FEjzP5KTRS', 'fejzp5ktrs', 'wakasa', 10, 10000, '2023-11-19 21:19:06', '2023-11-19 21:19:06'),
(599, 219, 176, 'Mu2QFEtUR7', 'mu2qfetur7', 'wakasa 05300-90830', 2, 200000, '2023-11-19 21:21:08', '2023-11-19 21:21:08'),
(600, 120, 176, 'Pbhl6VXfVI', 'pbhl6vxfvi', 'HOP', 5, 100000, '2023-11-19 21:21:33', '2023-11-19 21:21:33'),
(601, 108, 176, 'H9AYP2ZcDW', 'h9ayp2zcdw', '-', 1, 385000, '2023-11-19 21:22:26', '2023-11-19 21:22:26'),
(602, 220, 176, 'RL4fZx0Yue', 'rl4fzx0yue', 'NOK', 1, 30000, '2023-11-19 21:24:01', '2023-11-19 21:24:01'),
(603, 221, 176, 'Xwc082xQ6m', 'xwc082xq6m', 'NOK', 2, 45000, '2023-11-19 21:24:24', '2023-11-19 21:24:24'),
(604, 222, 177, '8vhmW2xnrX', '8vhmw2xnrx', 'MK-517363', 1, 375000, '2023-11-19 21:26:10', '2023-11-19 21:26:10'),
(605, 70, 177, 'HRjtHNON0H', 'hrjthnon0h', 'denso', 2, 215000, '2023-11-19 21:26:40', '2023-11-19 21:26:40'),
(606, 18, 179, 'HzGfmgxjv0', 'hzgfmgxjv0', 'Goodyear HD', 4, 1350000, '2023-11-20 02:32:04', '2023-11-20 02:32:04'),
(607, 20, 179, 'qP4dfEPBzv', 'qp4dfepbzv', 'GT 750-16', 4, 190000, '2023-11-20 02:32:27', '2023-11-20 02:32:27'),
(608, 21, 179, '1Ta2zm3mPF', '1ta2zm3mpf', 'GT R16', 4, 50000, '2023-11-20 02:32:52', '2023-11-20 02:32:52'),
(609, 18, 180, 'JVazLFspfy', 'jvazlfspfy', 'GT HD 750-16', 2, 1475000, '2023-11-20 19:38:41', '2023-11-20 19:38:41'),
(610, 18, 180, 'KETGiki4bN', 'ketgiki4bn', 'Goodyear HD', 2, 1350000, '2023-11-20 19:39:10', '2023-11-20 19:39:10'),
(611, 20, 180, 'dMXF1At5fa', 'dmxf1at5fa', 'GT 750-16', 4, 190000, '2023-11-20 19:39:30', '2023-11-20 19:39:30'),
(612, 21, 180, 'AzyL15W8Pl', 'azyl15w8pl', 'GT R16', 4, 50000, '2023-11-20 19:39:52', '2023-11-20 19:39:52'),
(613, 18, 183, 'Wc9JQGxqGa', 'wc9jqgxqga', 'Goodyear HD', 4, 1350000, '2023-11-22 20:25:47', '2023-11-22 20:25:47'),
(614, 20, 183, '3rWW4cDzAU', '3rww4cdzau', 'GT 750-16', 4, 190000, '2023-11-22 20:26:07', '2023-11-22 20:26:07'),
(615, 21, 183, 'gb0TkhK5Z3', 'gb0tkhk5z3', 'GT R16', 4, 50000, '2023-11-22 20:26:27', '2023-11-22 20:26:27'),
(616, 19, 184, 'XmJEm6jJ6K', 'xmjem6jj6k', 'GT 1000-20', 2, 3175000, '2023-11-22 20:27:52', '2023-11-22 20:27:52'),
(617, 22, 184, 'pfCpYgIyhP', 'pfcpygiyhp', 'KRC 900-20', 4, 245000, '2023-11-22 20:28:13', '2023-11-22 20:28:13'),
(618, 23, 184, '2z6bfqBCtl', '2z6bfqbctl', 'GP R20', 4, 85000, '2023-11-22 20:28:34', '2023-11-22 20:28:34'),
(619, 223, 185, 'r8YTmYSNPW', 'r8ytmysnpw', '-', 1, 125000, '2023-11-22 20:31:31', '2023-11-22 20:31:31'),
(620, 224, 185, '8csGczUxut', '8csgczuxut', '-', 1, 250000, '2023-11-22 20:31:46', '2023-11-22 20:31:46'),
(621, 182, 186, 'Zp4RNCtMR1', 'zp4rnctmr1', '-', 1, 200500, '2023-11-26 20:02:40', '2023-11-26 20:02:40'),
(622, 225, 186, 'U3oNYQupIE', 'u3onyqupie', '-', 1, 228000, '2023-11-26 20:05:47', '2023-11-26 20:05:47'),
(623, 184, 186, '8h53H0LcVa', '8h53h0lcva', '-', 1, 35000, '2023-11-26 20:06:05', '2023-11-26 20:06:05'),
(624, 185, 186, 'EfXpIQb3My', 'efxpiqb3my', '-', 6, 55000, '2023-11-26 20:06:51', '2023-11-26 20:06:51'),
(625, 186, 186, 'IijhINy1OM', 'iijhiny1om', '-', 6, 30000, '2023-11-26 20:07:28', '2023-11-26 20:07:28'),
(626, 187, 186, 'USbhD2YPlI', 'usbhd2ypli', 'Baud spi', 6, 15000, '2023-11-26 20:08:07', '2023-11-26 20:08:07'),
(627, 188, 186, 'vocxjXEwXC', 'vocxjxewxc', '-', 6, 15000, '2023-11-26 20:08:34', '2023-11-26 20:08:34'),
(628, 192, 186, 'dCtj9vXCgP', 'dctj9vxcgp', '-', 6, 10000, '2023-11-26 20:09:10', '2023-11-26 20:09:10'),
(629, 71, 186, 'tOTczjbZh5', 'totczjbzh5', '-', 2, 65000, '2023-11-26 20:09:36', '2023-11-26 20:09:36'),
(630, 187, 186, 'DVMj3hYhk6', 'dvmj3hyhk6', 'Baud samping', 3, 10000, '2023-11-26 20:10:11', '2023-11-26 20:10:11'),
(631, 162, 186, 'dBx4Mmp6AV', 'dbx4mmp6av', 'jasa bongkar pasang', 2, 75000, '2023-11-26 20:10:46', '2023-11-26 20:10:46'),
(632, 162, 186, 'z1B6Q159X7', 'z1b6q159x7', 'Jasa Bongkar pasang stoper', 2, 15000, '2023-11-26 20:11:13', '2023-11-26 20:11:13'),
(633, 60, 187, 'odyr5VDBne', 'odyr5vdbne', 'JIMCO JAE-12009-1', 4, 90000, '2023-11-26 20:12:26', '2023-11-26 20:13:23'),
(634, 79, 187, 'y2ouFidB1h', 'y2oufidb1h', '-', 2, 40000, '2023-11-26 20:13:03', '2023-11-26 20:13:17'),
(635, 37, 187, 'NaGeKALyG9', 'nagekalyg9', 'Koyo 33210', 2, 280000, '2023-11-26 20:13:57', '2023-11-26 20:13:57'),
(636, 36, 187, '5shbgw4EIX', '5shbgw4eix', 'Koyo 32207', 2, 95000, '2023-11-26 20:14:24', '2023-11-26 20:14:24'),
(637, 55, 187, 'U0sdqrNtHy', 'u0sdqrnthy', '-', 1, 325000, '2023-11-26 20:14:46', '2023-11-26 20:14:46'),
(638, 226, 187, 'scZOaErHBI', 'sczoaerhbi', '-', 1, 150000, '2023-11-26 20:21:16', '2023-11-26 20:21:16'),
(639, 41, 187, 'wT5b74dCEh', 'wt5b74dceh', '-', 2, 40000, '2023-11-26 20:21:30', '2023-11-26 20:21:30'),
(640, 12, 188, 'ABvyF8HODS', 'abvyf8hods', 'HOP JAC70', 2, 85000, '2023-11-26 20:22:05', '2023-11-26 20:22:05'),
(641, 123, 188, '6L2RECT00N', '6l2rect00n', 'HOP', 5, 45000, '2023-11-26 20:22:31', '2023-11-26 20:22:31'),
(642, 120, 188, 'bOXYmLHXky', 'boxymlhxky', 'HOP', 5, 100000, '2023-11-26 20:23:06', '2023-11-26 20:23:06'),
(643, 227, 188, 'hXLQPoSsgD', 'hxlqpossgd', '-', 1, 575000, '2023-11-26 20:26:01', '2023-11-26 20:26:01'),
(644, 44, 188, 'VIru99wx85', 'viru99wx85', 'FUSO', 20, 52500, '2023-11-26 20:26:25', '2023-11-26 20:26:25'),
(645, 4, 188, 'cz4b6ssJF8', 'cz4b6ssjf8', 'National', 1, 550000, '2023-11-26 20:26:41', '2023-11-26 20:26:41'),
(646, 48, 188, 'YRsfA4rbLy', 'yrsfa4rbly', 'HS', 1, 90000, '2023-11-26 20:27:04', '2023-11-26 20:27:04'),
(647, 100, 188, '1tYe023Qqc', '1tye023qqc', 'HWC', 5, 45000, '2023-11-26 21:02:27', '2023-11-26 21:02:27'),
(648, 55, 188, '8P6YKagdez', '8p6ykagdez', '-', 1, 325000, '2023-11-26 21:03:37', '2023-11-26 21:03:37'),
(649, 1, 191, 'Uzu0Sutv7e', 'uzu0sutv7e', 'HOP', 5, 95000, '2023-12-03 20:37:44', '2023-12-03 20:37:44'),
(650, 2, 191, 'qaFK2Kz9iT', 'qafk2kz9it', 'HOP', 5, 45000, '2023-12-03 20:37:59', '2023-12-03 20:37:59'),
(651, 3, 191, 'RBooTNSI2J', 'rbootnsi2j', 'HOP', 5, 100000, '2023-12-03 20:38:14', '2023-12-03 20:38:14'),
(652, 43, 190, 'HkSOuivzys', 'hksouivzys', 'Seiken', 20, 8500, '2023-12-03 20:39:05', '2023-12-03 20:48:53'),
(653, 41, 190, '7A78Kf7zi1', '7a78kf7zi1', 'NOK', 4, 135000, '2023-12-03 20:41:14', '2023-12-03 20:41:14'),
(654, 130, 190, 'q3gIGWgoVw', 'q3gigwgovw', 'Wakasa', 20, 10000, '2023-12-03 20:42:23', '2023-12-03 20:42:23'),
(655, 99, 190, 'KUNzeNZnSB', 'kunzenznsb', 'Sakura C-1316', 1, 100000, '2023-12-03 20:43:17', '2023-12-03 20:43:17'),
(656, 228, 190, '8QAcC0Ed49', '8qacc0ed49', 'HOP 23310-JAC50', 1, 150000, '2023-12-03 20:47:27', '2023-12-03 20:47:27'),
(657, 229, 190, 'EvlltdcJMi', 'evlltdcjmi', '-', 5, 17500, '2023-12-03 20:47:43', '2023-12-03 20:47:43'),
(658, 230, 190, '8kDQ8DQLfU', '8kdq8dqlfu', 'Sanyco 47207-37070', 1, 875000, '2023-12-03 20:48:08', '2023-12-03 20:48:08'),
(659, 231, 189, 'bAChUDaUYK', 'bachudauyk', 'Sanyco ', 2, 325000, '2023-12-03 20:52:16', '2023-12-03 20:52:16'),
(660, 232, 189, 'w8DaHNJDp3', 'w8dahnjdp3', 'Sanyco ', 2, 325000, '2023-12-03 20:52:41', '2023-12-03 20:52:41'),
(661, 59, 189, 'ZUsWFlHR5M', 'zuswflhr5m', 'Seiken ', 10, 4500, '2023-12-03 20:53:23', '2023-12-03 20:53:23'),
(662, 61, 189, 'yUa02kbdR2', 'yua02kbdr2', 'Seiken', 10, 12500, '2023-12-03 20:53:42', '2023-12-03 20:53:42'),
(663, 107, 189, 'QNEnf9tUYA', 'qnenf9tuya', 'Seiken', 20, 10000, '2023-12-03 20:54:32', '2023-12-03 20:54:32'),
(664, 233, 189, 'MH7tHPQgmT', 'mh7thpqgmt', '-', 4, 25000, '2023-12-03 20:58:01', '2023-12-03 20:58:01'),
(665, 8, 189, '9VQKP6Wb23', '9vqkp6wb23', '-', 25, 2500, '2023-12-03 20:58:17', '2023-12-03 20:58:17'),
(666, 13, 189, 'asHAicVQ4k', 'ashaicvq4k', 'Seiken ', 2, 80000, '2023-12-03 20:58:39', '2023-12-03 20:58:39'),
(667, 14, 189, '3xOsfyTY3F', '3xosfyty3f', 'Seiken', 2, 50000, '2023-12-03 20:58:59', '2023-12-03 20:58:59'),
(668, 90, 189, 'QrLfWSGc5i', 'qrlfwsgc5i', 'Seiken', 1, 450000, '2023-12-03 20:59:26', '2023-12-03 20:59:26'),
(669, 18, 193, 'op4WYdchv0', 'op4wydchv0', 'Goodyear HD', 2, 1350000, '2023-12-05 19:44:04', '2023-12-05 19:44:04'),
(670, 21, 193, 'CiqMxDz2XY', 'ciqmxdz2xy', 'GT R16', 1, 50000, '2023-12-05 19:44:31', '2023-12-05 19:44:31'),
(671, 18, 192, 'hLh9xBJHAs', 'hlh9xbjhas', 'Goodyear HD', 4, 1350000, '2023-12-05 19:45:17', '2023-12-05 19:45:17'),
(672, 20, 192, 'M2NDbWwjY9', 'm2ndbwwjy9', 'GT 750-16', 4, 190000, '2023-12-05 19:45:38', '2023-12-05 19:45:38'),
(673, 21, 192, 'R9m6s7ZInk', 'r9m6s7zink', 'GT R16', 4, 50000, '2023-12-05 19:46:01', '2023-12-05 19:46:01'),
(674, 46, 195, 'kBRGgeVYeh', 'kbrggevyeh', '-', 2, 140000, '2023-12-05 23:26:51', '2023-12-05 23:26:51'),
(675, 22, 196, 'Sh7kKKaJB7', 'sh7kkkajb7', 'Indotube 900-20', 3, 255000, '2023-12-10 23:50:46', '2023-12-10 23:50:46'),
(676, 23, 196, 'P1xG1QvpYh', 'p1xg1qvpyh', '-', 4, 95000, '2023-12-10 23:51:04', '2023-12-10 23:51:04'),
(677, 234, 197, 'rgdVVnQELK', 'rgdvvnqelk', '-', 2, 35000, '2023-12-11 00:28:34', '2023-12-11 00:28:34'),
(678, 9, 198, 'F4epLQlypQ', 'f4eplqlypq', '-', 4, 20000, '2023-12-11 00:29:11', '2023-12-11 00:29:11'),
(679, 81, 198, 'bPQ7s90Cch', 'bpq7s90cch', 'Mitsuwa', 1, 900000, '2023-12-11 00:29:53', '2023-12-11 00:29:53'),
(680, 235, 198, 'Yc9Fcl4bcG', 'yc9fcl4bcg', '-', 1, 85000, '2023-12-11 00:31:03', '2023-12-11 00:31:03'),
(681, 236, 199, '0QeTcCL6u6', '0qetccl6u6', 'HOP', 4, 340000, '2023-12-11 00:33:36', '2023-12-11 00:33:36'),
(682, 19, 201, '4h7M0DnWxc', '4h7m0dnwxc', 'DHLS', 8, 1550000, '2023-12-12 23:52:47', '2023-12-12 23:52:47'),
(683, 127, 200, 'G1GiRVGiUl', 'g1girvgiul', 'Sinlube Gear HD140', 40, 47000, '2023-12-12 23:57:58', '2023-12-12 23:57:58'),
(684, 129, 200, 'yFB7lBussY', 'yfb7lbussy', 'Herakles Rad Coolant', 80, 7000, '2023-12-12 23:59:16', '2023-12-12 23:59:16'),
(685, 5, 200, 'lsfoNvoGxT', 'lsfonvogxt', 'Sinlube Callisto XP HD 15W40', 400, 35000, '2023-12-13 00:00:24', '2023-12-13 00:00:24'),
(686, 45, 200, 'wmpUfqkW4n', 'wmpufqkw4n', 'NLGI III Hijau', 1, 460000, '2023-12-13 00:01:09', '2023-12-13 00:01:09'),
(687, 111, 202, 'G6NE1C1wN1', 'g6ne1c1wn1', 'BS 2AE4821/D1J4L3620,2AE1622/D2YL30246, GT 4022-9472,11022-6926', 4, 1500000, '2023-12-14 20:45:27', '2023-12-14 20:45:27'),
(688, 22, 203, '2zoBtRxi43', '2zobtrxi43', 'KRC 900-20', 12, 245000, '2023-12-14 20:46:17', '2023-12-14 20:46:17'),
(689, 23, 203, 'm9xMcC4PFp', 'm9xmcc4pfp', 'KRC R20', 9, 80000, '2023-12-14 20:46:42', '2023-12-14 20:46:42'),
(690, 123, 204, '4QCj5cQReJ', '4qcj5cqrej', 'HOP', 5, 45000, '2023-12-17 20:11:00', '2023-12-17 20:11:00'),
(691, 237, 205, 'zA85KZnldb', 'za85kznldb', 'HOP', 2, 260000, '2023-12-17 20:50:07', '2023-12-17 20:50:07'),
(692, 42, 205, 'DyQRa0Xu4C', 'dyqra0xu4c', '-', 1, 650000, '2023-12-17 20:50:30', '2023-12-17 20:50:30'),
(693, 196, 205, '1bS0TM5Nww', '1bs0tm5nww', 'NOK', 2, 110000, '2023-12-17 20:51:35', '2023-12-17 20:51:35'),
(694, 57, 205, 'Sg0LUfN6zx', 'sg0lufn6zx', '-', 4, 65000, '2023-12-17 20:52:07', '2023-12-17 20:52:07'),
(695, 4, 205, 'ye4uvkudJ8', 'ye4uvkudj8', 'National', 1, 550000, '2023-12-17 20:52:29', '2023-12-17 20:52:29'),
(696, 79, 205, '6BP9v3Nzaw', '6bp9v3nzaw', '-', 2, 40000, '2023-12-17 20:52:49', '2023-12-17 20:52:49'),
(697, 12, 205, 'gVLhk0WoXW', 'gvlhk0woxw', 'HOP', 2, 85000, '2023-12-17 23:03:51', '2023-12-17 23:03:51'),
(698, 99, 205, 'XpYwexK4lv', 'xpywexk4lv', 'Sakura C-1316', 2, 100000, '2023-12-17 23:05:17', '2023-12-17 23:05:17'),
(699, 238, 205, 'hABhDsvEBo', 'habhdsvebo', 'Koyo 32217', 1, 475000, '2023-12-17 23:07:48', '2023-12-17 23:07:48'),
(700, 239, 205, 'HubI3nS26k', 'hubi3ns26k', 'Koyo 32218`', 1, 550000, '2023-12-17 23:08:06', '2023-12-17 23:08:06'),
(701, 195, 206, 'FaXhCMQYJj', 'faxhcmqyjj', 'Yuasa', 2, 860000, '2023-12-17 23:09:15', '2023-12-17 23:09:15'),
(702, 240, 206, '0a6WSiIVC9', '0a6wsiivc9', '-', 2, 35000, '2023-12-17 23:12:08', '2023-12-17 23:12:08'),
(703, 122, 207, 'DQ0iddj8HD', 'dq0iddj8hd', 'HOP', 5, 95000, '2023-12-25 23:52:58', '2023-12-25 23:52:58'),
(704, 123, 207, 'YdXiq2fTkT', 'ydxiq2ftkt', 'HOP', 5, 45000, '2023-12-25 23:53:25', '2023-12-25 23:53:25'),
(705, 120, 207, 'FhUUGetbqQ', 'fhuugetbqq', 'HOP', 5, 100000, '2023-12-25 23:53:51', '2023-12-25 23:53:51'),
(706, 242, 207, 'qpShoWnwJz', 'qpshownwjz', '-', 2, 55000, '2023-12-25 23:58:05', '2023-12-25 23:58:05'),
(707, 242, 207, 'A3K7qGBD1o', 'a3k7qgbd1o', '-', 2, 45000, '2023-12-25 23:58:22', '2023-12-25 23:58:22'),
(708, 216, 207, 'Rjb1Lx7r3Z', 'rjb1lx7r3z', '-', 2, 110000, '2023-12-25 23:58:55', '2023-12-25 23:58:55'),
(709, 243, 207, 'pJgnyJ3OCK', 'pjgnyj3ock', '5490-17x1220', 2, 95000, '2023-12-26 00:01:33', '2023-12-26 00:01:33'),
(710, 15, 207, 'L03Pw6Ncaq', 'l03pw6ncaq', 'Sanyco', 4, 150000, '2023-12-26 00:02:16', '2023-12-26 00:02:16'),
(711, 244, 208, '6rcB60AEOj', '6rcb60aeoj', '-', 1, 185000, '2023-12-26 00:18:16', '2023-12-26 00:18:16'),
(712, 3, 209, 'yl4rvy6T53', 'yl4rvy6t53', 'HOP 23390-LIE50', 5, 100000, '2023-12-29 00:16:11', '2023-12-29 00:16:11'),
(713, 2, 209, 'vDbllJ8TNu', 'vdbllj8tnu', 'Hop 23401-1332', 5, 45000, '2023-12-29 00:16:37', '2023-12-29 00:16:37'),
(714, 13, 209, 'g4NhhvqUDP', 'g4nhhvqudp', 'Seiken', 2, 80000, '2023-12-29 00:18:25', '2023-12-29 00:18:25'),
(715, 14, 209, 'xl2G9KkciB', 'xl2g9kkcib', 'Seiken', 2, 50000, '2023-12-29 00:18:46', '2023-12-29 00:18:46'),
(716, 103, 210, 'm0TivowKiI', 'm0tivowkii', 'RCA 028-0', 1, 185000, '2023-12-29 00:21:00', '2023-12-29 00:21:00'),
(717, 246, 210, 'jHr9Svfa4D', 'jhr9svfa4d', 'Seiken 210-32672', 1, 125000, '2023-12-29 00:23:03', '2023-12-29 00:23:03'),
(718, 247, 211, 'jS5i7eLbJs', 'js5i7elbjs', 'Wabco', 1, 550000, '2023-12-29 00:26:55', '2023-12-29 00:26:55'),
(719, 248, 211, 'RVPGTxx6ZC', 'rvpgtxx6zc', 'Wabco', 1, 175000, '2023-12-29 00:27:14', '2023-12-29 00:27:14'),
(720, 249, 211, 'UOUtakozlU', 'uoutakozlu', '-', 1, 225000, '2023-12-29 00:27:46', '2023-12-29 00:27:46'),
(721, 117, 212, 'g0yqd5ckig', 'g0yqd5ckig', 'Yuasa', 1, 1315000, '2024-01-03 01:30:04', '2024-01-03 01:30:04'),
(722, 204, 213, 'fHc5ZrmToj', 'fhc5zrmtoj', '-', 2, 676500, '2024-01-04 23:35:23', '2024-01-04 23:35:23'),
(723, 203, 213, 'fikoysKqrc', 'fikoyskqrc', '-', 1, 521500, '2024-01-04 23:36:05', '2024-01-04 23:36:15'),
(724, 184, 213, 'BDOI7NGAfI', 'bdoi7ngafi', '-', 2, 35000, '2024-01-04 23:36:53', '2024-01-04 23:36:53'),
(725, 185, 213, 'E4SpBkjLXI', 'e4spbkjlxi', '-', 6, 55000, '2024-01-04 23:37:40', '2024-01-04 23:37:40'),
(726, 186, 213, 'uc4a0Dk9Pt', 'uc4a0dk9pt', '-', 2, 30000, '2024-01-04 23:38:21', '2024-01-04 23:38:21'),
(727, 160, 213, 'ItteDZmQus', 'ittedzmqus', '-', 2, 50000, '2024-01-04 23:39:05', '2024-01-04 23:39:05'),
(728, 187, 213, 'QX13AZ6TsB', 'qx13az6tsb', 'Baud samping', 6, 10000, '2024-01-04 23:39:47', '2024-01-04 23:39:47'),
(729, 187, 213, '8CWlmtNvKa', '8cwlmtnvka', 'Baud spi', 6, 15000, '2024-01-04 23:40:16', '2024-01-04 23:40:16'),
(730, 188, 213, 'JACbg7zzN3', 'jacbg7zzn3', '-', 6, 10000, '2024-01-04 23:40:48', '2024-01-04 23:40:48'),
(731, 71, 213, 'tFaaCk9WiS', 'tfaack9wis', '-', 4, 65000, '2024-01-04 23:41:56', '2024-01-04 23:41:56'),
(732, 162, 213, 'ndVmnVANNg', 'ndvmnvanng', 'jasa bongkar pasang', 2, 75000, '2024-01-04 23:42:30', '2024-01-04 23:45:59'),
(733, 162, 213, '11zs8yuoQx', '11zs8yuoqx', 'Jasa Bongkar pasang stoper', 4, 10000, '2024-01-04 23:42:50', '2024-01-04 23:42:50'),
(734, 18, 214, 'jCF0zDKblK', 'jcf0zdkblk', 'Goodyear HD', 4, 1350000, '2024-01-04 23:52:00', '2024-01-04 23:52:00'),
(735, 20, 214, 'usOITpCcnc', 'usoitpccnc', 'GT 750-16', 4, 190000, '2024-01-04 23:52:19', '2024-01-04 23:52:19'),
(736, 21, 214, '244ojE3SoN', '244oje3son', 'GT R16', 4, 50000, '2024-01-04 23:52:36', '2024-01-04 23:52:36'),
(737, 18, 215, 'wh2reWP1Ib', 'wh2rewp1ib', 'Goodyear HD', 4, 1350000, '2024-01-09 19:44:42', '2024-01-09 19:44:42'),
(738, 20, 215, 'UFQLg2NbvZ', 'ufqlg2nbvz', 'GT 750-16', 4, 190000, '2024-01-09 19:44:59', '2024-01-09 19:44:59'),
(739, 21, 215, 'yJJT3CJaja', 'yjjt3cjaja', 'Swallow R16', 4, 50000, '2024-01-09 19:45:18', '2024-01-09 19:45:43'),
(740, 111, 216, 'sj1SbEpysh', 'sj1sbepysh', 'Vulkanisir Merah Putih', 1, 1300000, '2024-01-09 19:47:43', '2024-01-09 19:47:43'),
(741, 111, 216, 'wV3Tja3WLS', 'wv3tja3wls', 'Vulkanisir Putih', 1, 1500000, '2024-01-09 19:48:19', '2024-01-09 19:48:19'),
(742, 60, 217, 'ihyrFFr980', 'ihyrffr980', 'JIMCO JAE-12009-1', 4, 90000, '2024-01-09 19:50:59', '2024-01-09 19:50:59'),
(743, 14, 217, 'hXivCZggNF', 'hxivczggnf', 'Seiken', 2, 50000, '2024-01-09 19:51:22', '2024-01-09 19:51:22'),
(744, 79, 217, 'BtWx0Bxbiw', 'btwx0bxbiw', '-', 2, 40000, '2024-01-09 19:51:54', '2024-01-09 19:51:54'),
(745, 228, 218, 'kHJpqcPG19', 'khjpqcpg19', 'Hop', 5, 100000, '2024-01-09 19:53:05', '2024-01-09 19:53:05'),
(746, 122, 218, 'KT6RndYqit', 'kt6rndyqit', 'HOP', 5, 95000, '2024-01-09 19:53:52', '2024-01-09 19:53:52'),
(747, 123, 218, 'Gpg5VAIPUY', 'gpg5vaipuy', 'HO', 5, 45000, '2024-01-09 19:54:12', '2024-01-09 19:54:12'),
(748, 10, 218, 'ddmjFqOimD', 'ddmjfqoimd', 'Arpi', 1, 700000, '2024-01-09 19:55:00', '2024-01-09 19:55:00'),
(749, 4, 218, 'it5nQThiTq', 'it5nqthitq', 'National', 1, 550000, '2024-01-09 19:55:14', '2024-01-09 19:55:14'),
(750, 89, 218, 'FTH5SLmyue', 'fth5slmyue', 'Seiken', 1, 575000, '2024-01-09 19:55:51', '2024-01-09 19:55:51'),
(751, 42, 218, 'qtCsj1TH22', 'qtcsj1th22', '-', 1, 650000, '2024-01-09 19:56:44', '2024-01-09 19:56:44'),
(752, 111, 219, 'ncTInTnCtm', 'nctintnctm', 'GT', 8, 1500000, '2024-01-10 21:23:57', '2024-01-10 21:23:57'),
(753, 111, 219, 'GTvMb9EDKi', 'gtvmb9edki', 'GT/ Klem B 9006 EEU', 1, 750000, '2024-01-10 21:24:26', '2024-01-10 21:24:26'),
(754, 23, 219, 'AXJ8rNy2Hn', 'axj8rny2hn', '-', 5, 0, '2024-01-10 21:24:48', '2024-01-10 21:24:48'),
(755, 46, 220, 'r1Cw6cYkIe', 'r1cw6cykie', '-', 2, 145000, '2024-01-11 21:37:30', '2024-01-11 21:37:30'),
(756, 117, 221, 'MGkV812V6Q', 'mgkv812v6q', 'Yuasa', 1, 1315000, '2024-01-11 21:38:04', '2024-01-11 21:38:04'),
(757, 5, 222, 'g9RXvJrzR1', 'g9rxvjrzr1', 'Sinlube Callisto XP HD 15W40', 600, 31081, '2024-01-11 23:54:13', '2024-01-11 23:54:13'),
(758, 18, 223, '03CvXseUKZ', '03cvxseukz', 'Goodyear HD', 4, 1350000, '2024-01-12 00:53:25', '2024-01-12 00:53:25'),
(759, 20, 223, 'ZZZp7g6RSh', 'zzzp7g6rsh', 'GT 750-16', 4, 190000, '2024-01-12 00:53:43', '2024-01-12 00:53:43'),
(760, 21, 223, 'Y0JEaUTOpu', 'y0jeautopu', 'GT R16', 4, 50000, '2024-01-12 00:54:03', '2024-01-12 00:54:03'),
(761, 22, 223, '7D0EFhVJz9', '7d0efhvjz9', 'KRC 900-20', 4, 245000, '2024-01-12 00:54:19', '2024-01-12 00:54:19'),
(762, 250, 224, 'nDkX9EqV4s', 'ndkx9eqv4s', 'Garreth', 2, 475000, '2024-01-16 01:13:45', '2024-01-16 01:13:45'),
(763, 41, 224, '4Zo4Hy6jtD', '4zo4hy6jtd', 'NOK', 4, 125000, '2024-01-16 01:15:28', '2024-01-16 01:15:28'),
(764, 44, 224, 'CmDbPgn0H3', 'cmdbpgn0h3', 'FUSO', 20, 52500, '2024-01-16 01:15:57', '2024-01-16 01:15:57'),
(765, 59, 224, 'TXmiApst16', 'txmiapst16', 'Seiken', 20, 4500, '2024-01-16 01:16:25', '2024-01-16 01:16:25'),
(766, 50, 225, 'B0wAvlSOZJ', 'b0wavlsozj', 'Hino', 4, 90000, '2024-01-16 01:17:12', '2024-01-16 01:17:12'),
(767, 81, 225, 'nUESCt0K6j', 'nuesct0k6j', 'Mitsuwa', 1, 900000, '2024-01-16 01:17:46', '2024-01-16 01:17:46'),
(768, 13, 225, 'kavJVJDYno', 'kavjvjdyno', 'Seiken', 2, 80000, '2024-01-16 01:19:03', '2024-01-16 01:19:03'),
(769, 237, 225, 'qPucpjo2U3', 'qpucpjo2u3', 'RCA', 1, 375000, '2024-01-16 01:20:09', '2024-01-16 01:20:09'),
(770, 214, 225, 'OuoXjLvmZa', 'ouoxjlvmza', '-', 4, 75000, '2024-01-16 01:21:04', '2024-01-16 01:21:04'),
(771, 251, 225, 'UzD9EFUhyC', 'uzd9efuhyc', '-', 2, 65000, '2024-01-16 01:23:06', '2024-01-16 01:23:06'),
(772, 252, 225, 'iKipfVBrlp', 'ikipfvbrlp', '-', 2, 17500, '2024-01-16 01:23:23', '2024-01-16 01:23:23'),
(773, 43, 226, 'PiKm74rnGu', 'pikm74rngu', 'Seiken', 20, 8500, '2024-01-16 01:24:02', '2024-01-16 01:24:02'),
(774, 224, 227, 'LJBRfQ2H86', 'ljbrfq2h86', '-', 2, 250000, '2024-01-16 01:26:32', '2024-01-16 01:26:32'),
(775, 175, 228, 'R7lAnC7Q7X', 'r7lanc7q7x', '-', 2, 60000, '2024-01-18 00:13:29', '2024-01-18 00:13:29'),
(776, 4, 229, 'jz3YSclmgO', 'jz3ysclmgo', 'National', 1, 550000, '2024-01-22 23:02:41', '2024-01-22 23:02:41'),
(777, 45, 230, '2l23FTyKZ4', '2l23ftykz4', 'Rotary', 70, 17150, '2024-01-22 23:03:48', '2024-01-22 23:03:48'),
(778, 7, 230, 'kcX0aCCI9y', 'kcx0acci9y', 'RCA', 2, 110000, '2024-01-22 23:06:41', '2024-01-22 23:06:53'),
(779, 13, 230, 'X866li9tN7', 'x866li9tn7', 'Seiken', 2, 80000, '2024-01-22 23:07:29', '2024-01-22 23:07:29'),
(780, 130, 230, 'wEjelrmMiX', 'wejelrmmix', '-', 10, 10000, '2024-01-22 23:08:31', '2024-01-22 23:08:31'),
(781, 9, 230, 'VptuicbBKK', 'vptuicbbkk', '-', 2, 20000, '2024-01-22 23:10:00', '2024-01-22 23:10:00'),
(782, 29, 231, '4t8E6qoVXl', '4t8e6qovxl', 'HWC', 5, 60000, '2024-01-22 23:11:24', '2024-01-22 23:12:54'),
(783, 133, 231, 'PqllqKCYbr', 'pqllqkcybr', 'HOP', 5, 75000, '2024-01-22 23:12:42', '2024-01-22 23:12:42'),
(784, 36, 231, 'uHXcKeqxPD', 'uhxckeqxpd', 'Koyo', 2, 95000, '2024-01-22 23:14:06', '2024-01-22 23:14:06'),
(785, 37, 231, 'I1ofGX8SIw', 'i1ofgx8siw', 'Koyo', 1, 280000, '2024-01-22 23:14:35', '2024-01-22 23:14:35'),
(786, 49, 231, 'VWRMD3DL0r', 'vwrmd3dl0r', 'Koyo 32211', 2, 165000, '2024-01-22 23:15:11', '2024-01-22 23:15:11'),
(787, 69, 231, 'FrF8EMtgcT', 'frf8emtgct', 'Koyo', 2, 185000, '2024-01-22 23:15:41', '2024-01-22 23:15:41'),
(788, 1, 231, 'TsVtvn7SWJ', 'tsvtvn7swj', 'HOP', 5, 95000, '2024-01-22 23:16:06', '2024-01-22 23:16:06'),
(789, 2, 231, 'BPKxcWEVdc', 'bpkxcwevdc', 'Hop', 5, 45000, '2024-01-22 23:16:21', '2024-01-22 23:16:21'),
(790, 3, 231, 'hwvrwFvkrP', 'hwvrwfvkrp', 'Sakura 1002', 10, 20000, '2024-01-22 23:16:42', '2024-01-22 23:16:42'),
(791, 12, 231, 'KNLGhKBlfi', 'knlghkblfi', 'Hop', 2, 85000, '2024-01-22 23:17:06', '2024-01-22 23:17:06'),
(792, 204, 232, 'hyEVHByTZx', 'hyevhbytzx', '-', 1, 676500, '2024-01-25 19:46:13', '2024-01-25 19:46:13'),
(793, 255, 232, 'St6GKrTglk', 'st6gkrtglk', '-', 1, 141000, '2024-01-25 19:51:42', '2024-01-25 19:51:42'),
(794, 184, 232, 'uhnl44oafZ', 'uhnl44oafz', '-', 2, 35000, '2024-01-25 19:52:21', '2024-01-25 19:52:21'),
(795, 160, 232, 'bKOoSDWp3j', 'bkoosdwp3j', '-', 4, 50000, '2024-01-25 19:53:05', '2024-01-25 19:53:05'),
(796, 186, 232, 'eRtMjcZsha', 'ertmjczsha', '-', 4, 30000, '2024-01-25 19:53:45', '2024-01-25 19:53:45'),
(797, 185, 232, '68CNirIf4S', '68cnirif4s', '-', 6, 55000, '2024-01-25 19:54:12', '2024-01-25 19:54:12'),
(798, 187, 232, 'sumyWjXHkw', 'sumywjxhkw', 'Baud spi', 6, 15000, '2024-01-25 19:55:36', '2024-01-25 19:55:36'),
(799, 187, 232, '74yo81e0tT', '74yo81e0tt', 'Baud samping', 4, 10000, '2024-01-25 19:56:16', '2024-01-25 19:56:16'),
(800, 71, 232, 'DRjQmLq9bY', 'drjqmlq9by', '-', 4, 65000, '2024-01-25 19:56:50', '2024-01-25 19:56:50'),
(801, 188, 232, '9ix7FdbaY9', '9ix7fdbay9', '-', 6, 10000, '2024-01-25 19:57:25', '2024-01-25 19:57:25'),
(802, 192, 232, 'SQ2KJwduVL', 'sq2kjwduvl', '-', 6, 10000, '2024-01-25 19:58:14', '2024-01-25 19:58:14'),
(803, 162, 232, 'cyHy3b3IZb', 'cyhy3b3izb', 'jasa bongkar pasang', 2, 75000, '2024-01-25 19:58:36', '2024-01-25 19:58:36'),
(804, 162, 232, '3jtMVE1EXl', '3jtmve1exl', 'Jasa Bongkar pasang stoper', 4, 15000, '2024-01-25 19:59:26', '2024-01-25 19:59:26'),
(805, 42, 233, '3dbEm3wxQH', '3dbem3wxqh', '-', 1, 650000, '2024-01-28 23:34:59', '2024-01-28 23:34:59'),
(806, 60, 233, 'VHTUNwkxWn', 'vhtunwkxwn', 'JIMCO JAE-12009-1', 4, 90000, '2024-01-28 23:35:21', '2024-01-28 23:35:21'),
(807, 1, 233, 'SIkfeiUMYC', 'sikfeiumyc', 'Sakura C-1318', 10, 65000, '2024-01-28 23:36:49', '2024-01-28 23:36:49'),
(808, 2, 233, 'fTj9gw4fEI', 'ftj9gw4fei', 'HOP', 5, 45000, '2024-01-28 23:37:06', '2024-01-28 23:37:06'),
(809, 3, 233, '8A2LTnAvoM', '8a2ltnavom', 'Sakura-1002', 5, 20000, '2024-01-28 23:37:39', '2024-01-28 23:37:39'),
(810, 65, 233, 'I0gNmmKFQG', 'i0gnmmkfqg', 'Bando 5490-17x1220', 2, 95000, '2024-01-28 23:38:28', '2024-01-28 23:38:28'),
(811, 248, 233, 'Bdq0u1QxD8', 'bdq0u1qxd8', 'Teflon Wabco', 1, 200000, '2024-01-28 23:38:56', '2024-01-28 23:38:56'),
(812, 248, 233, 'V7mKFhYJDJ', 'v7mkfhyjdj', 'Per Wabco', 1, 175000, '2024-01-28 23:39:18', '2024-01-28 23:39:18'),
(813, 57, 234, 'pi4gs4oJQS', 'pi4gs4ojqs', '-', 2, 65000, '2024-02-04 23:00:51', '2024-02-04 23:00:51'),
(814, 66, 234, 'UagNldY6v5', 'uagnldy6v5', '-', 2, 325000, '2024-02-04 23:02:32', '2024-02-04 23:02:32'),
(815, 13, 234, 'qBEvMTrY5X', 'qbevmtry5x', 'Seiken', 1, 80000, '2024-02-04 23:03:55', '2024-02-04 23:03:55'),
(816, 90, 234, 'InED4LE6Mn', 'ined4le6mn', 'Seiken', 1, 400000, '2024-02-04 23:04:46', '2024-02-04 23:04:46'),
(817, 178, 235, 'UV46k6VU5o', 'uv46k6vu5o', 'Euro 40mm', 2, 350000, '2024-02-04 23:08:12', '2024-02-04 23:08:12'),
(818, 170, 235, 'wVmhp639gD', 'wvmhp639gd', 'HOP', 2, 260000, '2024-02-04 23:09:19', '2024-02-04 23:09:19'),
(819, 57, 235, 'fENrcmVbFT', 'fenrcmvbft', '-', 2, 65000, '2024-02-04 23:09:48', '2024-02-04 23:09:48'),
(820, 61, 235, 'XELJAC3Xjv', 'xeljac3xjv', 'Seiken', 10, 12500, '2024-02-04 23:10:20', '2024-02-04 23:10:20'),
(821, 14, 235, 'WlKCexDr1q', 'wlkcexdr1q', 'Seiken', 2, 50000, '2024-02-04 23:10:46', '2024-02-04 23:10:46'),
(822, 256, 236, 'tjqjOFXAjg', 'tjqjofxajg', 'Hino 6845-01670', 1, 450000, '2024-02-13 00:59:22', '2024-02-13 00:59:22'),
(823, 42, 236, 'oxhQNWSn17', 'oxhqnwsn17', '-', 1, 650000, '2024-02-13 01:00:00', '2024-02-13 01:00:00'),
(824, 48, 236, 'OaCPvaAJ1U', 'oacpvaaj1u', 'SH', 1, 90000, '2024-02-13 01:00:21', '2024-02-13 01:00:21'),
(825, 175, 237, 'bMCWUZ1L5b', 'bmcwuz1l5b', '-', 2, 55000, '2024-02-16 00:45:16', '2024-02-16 00:45:16'),
(826, 58, 237, 'TVRcPVqsZZ', 'tvrcpvqszz', '-', 3, 65000, '2024-02-16 00:46:10', '2024-02-16 00:46:10'),
(827, 123, 238, 'cgo22AF7yb', 'cgo22af7yb', 'HOP', 5, 45000, '2024-02-18 19:42:15', '2024-02-18 19:42:15'),
(828, 3, 238, 'mFJfRQgwHF', 'mfjfrqgwhf', 'HOP', 5, 100000, '2024-02-18 19:42:31', '2024-02-18 19:42:31'),
(829, 79, 238, 'A8q6wG5iy9', 'a8q6wg5iy9', '-', 2, 40000, '2024-02-18 19:42:59', '2024-02-18 19:42:59'),
(830, 14, 238, 'xukhRJx8gz', 'xukhrjx8gz', 'Seiken', 2, 50000, '2024-02-18 19:44:21', '2024-02-18 19:44:21'),
(831, 7, 238, 'TDMFUeuRof', 'tdmfueurof', 'RCA', 2, 110000, '2024-02-18 19:44:38', '2024-02-18 19:44:38'),
(832, 4, 238, 'OtUQEie2Tg', 'otuqeie2tg', 'National', 1, 550000, '2024-02-18 19:45:00', '2024-02-18 19:45:00'),
(833, 52, 238, 'UmAQiwrPZU', 'umaqiwrpzu', 'Stanley', 20, 3000, '2024-02-18 19:45:54', '2024-02-18 19:45:54'),
(834, 18, 239, 'lAKSrLPvYq', 'laksrlpvyq', 'Goodyear HD', 2, 1350000, '2024-02-22 20:03:25', '2024-02-22 20:03:25'),
(835, 20, 239, 'mb0oTy6KOL', 'mb0oty6kol', 'GT 750-16', 2, 190000, '2024-02-22 20:03:49', '2024-02-22 20:03:49'),
(836, 21, 239, '3NqpX8uj9U', '3nqpx8uj9u', 'GT-R16', 2, 50000, '2024-02-22 20:04:10', '2024-02-22 20:04:10'),
(837, 18, 240, 'W29To7Wnvg', 'w29to7wnvg', 'GT 750-16', 2, 1475000, '2024-02-22 20:08:56', '2024-02-22 20:08:56'),
(838, 20, 240, 'g302G7RRYH', 'g302g7rryh', 'GT 750', 2, 190000, '2024-02-22 20:09:18', '2024-02-22 20:09:18'),
(839, 21, 240, 'HglhgwVcsI', 'hglhgwvcsi', 'GT R16', 2, 50000, '2024-02-22 20:09:42', '2024-02-22 20:09:42'),
(840, 117, 241, 't7AZHXhtyc', 't7azhxhtyc', 'Yuasa', 1, 1315000, '2024-02-26 01:03:03', '2024-02-26 01:03:03'),
(841, 257, 242, '523Xm4LW9P', '523xm4lw9p', '3369-36010', 2, 355000, '2024-02-26 01:08:45', '2024-02-26 01:08:45'),
(842, 29, 243, 'LGQAd62zba', 'lgqad62zba', 'KYS', 5, 47500, '2024-02-26 01:10:52', '2024-02-26 01:10:52'),
(843, 28, 243, '8kjByDNLfE', '8kjbydnlfe', 'KYS', 5, 47500, '2024-02-26 01:11:06', '2024-02-26 01:11:06'),
(844, 43, 243, 'w2Cz1dIbUD', 'w2cz1dibud', 'Seiken', 20, 8500, '2024-02-26 01:11:33', '2024-02-26 01:11:43'),
(845, 100, 243, 'DhXkn7UFeF', 'dhxkn7ufef', 'HWC', 10, 45000, '2024-02-26 01:12:13', '2024-02-26 01:12:13'),
(846, 9, 243, 'm86vIqSkol', 'm86viqskol', '-', 4, 20000, '2024-02-26 01:12:30', '2024-02-26 01:12:30'),
(847, 104, 243, '2FuU8b7qKO', '2fuu8b7qko', 'GMB', 1, 275000, '2024-02-26 01:13:12', '2024-02-26 01:13:12'),
(848, 130, 243, 'kjyLKvMxlB', 'kjylkvmxlb', 'Wakasa', 20, 10000, '2024-02-26 01:14:38', '2024-02-26 01:14:38'),
(849, 258, 243, 'yaJdwnH9Vd', 'yajdwnh9vd', '-', 1, 1500000, '2024-02-26 01:16:50', '2024-02-26 01:16:50'),
(850, 259, 243, 'ktBDKRnkfH', 'ktbdkrnkfh', '-', 1, 55000, '2024-02-26 01:17:04', '2024-02-26 01:17:04'),
(851, 119, 244, 'HOTL1qYnWq', 'hotl1qynwq', 'HOP', 1, 875000, '2024-02-26 01:20:42', '2024-02-26 01:20:42'),
(852, 260, 244, 'GJBP7CpsS0', 'gjbp7cpss0', '-', 1, 775000, '2024-02-26 01:23:02', '2024-02-26 01:23:02'),
(853, 211, 245, 'V2UlmMByB8', 'v2ulmmbyb8', '-', 1, 15000, '2024-02-27 00:54:30', '2024-02-27 00:54:30'),
(854, 188, 245, 'f2Z0RHVtFq', 'f2z0rhvtfq', '-', 2, 7000, '2024-02-27 00:55:22', '2024-02-27 00:55:22'),
(855, 162, 245, 'mk5qNPVDdQ', 'mk5qnpvddq', 'Potong per', 2, 10000, '2024-02-27 00:56:21', '2024-02-27 00:56:21'),
(856, 162, 245, 'Im8snE2w3p', 'im8sne2w3p', 'jasa bongkar pasang', 1, 50000, '2024-02-27 00:56:52', '2024-02-27 00:56:52'),
(857, 162, 245, 'P4ye0RlJm4', 'p4ye0rljm4', 'Stempet Gemuk', 1, 40000, '2024-02-27 00:58:31', '2024-02-27 00:58:31'),
(858, 70, 246, '6oFIhk8Yiz', '6ofihk8yiz', 'Denso', 1, 250000, '2024-02-28 01:49:51', '2024-02-28 01:49:51'),
(859, 203, 247, 'dsbFno2zwJ', 'dsbfno2zwj', '-', 1, 381000, '2024-03-03 21:06:09', '2024-03-03 21:06:09'),
(860, 1, 249, 'Xj4w4NLfnj', 'xj4w4nlfnj', 'HOP', 5, 95000, '2024-03-03 21:09:35', '2024-03-03 21:09:35'),
(861, 2, 249, 'N0zmgcA5bi', 'n0zmgca5bi', 'HOP', 5, 45000, '2024-03-03 21:09:48', '2024-03-03 21:09:48'),
(862, 3, 249, '66HNQS5PTD', '66hnqs5ptd', 'Sakura', 5, 20000, '2024-03-03 21:10:00', '2024-03-03 21:10:00'),
(863, 88, 249, '4Ck5h9hggf', '4ck5h9hggf', 'Sakura', 2, 75000, '2024-03-03 21:11:21', '2024-03-03 21:11:21'),
(864, 260, 249, 'B6rNeCru1d', 'b6rnecru1d', '-', 1, 775000, '2024-03-03 21:14:51', '2024-03-03 21:14:51'),
(865, 79, 250, 'EciH6X969Q', 'ecih6x969q', 'Toho', 2, 40000, '2024-03-03 21:15:41', '2024-03-03 21:15:41'),
(866, 13, 250, '7UdpWJjDmF', '7udpwjjdmf', 'Seiken', 2, 80000, '2024-03-03 21:16:12', '2024-03-03 21:16:12'),
(867, 52, 250, 'ChxFXnxZcG', 'chxfxnxzcg', 'Stanley', 20, 3000, '2024-03-03 21:16:35', '2024-03-03 21:16:35'),
(868, 260, 251, 'IUv3XDEQB4', 'iuv3xdeqb4', '-', 1, 775000, '2024-03-03 21:17:18', '2024-03-03 21:17:18'),
(869, 90, 251, 'h8KiRhzSG3', 'h8kirhzsg3', 'Seiken', 1, 400000, '2024-03-03 21:17:49', '2024-03-03 21:17:49'),
(870, 259, 251, 'pfeWucnvim', 'pfewucnvim', '-', 2, 55000, '2024-03-03 21:18:10', '2024-03-03 21:18:10'),
(871, 70, 251, 'ZDuku3t1Uk', 'zduku3t1uk', 'Denso', 3, 215000, '2024-03-03 21:19:20', '2024-03-03 21:19:20'),
(872, 65, 251, 'YjM6VviFUt', 'yjm6vvifut', 'Bando', 2, 95000, '2024-03-03 21:19:42', '2024-03-03 21:19:42'),
(873, 261, 251, 'KAuTh6wiz9', 'kauth6wiz9', 'Bando', 2, 85000, '2024-03-03 21:20:58', '2024-03-03 21:20:58'),
(874, 142, 252, 'M7jolkiTzM', 'm7jolkitzm', 'Tekiro/12mm mata shock bintang', 1, 22500, '2024-03-07 00:11:27', '2024-03-07 00:11:27'),
(875, 142, 252, 'W6A5ztB21a', 'w6a5ztb21a', '14mm mata shock bintang', 1, 25000, '2024-03-07 00:12:11', '2024-03-07 00:12:11'),
(876, 142, 252, '0MNniwnDPU', '0mnniwndpu', '17mm Mata shock bintang', 1, 27500, '2024-03-07 00:13:13', '2024-03-07 00:15:21'),
(877, 142, 252, '9XBx0FYOfh', '9xbx0fyofh', '19mm Mata shock bintang', 1, 30000, '2024-03-07 00:14:09', '2024-03-07 00:14:09'),
(878, 142, 252, '3xBn3JxaWF', '3xbn3jxawf', 'gagang shock archet', 1, 225000, '2024-03-07 00:14:48', '2024-03-07 00:14:48'),
(879, 96, 253, 'BqbH6tqCCK', 'bqbh6tqcck', 'Hino', 1, 1100000, '2024-03-07 00:17:09', '2024-03-07 00:17:21'),
(881, 93, 253, 'ZqvCjnVlJc', 'zqvcjnvljc', 'Daido metal', 1, 215000, '2024-03-07 00:18:25', '2024-03-07 00:18:25'),
(882, 94, 253, 'UkMXiIMsE8', 'ukmxiimse8', 'Hino', 1, 1300000, '2024-03-07 00:19:24', '2024-03-07 00:19:24'),
(883, 95, 253, 'D9hUFxVTSn', 'd9hufxvtsn', '-', 8, 12500, '2024-03-07 00:19:57', '2024-03-07 00:19:57'),
(884, 97, 253, 'xIozgaJeTc', 'xiozgajetc', 'Eristik', 1, 200000, '2024-03-07 00:20:26', '2024-03-07 00:20:26'),
(885, 99, 253, 'xaUktE1Eew', 'xaukte1eew', 'Sakura', 2, 100000, '2024-03-07 00:20:55', '2024-03-07 00:20:55'),
(886, 40, 253, 'ABhMxN4F9i', 'abhmxn4f9i', '-', 3, 30000, '2024-03-07 00:21:27', '2024-03-07 00:21:27'),
(887, 102, 253, 'W07xlO3pQr', 'w07xlo3pqr', 'Sakura-1325', 2, 250000, '2024-03-07 00:23:17', '2024-03-07 00:23:17'),
(888, 47, 253, 'G7QOk43lC2', 'g7qok43lc2', '-', 8, 175000, '2024-03-07 00:23:59', '2024-03-07 00:23:59'),
(889, 38, 254, 'fZsFkPQeft', 'fzsfkpqeft', 'Rocky', 8, 95000, '2024-03-07 00:26:15', '2024-03-07 00:26:15'),
(890, 37, 255, 'yJQP2xCjko', 'yjqp2xcjko', 'Koyo 33210', 2, 295000, '2024-03-07 00:27:25', '2024-03-07 00:27:25'),
(891, 204, 256, 'EhIfVxGc4N', 'ehifvxgc4n', '-', 1, 676500, '2024-03-11 21:47:48', '2024-03-11 21:47:48'),
(892, 203, 256, 'kBeAlh6vwB', 'kbealh6vwb', '-', 1, 521500, '2024-03-11 21:48:18', '2024-03-11 21:48:18'),
(893, 225, 256, 'v8JuR1FZM1', 'v8jur1fzm1', '-', 1, 312500, '2024-03-11 21:48:42', '2024-03-11 21:48:42'),
(894, 184, 256, 'GkoznPs7Cx', 'gkoznps7cx', '-', 1, 35000, '2024-03-11 21:49:18', '2024-03-11 21:49:18'),
(895, 175, 256, '7d4K4rFxDY', '7d4k4rfxdy', 'LH', 1, 85000, '2024-03-11 21:50:12', '2024-03-11 21:50:12'),
(896, 162, 256, 'rJm7p9i8BF', 'rjm7p9i8bf', 'jasa bongkar pasang', 2, 75000, '2024-03-11 21:50:52', '2024-03-11 21:50:52');

-- --------------------------------------------------------

--
-- Table structure for table `suppliers`
--

CREATE TABLE `suppliers` (
  `id` bigint(20) UNSIGNED NOT NULL,
  `name` varchar(255) COLLATE utf8mb4_unicode_ci NOT NULL,
  `slug` varchar(255) COLLATE utf8mb4_unicode_ci NOT NULL,
  `phone` varchar(255) COLLATE utf8mb4_unicode_ci NOT NULL,
  `email` varchar(255) COLLATE utf8mb4_unicode_ci NOT NULL,
  `address` text COLLATE utf8mb4_unicode_ci NOT NULL,
  `created_at` timestamp NULL DEFAULT NULL,
  `updated_at` timestamp NULL DEFAULT NULL
) ENGINE=InnoDB DEFAULT CHARSET=utf8mb4 COLLATE=utf8mb4_unicode_ci;

--
-- Dumping data for table `suppliers`
--

INSERT INTO `suppliers` (`id`, `name`, `slug`, `phone`, `email`, `address`, `created_at`, `updated_at`) VALUES
(1, 'BJS', 'bjs', '(021) 6596313', 'bjs@gmail.com', 'l. Taman Sari Raya No.45A, RT.12/RW.3, Taman Sari, Kec. Taman Sari, Kota Jakarta Barat, Daerah Khusus Ibukota Jakarta 11150', '2023-07-12 23:02:19', '2023-07-24 00:06:02'),
(2, 'Mitra Maju', 'mj', '0858-9287-4599', 'mj@gmail.com', 'Jl. Raya Serpong, Cilenggang, Kec. Serpong, Kota Tangerang Selatan, Banten 15311', '2023-07-12 23:02:20', '2023-07-24 00:07:50'),
(4, 'SBKK Vulkanisir', 'sbkk-vulkanisir', '021 59498560', 'sbkkvulkanin@gmail.com', 'Jln. Raya PLP Curug No.172 KM.4,5 Tangerang', '2023-07-20 21:29:57', '2023-07-20 21:29:57'),
(5, 'CDC', 'cdc', '-', 'CDC@gmail.com', '-', '2023-07-20 21:40:30', '2023-07-20 21:40:30'),
(6, 'Mitra Agung', 'mitra-agung', '(021) 5523526', 'mitraagungbangrosirban@mystrikingly.com', 'Jl. Raya Merdeka KM 1, Jl. Raya Cimone No.178, RT.002/RW.001, Cimone Jaya, Kec. Karawaci, Kota Tangerang, Banten 15114', '2023-07-20 23:45:35', '2023-07-20 23:45:35'),
(7, 'Jaya Vulkanin Serang', 'jaya-vulkanin-serang', '081297484820', 'chistiandp92@gmail.com', 'Jl. Raya Cilegon, Wanayasa, Kec. Kramatwatu, Kabupaten Serang, Banten 42616', '2023-07-23 23:33:21', '2023-07-23 23:33:21'),
(8, 'Awen Spring', 'awen-spring', '(021) 5523610', 'awenspring@gmail.com', 'Jalan Raya Daan Mogot KM.21 No.283, RT.005/RW.003, Batuceper, Kec. Batuceper, Kota Tangerang, Banten 15122', '2023-07-24 00:42:58', '2023-07-24 00:42:58'),
(9, 'CV. Tiga Bukit Mas', 'cv-tiga-bukit-mas', '081357525434', 'Tigabukitmas@gmail.com', 'Jl. Raya Korelet Ranca iyuh panongan Tangerang- Banten', '2023-07-27 00:47:23', '2023-07-27 00:47:23'),
(10, 'Sugih Raya', 'sugih-raya', '0857-1824-0168', 'Sugihraya@gmail.com', 'Jl. Profesor DR. Insinyur Soetami, Citeras, Kec. Rangkasbitung, Kabupaten Lebak, Banten 42312', '2023-07-31 00:56:00', '2023-07-31 00:56:00'),
(11, 'Lumba Lumba', 'lumba-lumba', '087888807742,081219868851', 'Lumbalumba@gmail.com', 'Jl. Raya serpong 678A, Tangerang Selatan', '2023-08-02 23:34:20', '2023-08-02 23:34:20'),
(12, 'PT Talenta Heba Parnita', 'pt-talenta-heba-parnita', '(021) 8759637', 'THP@gmail.com', 'Jl. Raya Tapos No.1, Tapos, Kec. Tapos, Kota Depok, Jawa Barat 16457', '2023-08-04 21:37:45', '2023-08-04 21:37:45'),
(14, 'CV Trimaxi Indo Makmur', 'cv-trimaxi-indo-makmur', ' (021) 6917062', 'trimaxi@gmail.com', 'Komplek Lodan Center Blok N/7, JL. Lodan Raya 2, Ancol, Pademangan, Jakarta, 14430, RT.13/RW.2, Ancol, Pademangan, North Jakarta City, Jakarta 14430', '2023-09-12 01:39:00', '2023-09-12 01:39:00'),
(15, 'Cahaya Motor Jaya', 'cahaya-motor-jaya', ' (021) 6543767', 'CMJ113@gmail.com', 'Pasar Mobil Kemayoran Blok S No. 113, Jl. Industri Raya, RW.10, Danau Sunter Dll, Kec. Pademangan, Kota Jakarta Pusat, Daerah\nDaerah Khusus Ibukota Jakarta', '2023-09-12 02:03:44', '2023-09-12 02:03:44'),
(16, 'Bintang Cikupa Battery', 'bintang-cikupa-battery', '08777797721', 'BCB@gmail.com', 'Jln. Raya Serang Km.14,2 Cikupa-Banten ( Depan PT. JAPFA COMFEED)', '2023-09-12 22:00:32', '2023-09-12 22:00:32'),
(17, 'Sinar Indri', 'sinar-indri', '081289020838', 'Sinarindri@gmail.com', 'Jln. papanggo raya-Citeras', '2023-09-14 00:27:24', '2023-09-14 00:27:24'),
(18, 'Jamblang Jaya Ban', 'jamblang-jaya-ban', '081218691363', 'BND@gmail.com', 'Jln. Raya serang/Kawidaran KM.21 Balaraja-Banten', '2023-10-13 21:29:26', '2023-10-13 21:29:26'),
(19, 'PT.SUPER VULKANIN ADIJAYA', 'ptsuper-vulkanin-adijaya', '0251 8652860,8655348', 'Vulkaninjaya@gmail.com', 'Jl. Raya Bogor Km. 52 KD Halang Bogor 16710', '2023-10-16 21:10:16', '2023-10-16 21:13:58'),
(20, 'Noor Battery 2', 'noor-battery-2', '085216106568', 'NB2@gmail.com', 'Jl. Rancaiyuh Panongan- Tangerang', '2023-10-18 20:31:41', '2023-10-20 21:37:16'),
(21, 'Syakira Battery', 'syakira-battery', '082216186008', 'SB@gmail.com', 'Jln. Bandorasa Cilimus-Kuningan', '2023-10-20 20:53:56', '2023-10-20 20:53:56'),
(22, 'Bengkel Bubut Aneka', 'bengkel-bubut-aneka', '081294838649', 'aneka_bubut@gmail.com', 'Jln. Raya Parung panjang No.6 Kp. Bungaok RT004/003', '2023-11-22 20:24:09', '2023-11-22 20:24:09'),
(23, 'New RR', 'new-rr', '085782926236', 'NewRR@gmail.com', 'Jln Raya Kopo Maja-Serang', '2024-02-28 01:48:27', '2024-02-28 01:48:27');

-- --------------------------------------------------------

--
-- Table structure for table `taggables`
--

CREATE TABLE `taggables` (
  `id` bigint(20) UNSIGNED NOT NULL,
  `tag_id` int(11) NOT NULL,
  `taggable_id` int(11) NOT NULL,
  `taggable_type` varchar(255) COLLATE utf8mb4_unicode_ci NOT NULL,
  `created_at` timestamp NULL DEFAULT NULL,
  `updated_at` timestamp NULL DEFAULT NULL
) ENGINE=InnoDB DEFAULT CHARSET=utf8mb4 COLLATE=utf8mb4_unicode_ci;

--
-- Dumping data for table `taggables`
--

INSERT INTO `taggables` (`id`, `tag_id`, `taggable_id`, `taggable_type`, `created_at`, `updated_at`) VALUES
(1, 2, 1, 'App\\Models\\Stock', NULL, NULL),
(2, 2, 2, 'App\\Models\\Stock', NULL, NULL),
(3, 2, 3, 'App\\Models\\Stock', NULL, NULL),
(4, 2, 4, 'App\\Models\\Stock', NULL, NULL),
(5, 2, 5, 'App\\Models\\Stock', NULL, NULL),
(6, 2, 6, 'App\\Models\\Stock', NULL, NULL),
(7, 2, 7, 'App\\Models\\Stock', NULL, NULL),
(8, 2, 8, 'App\\Models\\Stock', NULL, NULL),
(9, 2, 9, 'App\\Models\\Stock', NULL, NULL),
(10, 2, 10, 'App\\Models\\Stock', NULL, NULL),
(11, 2, 11, 'App\\Models\\Stock', NULL, NULL),
(12, 2, 12, 'App\\Models\\Stock', NULL, NULL),
(13, 2, 13, 'App\\Models\\Stock', NULL, NULL),
(14, 2, 15, 'App\\Models\\Stock', NULL, NULL),
(15, 2, 16, 'App\\Models\\Stock', NULL, NULL),
(16, 2, 17, 'App\\Models\\Stock', NULL, NULL),
(17, 2, 18, 'App\\Models\\Stock', NULL, NULL),
(18, 2, 19, 'App\\Models\\Stock', NULL, NULL),
(19, 2, 20, 'App\\Models\\Stock', NULL, NULL),
(20, 2, 21, 'App\\Models\\Stock', NULL, NULL),
(21, 2, 22, 'App\\Models\\Stock', NULL, NULL),
(22, 1, 23, 'App\\Models\\Stock', NULL, NULL),
(23, 1, 24, 'App\\Models\\Stock', NULL, NULL),
(24, 1, 25, 'App\\Models\\Stock', NULL, NULL),
(25, 1, 26, 'App\\Models\\Stock', NULL, NULL),
(26, 1, 27, 'App\\Models\\Stock', NULL, NULL),
(27, 1, 28, 'App\\Models\\Stock', NULL, NULL),
(28, 2, 29, 'App\\Models\\Stock', NULL, NULL),
(29, 2, 30, 'App\\Models\\Stock', NULL, NULL),
(30, 2, 31, 'App\\Models\\Stock', NULL, NULL),
(31, 2, 32, 'App\\Models\\Stock', NULL, NULL),
(32, 2, 33, 'App\\Models\\Stock', NULL, NULL),
(33, 2, 34, 'App\\Models\\Stock', NULL, NULL),
(34, 2, 35, 'App\\Models\\Stock', NULL, NULL),
(35, 2, 36, 'App\\Models\\Stock', NULL, NULL),
(36, 2, 37, 'App\\Models\\Stock', NULL, NULL),
(37, 2, 38, 'App\\Models\\Stock', NULL, NULL),
(38, 2, 39, 'App\\Models\\Stock', NULL, NULL),
(39, 2, 40, 'App\\Models\\Stock', NULL, NULL),
(40, 2, 41, 'App\\Models\\Stock', NULL, NULL),
(41, 2, 42, 'App\\Models\\Stock', NULL, NULL),
(42, 2, 43, 'App\\Models\\Stock', NULL, NULL),
(43, 2, 44, 'App\\Models\\Stock', NULL, NULL),
(44, 2, 45, 'App\\Models\\Stock', NULL, NULL),
(45, 2, 47, 'App\\Models\\Stock', NULL, NULL),
(46, 1, 48, 'App\\Models\\Stock', NULL, NULL),
(47, 2, 49, 'App\\Models\\Stock', NULL, NULL),
(48, 2, 50, 'App\\Models\\Stock', NULL, NULL),
(49, 2, 51, 'App\\Models\\Stock', NULL, NULL),
(50, 2, 52, 'App\\Models\\Stock', NULL, NULL),
(51, 2, 53, 'App\\Models\\Stock', NULL, NULL),
(52, 2, 54, 'App\\Models\\Stock', NULL, NULL),
(53, 2, 55, 'App\\Models\\Stock', NULL, NULL),
(54, 2, 56, 'App\\Models\\Stock', NULL, NULL),
(55, 2, 57, 'App\\Models\\Stock', NULL, NULL),
(56, 2, 59, 'App\\Models\\Stock', NULL, NULL),
(57, 1, 60, 'App\\Models\\Stock', NULL, NULL),
(58, 1, 61, 'App\\Models\\Stock', NULL, NULL),
(59, 1, 62, 'App\\Models\\Stock', NULL, NULL),
(60, 2, 63, 'App\\Models\\Stock', NULL, NULL),
(61, 2, 64, 'App\\Models\\Stock', NULL, NULL),
(62, 2, 65, 'App\\Models\\Stock', NULL, NULL),
(63, 2, 66, 'App\\Models\\Stock', NULL, NULL),
(64, 2, 67, 'App\\Models\\Stock', NULL, NULL),
(65, 2, 68, 'App\\Models\\Stock', NULL, NULL),
(66, 2, 69, 'App\\Models\\Stock', NULL, NULL),
(67, 2, 70, 'App\\Models\\Stock', NULL, NULL),
(68, 1, 71, 'App\\Models\\Stock', NULL, NULL),
(69, 1, 72, 'App\\Models\\Stock', NULL, NULL),
(70, 1, 73, 'App\\Models\\Stock', NULL, NULL),
(71, 2, 74, 'App\\Models\\Stock', NULL, NULL),
(72, 1, 76, 'App\\Models\\Stock', NULL, NULL),
(73, 1, 77, 'App\\Models\\Stock', NULL, NULL),
(74, 2, 78, 'App\\Models\\Stock', NULL, NULL),
(75, 2, 79, 'App\\Models\\Stock', NULL, NULL),
(76, 2, 80, 'App\\Models\\Stock', NULL, NULL),
(77, 2, 81, 'App\\Models\\Stock', NULL, NULL),
(78, 1, 82, 'App\\Models\\Stock', NULL, NULL),
(79, 2, 83, 'App\\Models\\Stock', NULL, NULL),
(80, 2, 84, 'App\\Models\\Stock', NULL, NULL),
(81, 2, 85, 'App\\Models\\Stock', NULL, NULL),
(82, 2, 86, 'App\\Models\\Stock', NULL, NULL),
(83, 2, 87, 'App\\Models\\Stock', NULL, NULL),
(84, 2, 88, 'App\\Models\\Stock', NULL, NULL),
(85, 2, 89, 'App\\Models\\Stock', NULL, NULL),
(86, 2, 90, 'App\\Models\\Stock', NULL, NULL),
(87, 2, 91, 'App\\Models\\Stock', NULL, NULL),
(88, 2, 92, 'App\\Models\\Stock', NULL, NULL),
(89, 2, 93, 'App\\Models\\Stock', NULL, NULL),
(90, 2, 94, 'App\\Models\\Stock', NULL, NULL),
(91, 2, 95, 'App\\Models\\Stock', NULL, NULL),
(92, 2, 96, 'App\\Models\\Stock', NULL, NULL),
(93, 2, 97, 'App\\Models\\Stock', NULL, NULL),
(94, 1, 98, 'App\\Models\\Stock', NULL, NULL),
(95, 1, 99, 'App\\Models\\Stock', NULL, NULL),
(96, 1, 100, 'App\\Models\\Stock', NULL, NULL),
(97, 1, 101, 'App\\Models\\Stock', NULL, NULL),
(98, 1, 102, 'App\\Models\\Stock', NULL, NULL),
(99, 1, 103, 'App\\Models\\Stock', NULL, NULL),
(100, 1, 104, 'App\\Models\\Stock', NULL, NULL),
(101, 1, 105, 'App\\Models\\Stock', NULL, NULL),
(102, 1, 106, 'App\\Models\\Stock', NULL, NULL),
(103, 1, 107, 'App\\Models\\Stock', NULL, NULL),
(104, 2, 108, 'App\\Models\\Stock', NULL, NULL),
(105, 2, 109, 'App\\Models\\Stock', NULL, NULL),
(106, 2, 110, 'App\\Models\\Stock', NULL, NULL),
(107, 2, 111, 'App\\Models\\Stock', NULL, NULL),
(108, 2, 112, 'App\\Models\\Stock', NULL, NULL),
(109, 2, 113, 'App\\Models\\Stock', NULL, NULL),
(110, 2, 114, 'App\\Models\\Stock', NULL, NULL),
(111, 2, 115, 'App\\Models\\Stock', NULL, NULL),
(112, 2, 116, 'App\\Models\\Stock', NULL, NULL),
(113, 2, 117, 'App\\Models\\Stock', NULL, NULL),
(114, 2, 118, 'App\\Models\\Stock', NULL, NULL),
(115, 2, 119, 'App\\Models\\Stock', NULL, NULL),
(116, 2, 120, 'App\\Models\\Stock', NULL, NULL),
(117, 1, 121, 'App\\Models\\Stock', NULL, NULL),
(118, 2, 122, 'App\\Models\\Stock', NULL, NULL),
(119, 2, 123, 'App\\Models\\Stock', NULL, NULL),
(120, 2, 124, 'App\\Models\\Stock', NULL, NULL),
(121, 2, 125, 'App\\Models\\Stock', NULL, NULL),
(122, 2, 126, 'App\\Models\\Stock', NULL, NULL),
(123, 2, 127, 'App\\Models\\Stock', NULL, NULL),
(124, 2, 128, 'App\\Models\\Stock', NULL, NULL),
(125, 2, 129, 'App\\Models\\Stock', NULL, NULL),
(126, 2, 130, 'App\\Models\\Stock', NULL, NULL),
(127, 2, 131, 'App\\Models\\Stock', NULL, NULL),
(128, 1, 132, 'App\\Models\\Stock', NULL, NULL),
(129, 2, 133, 'App\\Models\\Stock', NULL, NULL),
(130, 2, 134, 'App\\Models\\Stock', NULL, NULL),
(131, 2, 135, 'App\\Models\\Stock', NULL, NULL),
(132, 2, 136, 'App\\Models\\Stock', NULL, NULL),
(133, 2, 137, 'App\\Models\\Stock', NULL, NULL),
(134, 2, 138, 'App\\Models\\Stock', NULL, NULL),
(135, 2, 139, 'App\\Models\\Stock', NULL, NULL),
(136, 2, 140, 'App\\Models\\Stock', NULL, NULL),
(137, 2, 141, 'App\\Models\\Stock', NULL, NULL),
(138, 2, 142, 'App\\Models\\Stock', NULL, NULL),
(139, 2, 143, 'App\\Models\\Stock', NULL, NULL),
(140, 2, 144, 'App\\Models\\Stock', NULL, NULL),
(141, 2, 145, 'App\\Models\\Stock', NULL, NULL),
(142, 2, 146, 'App\\Models\\Stock', NULL, NULL),
(143, 2, 147, 'App\\Models\\Stock', NULL, NULL),
(144, 2, 148, 'App\\Models\\Stock', NULL, NULL),
(145, 2, 149, 'App\\Models\\Stock', NULL, NULL),
(146, 2, 150, 'App\\Models\\Stock', NULL, NULL),
(147, 2, 151, 'App\\Models\\Stock', NULL, NULL),
(148, 1, 152, 'App\\Models\\Stock', NULL, NULL),
(149, 1, 153, 'App\\Models\\Stock', NULL, NULL),
(150, 1, 154, 'App\\Models\\Stock', NULL, NULL),
(151, 1, 155, 'App\\Models\\Stock', NULL, NULL),
(152, 1, 156, 'App\\Models\\Stock', NULL, NULL),
(153, 2, 157, 'App\\Models\\Stock', NULL, NULL),
(154, 2, 158, 'App\\Models\\Stock', NULL, NULL),
(155, 2, 159, 'App\\Models\\Stock', NULL, NULL),
(156, 2, 160, 'App\\Models\\Stock', NULL, NULL),
(157, 2, 161, 'App\\Models\\Stock', NULL, NULL),
(158, 2, 162, 'App\\Models\\Stock', NULL, NULL),
(159, 2, 163, 'App\\Models\\Stock', NULL, NULL),
(160, 2, 164, 'App\\Models\\Stock', NULL, NULL),
(161, 2, 165, 'App\\Models\\Stock', NULL, NULL),
(162, 2, 166, 'App\\Models\\Stock', NULL, NULL),
(163, 2, 167, 'App\\Models\\Stock', NULL, NULL),
(164, 2, 168, 'App\\Models\\Stock', NULL, NULL),
(165, 2, 169, 'App\\Models\\Stock', NULL, NULL),
(166, 2, 170, 'App\\Models\\Stock', NULL, NULL),
(167, 2, 171, 'App\\Models\\Stock', NULL, NULL),
(168, 2, 172, 'App\\Models\\Stock', NULL, NULL),
(169, 1, 173, 'App\\Models\\Stock', NULL, NULL),
(170, 1, 174, 'App\\Models\\Stock', NULL, NULL),
(171, 1, 175, 'App\\Models\\Stock', NULL, NULL),
(172, 1, 176, 'App\\Models\\Stock', NULL, NULL),
(173, 1, 177, 'App\\Models\\Stock', NULL, NULL),
(174, 1, 178, 'App\\Models\\Stock', NULL, NULL),
(175, 1, 179, 'App\\Models\\Stock', NULL, NULL),
(176, 1, 180, 'App\\Models\\Stock', NULL, NULL),
(177, 1, 181, 'App\\Models\\Stock', NULL, NULL),
(178, 2, 182, 'App\\Models\\Stock', NULL, NULL),
(179, 2, 183, 'App\\Models\\Stock', NULL, NULL),
(180, 2, 184, 'App\\Models\\Stock', NULL, NULL),
(181, 2, 185, 'App\\Models\\Stock', NULL, NULL),
(182, 1, 186, 'App\\Models\\Stock', NULL, NULL),
(183, 2, 187, 'App\\Models\\Stock', NULL, NULL),
(184, 2, 188, 'App\\Models\\Stock', NULL, NULL),
(185, 2, 189, 'App\\Models\\Stock', NULL, NULL),
(186, 2, 190, 'App\\Models\\Stock', NULL, NULL),
(187, 2, 191, 'App\\Models\\Stock', NULL, NULL),
(188, 2, 192, 'App\\Models\\Stock', NULL, NULL),
(189, 2, 193, 'App\\Models\\Stock', NULL, NULL),
(190, 1, 194, 'App\\Models\\Stock', NULL, NULL),
(191, 1, 195, 'App\\Models\\Stock', NULL, NULL),
(192, 1, 196, 'App\\Models\\Stock', NULL, NULL),
(193, 1, 197, 'App\\Models\\Stock', NULL, NULL),
(194, 1, 198, 'App\\Models\\Stock', NULL, NULL),
(195, 2, 199, 'App\\Models\\Stock', NULL, NULL),
(196, 2, 200, 'App\\Models\\Stock', NULL, NULL),
(197, 2, 201, 'App\\Models\\Stock', NULL, NULL),
(198, 2, 202, 'App\\Models\\Stock', NULL, NULL),
(199, 2, 203, 'App\\Models\\Stock', NULL, NULL),
(200, 2, 204, 'App\\Models\\Stock', NULL, NULL),
(201, 2, 205, 'App\\Models\\Stock', NULL, NULL),
(202, 2, 206, 'App\\Models\\Stock', NULL, NULL),
(203, 2, 207, 'App\\Models\\Stock', NULL, NULL),
(204, 2, 208, 'App\\Models\\Stock', NULL, NULL),
(205, 2, 209, 'App\\Models\\Stock', NULL, NULL),
(206, 2, 210, 'App\\Models\\Stock', NULL, NULL),
(207, 2, 211, 'App\\Models\\Stock', NULL, NULL),
(208, 2, 212, 'App\\Models\\Stock', NULL, NULL),
(209, 2, 213, 'App\\Models\\Stock', NULL, NULL),
(210, 2, 214, 'App\\Models\\Stock', NULL, NULL),
(211, 2, 215, 'App\\Models\\Stock', NULL, NULL),
(212, 2, 216, 'App\\Models\\Stock', NULL, NULL),
(213, 2, 217, 'App\\Models\\Stock', NULL, NULL),
(214, 2, 218, 'App\\Models\\Stock', NULL, NULL),
(215, 2, 219, 'App\\Models\\Stock', NULL, NULL),
(216, 2, 220, 'App\\Models\\Stock', NULL, NULL),
(217, 2, 221, 'App\\Models\\Stock', NULL, NULL),
(218, 2, 222, 'App\\Models\\Stock', NULL, NULL),
(219, 2, 223, 'App\\Models\\Stock', NULL, NULL),
(220, 2, 224, 'App\\Models\\Stock', NULL, NULL),
(221, 2, 225, 'App\\Models\\Stock', NULL, NULL),
(222, 2, 226, 'App\\Models\\Stock', NULL, NULL),
(223, 2, 227, 'App\\Models\\Stock', NULL, NULL),
(224, 2, 228, 'App\\Models\\Stock', NULL, NULL),
(225, 2, 229, 'App\\Models\\Stock', NULL, NULL),
(226, 2, 230, 'App\\Models\\Stock', NULL, NULL),
(227, 2, 231, 'App\\Models\\Stock', NULL, NULL),
(228, 2, 232, 'App\\Models\\Stock', NULL, NULL),
(229, 2, 233, 'App\\Models\\Stock', NULL, NULL),
(230, 2, 234, 'App\\Models\\Stock', NULL, NULL),
(231, 2, 235, 'App\\Models\\Stock', NULL, NULL),
(232, 2, 236, 'App\\Models\\Stock', NULL, NULL),
(233, 2, 237, 'App\\Models\\Stock', NULL, NULL),
(234, 2, 238, 'App\\Models\\Stock', NULL, NULL),
(235, 2, 239, 'App\\Models\\Stock', NULL, NULL),
(236, 2, 240, 'App\\Models\\Stock', NULL, NULL),
(237, 2, 241, 'App\\Models\\Stock', NULL, NULL),
(238, 1, 242, 'App\\Models\\Stock', NULL, NULL),
(239, 2, 243, 'App\\Models\\Stock', NULL, NULL),
(240, 2, 244, 'App\\Models\\Stock', NULL, NULL),
(241, 2, 245, 'App\\Models\\Stock', NULL, NULL),
(242, 1, 246, 'App\\Models\\Stock', NULL, NULL),
(243, 1, 247, 'App\\Models\\Stock', NULL, NULL),
(244, 1, 248, 'App\\Models\\Stock', NULL, NULL),
(245, 1, 249, 'App\\Models\\Stock', NULL, NULL),
(246, 1, 250, 'App\\Models\\Stock', NULL, NULL),
(247, 1, 251, 'App\\Models\\Stock', NULL, NULL),
(248, 1, 252, 'App\\Models\\Stock', NULL, NULL),
(249, 1, 253, 'App\\Models\\Stock', NULL, NULL),
(250, 1, 254, 'App\\Models\\Stock', NULL, NULL),
(251, 2, 255, 'App\\Models\\Stock', NULL, NULL),
(252, 2, 256, 'App\\Models\\Stock', NULL, NULL),
(253, 2, 257, 'App\\Models\\Stock', NULL, NULL),
(254, 2, 258, 'App\\Models\\Stock', NULL, NULL),
(255, 2, 259, 'App\\Models\\Stock', NULL, NULL),
(256, 2, 260, 'App\\Models\\Stock', NULL, NULL),
(257, 2, 261, 'App\\Models\\Stock', NULL, NULL),
(258, 2, 262, 'App\\Models\\Stock', NULL, NULL),
(259, 2, 263, 'App\\Models\\Stock', NULL, NULL),
(260, 2, 264, 'App\\Models\\Stock', NULL, NULL),
(261, 2, 265, 'App\\Models\\Stock', NULL, NULL),
(262, 2, 266, 'App\\Models\\Stock', NULL, NULL),
(263, 2, 267, 'App\\Models\\Stock', NULL, NULL),
(264, 2, 268, 'App\\Models\\Stock', NULL, NULL),
(265, 2, 269, 'App\\Models\\Stock', NULL, NULL),
(266, 2, 270, 'App\\Models\\Stock', NULL, NULL),
(267, 2, 271, 'App\\Models\\Stock', NULL, NULL),
(268, 2, 272, 'App\\Models\\Stock', NULL, NULL),
(269, 2, 273, 'App\\Models\\Stock', NULL, NULL),
(270, 2, 274, 'App\\Models\\Stock', NULL, NULL),
(271, 2, 275, 'App\\Models\\Stock', NULL, NULL),
(272, 2, 276, 'App\\Models\\Stock', NULL, NULL),
(273, 2, 277, 'App\\Models\\Stock', NULL, NULL),
(274, 2, 278, 'App\\Models\\Stock', NULL, NULL),
(275, 2, 279, 'App\\Models\\Stock', NULL, NULL),
(276, 2, 280, 'App\\Models\\Stock', NULL, NULL),
(277, 2, 281, 'App\\Models\\Stock', NULL, NULL),
(278, 2, 282, 'App\\Models\\Stock', NULL, NULL),
(279, 2, 283, 'App\\Models\\Stock', NULL, NULL),
(280, 2, 284, 'App\\Models\\Stock', NULL, NULL),
(281, 2, 285, 'App\\Models\\Stock', NULL, NULL),
(282, 2, 286, 'App\\Models\\Stock', NULL, NULL),
(283, 2, 287, 'App\\Models\\Stock', NULL, NULL),
(284, 2, 288, 'App\\Models\\Stock', NULL, NULL),
(285, 2, 289, 'App\\Models\\Stock', NULL, NULL),
(286, 2, 290, 'App\\Models\\Stock', NULL, NULL),
(287, 2, 291, 'App\\Models\\Stock', NULL, NULL),
(288, 1, 292, 'App\\Models\\Stock', NULL, NULL),
(289, 1, 293, 'App\\Models\\Stock', NULL, NULL),
(290, 1, 294, 'App\\Models\\Stock', NULL, NULL),
(291, 1, 295, 'App\\Models\\Stock', NULL, NULL),
(292, 1, 296, 'App\\Models\\Stock', NULL, NULL),
(293, 2, 297, 'App\\Models\\Stock', NULL, NULL),
(294, 2, 298, 'App\\Models\\Stock', NULL, NULL),
(295, 1, 299, 'App\\Models\\Stock', NULL, NULL),
(296, 1, 300, 'App\\Models\\Stock', NULL, NULL),
(297, 1, 301, 'App\\Models\\Stock', NULL, NULL),
(298, 2, 302, 'App\\Models\\Stock', NULL, NULL),
(299, 2, 303, 'App\\Models\\Stock', NULL, NULL),
(300, 2, 304, 'App\\Models\\Stock', NULL, NULL),
(301, 1, 305, 'App\\Models\\Stock', NULL, NULL),
(302, 1, 306, 'App\\Models\\Stock', NULL, NULL),
(303, 1, 307, 'App\\Models\\Stock', NULL, NULL),
(304, 1, 308, 'App\\Models\\Stock', NULL, NULL),
(305, 1, 309, 'App\\Models\\Stock', NULL, NULL),
(306, 1, 310, 'App\\Models\\Stock', NULL, NULL),
(307, 1, 311, 'App\\Models\\Stock', NULL, NULL),
(308, 2, 312, 'App\\Models\\Stock', NULL, NULL),
(309, 2, 313, 'App\\Models\\Stock', NULL, NULL),
(310, 2, 314, 'App\\Models\\Stock', NULL, NULL),
(311, 2, 315, 'App\\Models\\Stock', NULL, NULL),
(312, 2, 316, 'App\\Models\\Stock', NULL, NULL),
(313, 2, 317, 'App\\Models\\Stock', NULL, NULL),
(314, 2, 318, 'App\\Models\\Stock', NULL, NULL),
(315, 2, 319, 'App\\Models\\Stock', NULL, NULL),
(316, 2, 320, 'App\\Models\\Stock', NULL, NULL),
(317, 2, 321, 'App\\Models\\Stock', NULL, NULL),
(318, 2, 322, 'App\\Models\\Stock', NULL, NULL),
(319, 2, 323, 'App\\Models\\Stock', NULL, NULL),
(320, 2, 324, 'App\\Models\\Stock', NULL, NULL),
(321, 2, 325, 'App\\Models\\Stock', NULL, NULL),
(322, 2, 326, 'App\\Models\\Stock', NULL, NULL),
(323, 2, 327, 'App\\Models\\Stock', NULL, NULL),
(324, 2, 328, 'App\\Models\\Stock', NULL, NULL),
(325, 2, 329, 'App\\Models\\Stock', NULL, NULL),
(326, 2, 330, 'App\\Models\\Stock', NULL, NULL),
(327, 2, 331, 'App\\Models\\Stock', NULL, NULL),
(328, 2, 332, 'App\\Models\\Stock', NULL, NULL),
(329, 2, 333, 'App\\Models\\Stock', NULL, NULL),
(330, 2, 334, 'App\\Models\\Stock', NULL, NULL),
(331, 2, 335, 'App\\Models\\Stock', NULL, NULL),
(332, 2, 336, 'App\\Models\\Stock', NULL, NULL),
(333, 2, 337, 'App\\Models\\Stock', NULL, NULL),
(334, 2, 338, 'App\\Models\\Stock', NULL, NULL),
(335, 2, 339, 'App\\Models\\Stock', NULL, NULL),
(336, 2, 340, 'App\\Models\\Stock', NULL, NULL),
(337, 2, 341, 'App\\Models\\Stock', NULL, NULL),
(338, 2, 342, 'App\\Models\\Stock', NULL, NULL),
(339, 2, 343, 'App\\Models\\Stock', NULL, NULL),
(340, 2, 344, 'App\\Models\\Stock', NULL, NULL),
(341, 2, 345, 'App\\Models\\Stock', NULL, NULL),
(342, 2, 346, 'App\\Models\\Stock', NULL, NULL),
(343, 1, 347, 'App\\Models\\Stock', NULL, NULL),
(344, 1, 348, 'App\\Models\\Stock', NULL, NULL),
(345, 1, 349, 'App\\Models\\Stock', NULL, NULL),
(346, 1, 350, 'App\\Models\\Stock', NULL, NULL),
(347, 1, 351, 'App\\Models\\Stock', NULL, NULL),
(348, 2, 352, 'App\\Models\\Stock', NULL, NULL),
(349, 2, 353, 'App\\Models\\Stock', NULL, NULL),
(350, 2, 354, 'App\\Models\\Stock', NULL, NULL),
(351, 1, 355, 'App\\Models\\Stock', NULL, NULL),
(352, 1, 356, 'App\\Models\\Stock', NULL, NULL),
(353, 1, 357, 'App\\Models\\Stock', NULL, NULL),
(354, 1, 358, 'App\\Models\\Stock', NULL, NULL),
(355, 1, 359, 'App\\Models\\Stock', NULL, NULL),
(356, 1, 360, 'App\\Models\\Stock', NULL, NULL),
(357, 2, 361, 'App\\Models\\Stock', NULL, NULL),
(358, 2, 362, 'App\\Models\\Stock', NULL, NULL),
(359, 2, 363, 'App\\Models\\Stock', NULL, NULL),
(360, 2, 364, 'App\\Models\\Stock', NULL, NULL),
(361, 2, 365, 'App\\Models\\Stock', NULL, NULL),
(362, 2, 366, 'App\\Models\\Stock', NULL, NULL),
(363, 2, 367, 'App\\Models\\Stock', NULL, NULL),
(364, 2, 368, 'App\\Models\\Stock', NULL, NULL),
(365, 2, 369, 'App\\Models\\Stock', NULL, NULL),
(366, 2, 370, 'App\\Models\\Stock', NULL, NULL),
(367, 2, 371, 'App\\Models\\Stock', NULL, NULL),
(368, 2, 372, 'App\\Models\\Stock', NULL, NULL),
(369, 2, 373, 'App\\Models\\Stock', NULL, NULL),
(370, 2, 374, 'App\\Models\\Stock', NULL, NULL),
(371, 2, 375, 'App\\Models\\Stock', NULL, NULL),
(372, 2, 376, 'App\\Models\\Stock', NULL, NULL),
(373, 2, 377, 'App\\Models\\Stock', NULL, NULL),
(374, 2, 378, 'App\\Models\\Stock', NULL, NULL),
(375, 2, 379, 'App\\Models\\Stock', NULL, NULL),
(376, 2, 380, 'App\\Models\\Stock', NULL, NULL),
(377, 2, 381, 'App\\Models\\Stock', NULL, NULL),
(378, 2, 382, 'App\\Models\\Stock', NULL, NULL),
(379, 2, 383, 'App\\Models\\Stock', NULL, NULL),
(380, 2, 384, 'App\\Models\\Stock', NULL, NULL),
(381, 2, 385, 'App\\Models\\Stock', NULL, NULL),
(382, 2, 386, 'App\\Models\\Stock', NULL, NULL),
(383, 2, 387, 'App\\Models\\Stock', NULL, NULL),
(384, 1, 388, 'App\\Models\\Stock', NULL, NULL),
(385, 1, 389, 'App\\Models\\Stock', NULL, NULL),
(386, 1, 390, 'App\\Models\\Stock', NULL, NULL),
(387, 1, 391, 'App\\Models\\Stock', NULL, NULL),
(388, 1, 392, 'App\\Models\\Stock', NULL, NULL),
(389, 1, 393, 'App\\Models\\Stock', NULL, NULL),
(390, 2, 394, 'App\\Models\\Stock', NULL, NULL),
(391, 2, 395, 'App\\Models\\Stock', NULL, NULL),
(392, 2, 396, 'App\\Models\\Stock', NULL, NULL),
(393, 2, 397, 'App\\Models\\Stock', NULL, NULL),
(394, 2, 398, 'App\\Models\\Stock', NULL, NULL),
(395, 2, 399, 'App\\Models\\Stock', NULL, NULL),
(396, 2, 400, 'App\\Models\\Stock', NULL, NULL),
(397, 2, 401, 'App\\Models\\Stock', NULL, NULL),
(398, 2, 402, 'App\\Models\\Stock', NULL, NULL),
(399, 2, 403, 'App\\Models\\Stock', NULL, NULL),
(400, 2, 404, 'App\\Models\\Stock', NULL, NULL),
(401, 2, 405, 'App\\Models\\Stock', NULL, NULL),
(402, 2, 406, 'App\\Models\\Stock', NULL, NULL),
(403, 2, 407, 'App\\Models\\Stock', NULL, NULL),
(404, 2, 408, 'App\\Models\\Stock', NULL, NULL),
(405, 2, 409, 'App\\Models\\Stock', NULL, NULL),
(406, 2, 410, 'App\\Models\\Stock', NULL, NULL),
(407, 2, 411, 'App\\Models\\Stock', NULL, NULL),
(408, 2, 412, 'App\\Models\\Stock', NULL, NULL),
(409, 2, 413, 'App\\Models\\Stock', NULL, NULL),
(410, 2, 414, 'App\\Models\\Stock', NULL, NULL),
(411, 2, 415, 'App\\Models\\Stock', NULL, NULL),
(412, 2, 416, 'App\\Models\\Stock', NULL, NULL),
(413, 2, 417, 'App\\Models\\Stock', NULL, NULL),
(414, 2, 418, 'App\\Models\\Stock', NULL, NULL),
(415, 2, 419, 'App\\Models\\Stock', NULL, NULL),
(416, 2, 420, 'App\\Models\\Stock', NULL, NULL),
(417, 2, 421, 'App\\Models\\Stock', NULL, NULL),
(418, 2, 422, 'App\\Models\\Stock', NULL, NULL),
(419, 2, 423, 'App\\Models\\Stock', NULL, NULL),
(420, 1, 424, 'App\\Models\\Stock', NULL, NULL),
(421, 1, 425, 'App\\Models\\Stock', NULL, NULL),
(422, 1, 426, 'App\\Models\\Stock', NULL, NULL),
(423, 2, 427, 'App\\Models\\Stock', NULL, NULL),
(424, 2, 428, 'App\\Models\\Stock', NULL, NULL),
(425, 2, 429, 'App\\Models\\Stock', NULL, NULL),
(426, 2, 430, 'App\\Models\\Stock', NULL, NULL),
(427, 2, 431, 'App\\Models\\Stock', NULL, NULL),
(428, 2, 432, 'App\\Models\\Stock', NULL, NULL),
(429, 2, 433, 'App\\Models\\Stock', NULL, NULL),
(430, 1, 434, 'App\\Models\\Stock', NULL, NULL),
(431, 1, 435, 'App\\Models\\Stock', NULL, NULL),
(432, 2, 436, 'App\\Models\\Stock', NULL, NULL),
(433, 2, 437, 'App\\Models\\Stock', NULL, NULL),
(434, 2, 438, 'App\\Models\\Stock', NULL, NULL),
(435, 2, 439, 'App\\Models\\Stock', NULL, NULL),
(436, 2, 440, 'App\\Models\\Stock', NULL, NULL),
(437, 2, 441, 'App\\Models\\Stock', NULL, NULL),
(438, 2, 442, 'App\\Models\\Stock', NULL, NULL),
(439, 2, 443, 'App\\Models\\Stock', NULL, NULL),
(440, 2, 444, 'App\\Models\\Stock', NULL, NULL),
(441, 2, 445, 'App\\Models\\Stock', NULL, NULL),
(442, 2, 446, 'App\\Models\\Stock', NULL, NULL),
(443, 2, 447, 'App\\Models\\Stock', NULL, NULL),
(444, 2, 448, 'App\\Models\\Stock', NULL, NULL),
(445, 2, 449, 'App\\Models\\Stock', NULL, NULL),
(446, 2, 450, 'App\\Models\\Stock', NULL, NULL),
(447, 2, 451, 'App\\Models\\Stock', NULL, NULL),
(448, 2, 452, 'App\\Models\\Stock', NULL, NULL),
(449, 2, 453, 'App\\Models\\Stock', NULL, NULL),
(450, 2, 454, 'App\\Models\\Stock', NULL, NULL),
(451, 2, 455, 'App\\Models\\Stock', NULL, NULL),
(452, 2, 456, 'App\\Models\\Stock', NULL, NULL),
(453, 2, 457, 'App\\Models\\Stock', NULL, NULL),
(454, 2, 458, 'App\\Models\\Stock', NULL, NULL),
(455, 2, 459, 'App\\Models\\Stock', NULL, NULL),
(456, 2, 460, 'App\\Models\\Stock', NULL, NULL),
(457, 2, 461, 'App\\Models\\Stock', NULL, NULL),
(458, 2, 462, 'App\\Models\\Stock', NULL, NULL),
(459, 2, 463, 'App\\Models\\Stock', NULL, NULL),
(460, 2, 464, 'App\\Models\\Stock', NULL, NULL),
(461, 1, 465, 'App\\Models\\Stock', NULL, NULL),
(462, 1, 466, 'App\\Models\\Stock', NULL, NULL),
(463, 2, 467, 'App\\Models\\Stock', NULL, NULL),
(464, 2, 468, 'App\\Models\\Stock', NULL, NULL),
(465, 2, 469, 'App\\Models\\Stock', NULL, NULL),
(466, 2, 470, 'App\\Models\\Stock', NULL, NULL),
(467, 1, 471, 'App\\Models\\Stock', NULL, NULL),
(468, 1, 472, 'App\\Models\\Stock', NULL, NULL),
(469, 1, 473, 'App\\Models\\Stock', NULL, NULL),
(470, 1, 474, 'App\\Models\\Stock', NULL, NULL),
(471, 1, 475, 'App\\Models\\Stock', NULL, NULL),
(472, 1, 476, 'App\\Models\\Stock', NULL, NULL),
(473, 1, 477, 'App\\Models\\Stock', NULL, NULL),
(474, 1, 478, 'App\\Models\\Stock', NULL, NULL),
(475, 1, 479, 'App\\Models\\Stock', NULL, NULL),
(476, 1, 480, 'App\\Models\\Stock', NULL, NULL),
(477, 1, 481, 'App\\Models\\Stock', NULL, NULL),
(478, 2, 482, 'App\\Models\\Stock', NULL, NULL),
(479, 2, 483, 'App\\Models\\Stock', NULL, NULL),
(480, 2, 484, 'App\\Models\\Stock', NULL, NULL),
(481, 2, 485, 'App\\Models\\Stock', NULL, NULL),
(482, 2, 486, 'App\\Models\\Stock', NULL, NULL),
(483, 2, 487, 'App\\Models\\Stock', NULL, NULL),
(484, 2, 488, 'App\\Models\\Stock', NULL, NULL),
(485, 1, 489, 'App\\Models\\Stock', NULL, NULL),
(486, 1, 490, 'App\\Models\\Stock', NULL, NULL),
(487, 1, 491, 'App\\Models\\Stock', NULL, NULL),
(488, 1, 492, 'App\\Models\\Stock', NULL, NULL),
(489, 1, 493, 'App\\Models\\Stock', NULL, NULL),
(490, 1, 494, 'App\\Models\\Stock', NULL, NULL),
(491, 1, 495, 'App\\Models\\Stock', NULL, NULL),
(492, 2, 496, 'App\\Models\\Stock', NULL, NULL),
(493, 2, 497, 'App\\Models\\Stock', NULL, NULL),
(494, 2, 498, 'App\\Models\\Stock', NULL, NULL),
(495, 2, 499, 'App\\Models\\Stock', NULL, NULL),
(496, 2, 500, 'App\\Models\\Stock', NULL, NULL),
(497, 2, 501, 'App\\Models\\Stock', NULL, NULL),
(498, 2, 502, 'App\\Models\\Stock', NULL, NULL),
(499, 2, 503, 'App\\Models\\Stock', NULL, NULL),
(500, 2, 504, 'App\\Models\\Stock', NULL, NULL),
(501, 2, 505, 'App\\Models\\Stock', NULL, NULL),
(502, 2, 506, 'App\\Models\\Stock', NULL, NULL),
(503, 2, 507, 'App\\Models\\Stock', NULL, NULL),
(504, 2, 508, 'App\\Models\\Stock', NULL, NULL),
(505, 2, 509, 'App\\Models\\Stock', NULL, NULL),
(506, 2, 510, 'App\\Models\\Stock', NULL, NULL),
(507, 2, 511, 'App\\Models\\Stock', NULL, NULL),
(508, 2, 512, 'App\\Models\\Stock', NULL, NULL),
(509, 2, 513, 'App\\Models\\Stock', NULL, NULL),
(510, 2, 514, 'App\\Models\\Stock', NULL, NULL),
(511, 2, 515, 'App\\Models\\Stock', NULL, NULL),
(512, 2, 516, 'App\\Models\\Stock', NULL, NULL),
(513, 2, 517, 'App\\Models\\Stock', NULL, NULL),
(514, 2, 518, 'App\\Models\\Stock', NULL, NULL),
(515, 2, 519, 'App\\Models\\Stock', NULL, NULL),
(516, 2, 520, 'App\\Models\\Stock', NULL, NULL),
(517, 2, 521, 'App\\Models\\Stock', NULL, NULL),
(518, 2, 522, 'App\\Models\\Stock', NULL, NULL),
(519, 2, 523, 'App\\Models\\Stock', NULL, NULL),
(520, 2, 524, 'App\\Models\\Stock', NULL, NULL),
(521, 1, 525, 'App\\Models\\Stock', NULL, NULL),
(522, 1, 526, 'App\\Models\\Stock', NULL, NULL),
(523, 1, 527, 'App\\Models\\Stock', NULL, NULL),
(524, 1, 528, 'App\\Models\\Stock', NULL, NULL),
(525, 1, 529, 'App\\Models\\Stock', NULL, NULL),
(526, 1, 530, 'App\\Models\\Stock', NULL, NULL),
(527, 1, 531, 'App\\Models\\Stock', NULL, NULL),
(528, 2, 532, 'App\\Models\\Stock', NULL, NULL),
(529, 2, 533, 'App\\Models\\Stock', NULL, NULL),
(530, 2, 534, 'App\\Models\\Stock', NULL, NULL),
(531, 2, 535, 'App\\Models\\Stock', NULL, NULL),
(532, 2, 536, 'App\\Models\\Stock', NULL, NULL),
(533, 2, 537, 'App\\Models\\Stock', NULL, NULL),
(534, 2, 538, 'App\\Models\\Stock', NULL, NULL),
(535, 2, 539, 'App\\Models\\Stock', NULL, NULL),
(536, 2, 540, 'App\\Models\\Stock', NULL, NULL),
(537, 2, 541, 'App\\Models\\Stock', NULL, NULL),
(538, 2, 542, 'App\\Models\\Stock', NULL, NULL),
(539, 2, 543, 'App\\Models\\Stock', NULL, NULL),
(540, 2, 544, 'App\\Models\\Stock', NULL, NULL),
(541, 2, 545, 'App\\Models\\Stock', NULL, NULL),
(542, 2, 546, 'App\\Models\\Stock', NULL, NULL),
(543, 2, 547, 'App\\Models\\Stock', NULL, NULL),
(544, 2, 548, 'App\\Models\\Stock', NULL, NULL),
(545, 2, 549, 'App\\Models\\Stock', NULL, NULL),
(546, 2, 550, 'App\\Models\\Stock', NULL, NULL),
(547, 2, 551, 'App\\Models\\Stock', NULL, NULL),
(548, 1, 552, 'App\\Models\\Stock', NULL, NULL),
(549, 1, 553, 'App\\Models\\Stock', NULL, NULL),
(550, 1, 554, 'App\\Models\\Stock', NULL, NULL),
(551, 1, 555, 'App\\Models\\Stock', NULL, NULL),
(552, 1, 556, 'App\\Models\\Stock', NULL, NULL),
(553, 1, 557, 'App\\Models\\Stock', NULL, NULL),
(554, 2, 558, 'App\\Models\\Stock', NULL, NULL),
(555, 2, 559, 'App\\Models\\Stock', NULL, NULL),
(556, 2, 560, 'App\\Models\\Stock', NULL, NULL),
(557, 2, 561, 'App\\Models\\Stock', NULL, NULL),
(558, 2, 562, 'App\\Models\\Stock', NULL, NULL),
(559, 2, 563, 'App\\Models\\Stock', NULL, NULL),
(560, 2, 564, 'App\\Models\\Stock', NULL, NULL),
(561, 2, 565, 'App\\Models\\Stock', NULL, NULL),
(562, 2, 566, 'App\\Models\\Stock', NULL, NULL),
(563, 2, 567, 'App\\Models\\Stock', NULL, NULL),
(564, 2, 568, 'App\\Models\\Stock', NULL, NULL),
(565, 2, 569, 'App\\Models\\Stock', NULL, NULL),
(566, 2, 570, 'App\\Models\\Stock', NULL, NULL),
(567, 2, 571, 'App\\Models\\Stock', NULL, NULL),
(568, 2, 572, 'App\\Models\\Stock', NULL, NULL),
(569, 2, 573, 'App\\Models\\Stock', NULL, NULL),
(570, 2, 574, 'App\\Models\\Stock', NULL, NULL),
(571, 2, 575, 'App\\Models\\Stock', NULL, NULL),
(572, 1, 576, 'App\\Models\\Stock', NULL, NULL),
(573, 1, 577, 'App\\Models\\Stock', NULL, NULL),
(574, 1, 578, 'App\\Models\\Stock', NULL, NULL),
(575, 1, 579, 'App\\Models\\Stock', NULL, NULL),
(576, 1, 580, 'App\\Models\\Stock', NULL, NULL),
(577, 1, 581, 'App\\Models\\Stock', NULL, NULL),
(578, 1, 582, 'App\\Models\\Stock', NULL, NULL),
(579, 1, 583, 'App\\Models\\Stock', NULL, NULL),
(580, 1, 584, 'App\\Models\\Stock', NULL, NULL),
(581, 1, 585, 'App\\Models\\Stock', NULL, NULL),
(582, 1, 586, 'App\\Models\\Stock', NULL, NULL),
(583, 1, 587, 'App\\Models\\Stock', NULL, NULL),
(584, 1, 588, 'App\\Models\\Stock', NULL, NULL),
(585, 1, 589, 'App\\Models\\Stock', NULL, NULL),
(586, 2, 590, 'App\\Models\\Stock', NULL, NULL),
(587, 2, 591, 'App\\Models\\Stock', NULL, NULL),
(588, 2, 592, 'App\\Models\\Stock', NULL, NULL),
(589, 2, 593, 'App\\Models\\Stock', NULL, NULL),
(590, 2, 594, 'App\\Models\\Stock', NULL, NULL),
(591, 2, 595, 'App\\Models\\Stock', NULL, NULL),
(592, 1, 596, 'App\\Models\\Stock', NULL, NULL),
(593, 1, 597, 'App\\Models\\Stock', NULL, NULL),
(594, 1, 598, 'App\\Models\\Stock', NULL, NULL),
(595, 1, 599, 'App\\Models\\Stock', NULL, NULL),
(596, 1, 600, 'App\\Models\\Stock', NULL, NULL),
(597, 1, 601, 'App\\Models\\Stock', NULL, NULL),
(598, 1, 602, 'App\\Models\\Stock', NULL, NULL),
(599, 1, 603, 'App\\Models\\Stock', NULL, NULL),
(600, 2, 604, 'App\\Models\\Stock', NULL, NULL),
(601, 2, 605, 'App\\Models\\Stock', NULL, NULL),
(602, 2, 606, 'App\\Models\\Stock', NULL, NULL),
(603, 2, 607, 'App\\Models\\Stock', NULL, NULL),
(604, 2, 608, 'App\\Models\\Stock', NULL, NULL),
(605, 2, 609, 'App\\Models\\Stock', NULL, NULL),
(606, 2, 610, 'App\\Models\\Stock', NULL, NULL),
(607, 2, 611, 'App\\Models\\Stock', NULL, NULL),
(608, 2, 612, 'App\\Models\\Stock', NULL, NULL),
(609, 2, 613, 'App\\Models\\Stock', NULL, NULL),
(610, 2, 614, 'App\\Models\\Stock', NULL, NULL),
(611, 2, 615, 'App\\Models\\Stock', NULL, NULL),
(612, 2, 616, 'App\\Models\\Stock', NULL, NULL),
(613, 2, 617, 'App\\Models\\Stock', NULL, NULL),
(614, 2, 618, 'App\\Models\\Stock', NULL, NULL),
(615, 2, 619, 'App\\Models\\Stock', NULL, NULL),
(616, 2, 620, 'App\\Models\\Stock', NULL, NULL),
(617, 2, 621, 'App\\Models\\Stock', NULL, NULL),
(618, 2, 622, 'App\\Models\\Stock', NULL, NULL),
(619, 2, 623, 'App\\Models\\Stock', NULL, NULL),
(620, 2, 624, 'App\\Models\\Stock', NULL, NULL),
(621, 2, 625, 'App\\Models\\Stock', NULL, NULL),
(622, 2, 626, 'App\\Models\\Stock', NULL, NULL),
(623, 2, 627, 'App\\Models\\Stock', NULL, NULL),
(624, 2, 628, 'App\\Models\\Stock', NULL, NULL),
(625, 2, 629, 'App\\Models\\Stock', NULL, NULL),
(626, 2, 630, 'App\\Models\\Stock', NULL, NULL),
(627, 2, 631, 'App\\Models\\Stock', NULL, NULL),
(628, 2, 632, 'App\\Models\\Stock', NULL, NULL),
(629, 2, 633, 'App\\Models\\Stock', NULL, NULL),
(630, 1, 634, 'App\\Models\\Stock', NULL, NULL),
(631, 1, 635, 'App\\Models\\Stock', NULL, NULL),
(632, 1, 636, 'App\\Models\\Stock', NULL, NULL),
(633, 1, 637, 'App\\Models\\Stock', NULL, NULL),
(634, 1, 638, 'App\\Models\\Stock', NULL, NULL),
(635, 1, 639, 'App\\Models\\Stock', NULL, NULL),
(636, 2, 640, 'App\\Models\\Stock', NULL, NULL),
(637, 2, 641, 'App\\Models\\Stock', NULL, NULL),
(638, 2, 642, 'App\\Models\\Stock', NULL, NULL),
(639, 2, 643, 'App\\Models\\Stock', NULL, NULL),
(640, 2, 644, 'App\\Models\\Stock', NULL, NULL),
(641, 2, 645, 'App\\Models\\Stock', NULL, NULL),
(642, 2, 646, 'App\\Models\\Stock', NULL, NULL),
(643, 2, 647, 'App\\Models\\Stock', NULL, NULL),
(644, 2, 648, 'App\\Models\\Stock', NULL, NULL),
(645, 2, 649, 'App\\Models\\Stock', NULL, NULL),
(646, 2, 650, 'App\\Models\\Stock', NULL, NULL),
(647, 2, 651, 'App\\Models\\Stock', NULL, NULL),
(648, 1, 652, 'App\\Models\\Stock', NULL, NULL),
(649, 1, 653, 'App\\Models\\Stock', NULL, NULL),
(650, 1, 654, 'App\\Models\\Stock', NULL, NULL),
(651, 1, 655, 'App\\Models\\Stock', NULL, NULL),
(652, 1, 656, 'App\\Models\\Stock', NULL, NULL),
(653, 1, 657, 'App\\Models\\Stock', NULL, NULL),
(654, 1, 658, 'App\\Models\\Stock', NULL, NULL),
(655, 2, 659, 'App\\Models\\Stock', NULL, NULL),
(656, 2, 660, 'App\\Models\\Stock', NULL, NULL),
(657, 2, 661, 'App\\Models\\Stock', NULL, NULL),
(658, 2, 662, 'App\\Models\\Stock', NULL, NULL),
(659, 2, 663, 'App\\Models\\Stock', NULL, NULL),
(660, 2, 664, 'App\\Models\\Stock', NULL, NULL),
(661, 2, 665, 'App\\Models\\Stock', NULL, NULL),
(662, 2, 666, 'App\\Models\\Stock', NULL, NULL),
(663, 2, 667, 'App\\Models\\Stock', NULL, NULL),
(664, 2, 668, 'App\\Models\\Stock', NULL, NULL),
(665, 2, 669, 'App\\Models\\Stock', NULL, NULL),
(666, 2, 670, 'App\\Models\\Stock', NULL, NULL),
(667, 2, 671, 'App\\Models\\Stock', NULL, NULL),
(668, 2, 672, 'App\\Models\\Stock', NULL, NULL),
(669, 2, 673, 'App\\Models\\Stock', NULL, NULL),
(670, 2, 674, 'App\\Models\\Stock', NULL, NULL),
(671, 2, 675, 'App\\Models\\Stock', NULL, NULL),
(672, 2, 676, 'App\\Models\\Stock', NULL, NULL),
(673, 2, 677, 'App\\Models\\Stock', NULL, NULL),
(674, 1, 678, 'App\\Models\\Stock', NULL, NULL),
(675, 1, 679, 'App\\Models\\Stock', NULL, NULL),
(676, 1, 680, 'App\\Models\\Stock', NULL, NULL),
(677, 2, 681, 'App\\Models\\Stock', NULL, NULL),
(678, 2, 682, 'App\\Models\\Stock', NULL, NULL),
(679, 2, 683, 'App\\Models\\Stock', NULL, NULL),
(680, 2, 684, 'App\\Models\\Stock', NULL, NULL),
(681, 2, 685, 'App\\Models\\Stock', NULL, NULL),
(682, 2, 686, 'App\\Models\\Stock', NULL, NULL),
(683, 2, 687, 'App\\Models\\Stock', NULL, NULL),
(684, 2, 688, 'App\\Models\\Stock', NULL, NULL),
(685, 2, 689, 'App\\Models\\Stock', NULL, NULL),
(686, 1, 690, 'App\\Models\\Stock', NULL, NULL),
(687, 2, 691, 'App\\Models\\Stock', NULL, NULL),
(688, 2, 692, 'App\\Models\\Stock', NULL, NULL),
(689, 2, 693, 'App\\Models\\Stock', NULL, NULL),
(690, 2, 694, 'App\\Models\\Stock', NULL, NULL),
(691, 2, 695, 'App\\Models\\Stock', NULL, NULL),
(692, 2, 696, 'App\\Models\\Stock', NULL, NULL),
(693, 2, 697, 'App\\Models\\Stock', NULL, NULL),
(694, 2, 698, 'App\\Models\\Stock', NULL, NULL),
(695, 2, 699, 'App\\Models\\Stock', NULL, NULL),
(696, 2, 700, 'App\\Models\\Stock', NULL, NULL),
(697, 2, 701, 'App\\Models\\Stock', NULL, NULL),
(698, 2, 702, 'App\\Models\\Stock', NULL, NULL),
(699, 2, 703, 'App\\Models\\Stock', NULL, NULL),
(700, 2, 704, 'App\\Models\\Stock', NULL, NULL),
(701, 2, 705, 'App\\Models\\Stock', NULL, NULL),
(702, 2, 706, 'App\\Models\\Stock', NULL, NULL),
(703, 2, 707, 'App\\Models\\Stock', NULL, NULL),
(704, 2, 708, 'App\\Models\\Stock', NULL, NULL),
(705, 2, 709, 'App\\Models\\Stock', NULL, NULL),
(706, 2, 710, 'App\\Models\\Stock', NULL, NULL),
(707, 2, 711, 'App\\Models\\Stock', NULL, NULL),
(708, 1, 712, 'App\\Models\\Stock', NULL, NULL),
(709, 1, 713, 'App\\Models\\Stock', NULL, NULL),
(710, 1, 714, 'App\\Models\\Stock', NULL, NULL),
(711, 1, 715, 'App\\Models\\Stock', NULL, NULL),
(712, 2, 716, 'App\\Models\\Stock', NULL, NULL),
(713, 2, 717, 'App\\Models\\Stock', NULL, NULL),
(714, 2, 718, 'App\\Models\\Stock', NULL, NULL),
(715, 2, 719, 'App\\Models\\Stock', NULL, NULL),
(716, 2, 720, 'App\\Models\\Stock', NULL, NULL),
(717, 2, 721, 'App\\Models\\Stock', NULL, NULL),
(718, 1, 722, 'App\\Models\\Stock', NULL, NULL),
(719, 1, 723, 'App\\Models\\Stock', NULL, NULL),
(720, 1, 724, 'App\\Models\\Stock', NULL, NULL),
(721, 1, 725, 'App\\Models\\Stock', NULL, NULL),
(722, 1, 726, 'App\\Models\\Stock', NULL, NULL),
(723, 1, 727, 'App\\Models\\Stock', NULL, NULL),
(724, 1, 728, 'App\\Models\\Stock', NULL, NULL),
(725, 1, 729, 'App\\Models\\Stock', NULL, NULL),
(726, 1, 730, 'App\\Models\\Stock', NULL, NULL),
(727, 1, 731, 'App\\Models\\Stock', NULL, NULL),
(728, 1, 732, 'App\\Models\\Stock', NULL, NULL),
(729, 1, 733, 'App\\Models\\Stock', NULL, NULL),
(730, 2, 734, 'App\\Models\\Stock', NULL, NULL),
(731, 1, 735, 'App\\Models\\Stock', NULL, NULL),
(732, 2, 736, 'App\\Models\\Stock', NULL, NULL),
(733, 2, 737, 'App\\Models\\Stock', NULL, NULL),
(734, 2, 738, 'App\\Models\\Stock', NULL, NULL),
(735, 2, 739, 'App\\Models\\Stock', NULL, NULL),
(736, 2, 740, 'App\\Models\\Stock', NULL, NULL),
(737, 2, 741, 'App\\Models\\Stock', NULL, NULL),
(738, 1, 742, 'App\\Models\\Stock', NULL, NULL),
(739, 1, 743, 'App\\Models\\Stock', NULL, NULL),
(740, 1, 744, 'App\\Models\\Stock', NULL, NULL),
(741, 2, 745, 'App\\Models\\Stock', NULL, NULL),
(742, 2, 746, 'App\\Models\\Stock', NULL, NULL),
(743, 2, 747, 'App\\Models\\Stock', NULL, NULL),
(744, 2, 748, 'App\\Models\\Stock', NULL, NULL),
(745, 2, 749, 'App\\Models\\Stock', NULL, NULL),
(746, 2, 750, 'App\\Models\\Stock', NULL, NULL),
(747, 2, 751, 'App\\Models\\Stock', NULL, NULL),
(748, 2, 752, 'App\\Models\\Stock', NULL, NULL),
(749, 2, 753, 'App\\Models\\Stock', NULL, NULL),
(750, 2, 754, 'App\\Models\\Stock', NULL, NULL),
(751, 2, 755, 'App\\Models\\Stock', NULL, NULL),
(752, 2, 756, 'App\\Models\\Stock', NULL, NULL),
(753, 2, 757, 'App\\Models\\Stock', NULL, NULL),
(754, 2, 758, 'App\\Models\\Stock', NULL, NULL),
(755, 2, 759, 'App\\Models\\Stock', NULL, NULL),
(756, 2, 760, 'App\\Models\\Stock', NULL, NULL),
(757, 2, 761, 'App\\Models\\Stock', NULL, NULL),
(758, 1, 762, 'App\\Models\\Stock', NULL, NULL),
(759, 1, 763, 'App\\Models\\Stock', NULL, NULL),
(760, 1, 764, 'App\\Models\\Stock', NULL, NULL),
(761, 1, 765, 'App\\Models\\Stock', NULL, NULL),
(762, 2, 766, 'App\\Models\\Stock', NULL, NULL),
(763, 2, 767, 'App\\Models\\Stock', NULL, NULL),
(764, 2, 768, 'App\\Models\\Stock', NULL, NULL),
(765, 2, 769, 'App\\Models\\Stock', NULL, NULL),
(766, 2, 770, 'App\\Models\\Stock', NULL, NULL),
(767, 2, 771, 'App\\Models\\Stock', NULL, NULL),
(768, 2, 772, 'App\\Models\\Stock', NULL, NULL),
(769, 2, 773, 'App\\Models\\Stock', NULL, NULL),
(770, 2, 774, 'App\\Models\\Stock', NULL, NULL),
(771, 1, 775, 'App\\Models\\Stock', NULL, NULL),
(772, 2, 776, 'App\\Models\\Stock', NULL, NULL),
(773, 1, 777, 'App\\Models\\Stock', NULL, NULL),
(774, 1, 778, 'App\\Models\\Stock', NULL, NULL),
(775, 1, 779, 'App\\Models\\Stock', NULL, NULL),
(776, 1, 780, 'App\\Models\\Stock', NULL, NULL),
(777, 1, 781, 'App\\Models\\Stock', NULL, NULL),
(778, 2, 782, 'App\\Models\\Stock', NULL, NULL),
(779, 2, 783, 'App\\Models\\Stock', NULL, NULL),
(780, 2, 784, 'App\\Models\\Stock', NULL, NULL),
(781, 2, 785, 'App\\Models\\Stock', NULL, NULL),
(782, 2, 786, 'App\\Models\\Stock', NULL, NULL),
(783, 2, 787, 'App\\Models\\Stock', NULL, NULL),
(784, 2, 788, 'App\\Models\\Stock', NULL, NULL),
(785, 2, 789, 'App\\Models\\Stock', NULL, NULL),
(786, 2, 790, 'App\\Models\\Stock', NULL, NULL),
(787, 2, 791, 'App\\Models\\Stock', NULL, NULL),
(788, 2, 792, 'App\\Models\\Stock', NULL, NULL),
(789, 2, 793, 'App\\Models\\Stock', NULL, NULL),
(790, 2, 794, 'App\\Models\\Stock', NULL, NULL),
(791, 2, 795, 'App\\Models\\Stock', NULL, NULL),
(792, 2, 796, 'App\\Models\\Stock', NULL, NULL),
(793, 2, 797, 'App\\Models\\Stock', NULL, NULL),
(794, 2, 798, 'App\\Models\\Stock', NULL, NULL),
(795, 2, 799, 'App\\Models\\Stock', NULL, NULL),
(796, 2, 800, 'App\\Models\\Stock', NULL, NULL),
(797, 2, 801, 'App\\Models\\Stock', NULL, NULL),
(798, 2, 802, 'App\\Models\\Stock', NULL, NULL),
(799, 2, 803, 'App\\Models\\Stock', NULL, NULL),
(800, 2, 804, 'App\\Models\\Stock', NULL, NULL),
(801, 2, 805, 'App\\Models\\Stock', NULL, NULL),
(802, 2, 806, 'App\\Models\\Stock', NULL, NULL),
(803, 2, 807, 'App\\Models\\Stock', NULL, NULL),
(804, 2, 808, 'App\\Models\\Stock', NULL, NULL),
(805, 2, 809, 'App\\Models\\Stock', NULL, NULL),
(806, 2, 810, 'App\\Models\\Stock', NULL, NULL),
(807, 2, 811, 'App\\Models\\Stock', NULL, NULL),
(808, 2, 812, 'App\\Models\\Stock', NULL, NULL),
(809, 2, 813, 'App\\Models\\Stock', NULL, NULL),
(810, 2, 814, 'App\\Models\\Stock', NULL, NULL),
(811, 2, 815, 'App\\Models\\Stock', NULL, NULL),
(812, 2, 816, 'App\\Models\\Stock', NULL, NULL),
(813, 1, 817, 'App\\Models\\Stock', NULL, NULL),
(814, 1, 818, 'App\\Models\\Stock', NULL, NULL),
(815, 1, 819, 'App\\Models\\Stock', NULL, NULL),
(816, 1, 820, 'App\\Models\\Stock', NULL, NULL),
(817, 1, 821, 'App\\Models\\Stock', NULL, NULL),
(818, 1, 822, 'App\\Models\\Stock', NULL, NULL),
(819, 1, 823, 'App\\Models\\Stock', NULL, NULL),
(820, 1, 824, 'App\\Models\\Stock', NULL, NULL),
(821, 2, 825, 'App\\Models\\Stock', NULL, NULL),
(822, 2, 826, 'App\\Models\\Stock', NULL, NULL),
(823, 2, 827, 'App\\Models\\Stock', NULL, NULL),
(824, 2, 828, 'App\\Models\\Stock', NULL, NULL),
(825, 2, 829, 'App\\Models\\Stock', NULL, NULL),
(826, 2, 830, 'App\\Models\\Stock', NULL, NULL),
(827, 2, 831, 'App\\Models\\Stock', NULL, NULL),
(828, 2, 832, 'App\\Models\\Stock', NULL, NULL),
(829, 2, 833, 'App\\Models\\Stock', NULL, NULL),
(830, 1, 834, 'App\\Models\\Stock', NULL, NULL),
(831, 1, 835, 'App\\Models\\Stock', NULL, NULL),
(832, 1, 836, 'App\\Models\\Stock', NULL, NULL),
(833, 2, 837, 'App\\Models\\Stock', NULL, NULL),
(834, 2, 838, 'App\\Models\\Stock', NULL, NULL),
(835, 2, 839, 'App\\Models\\Stock', NULL, NULL),
(836, 2, 840, 'App\\Models\\Stock', NULL, NULL),
(837, 2, 841, 'App\\Models\\Stock', NULL, NULL),
(838, 2, 842, 'App\\Models\\Stock', NULL, NULL),
(839, 2, 843, 'App\\Models\\Stock', NULL, NULL),
(840, 2, 844, 'App\\Models\\Stock', NULL, NULL),
(841, 2, 845, 'App\\Models\\Stock', NULL, NULL),
(842, 2, 846, 'App\\Models\\Stock', NULL, NULL),
(843, 2, 847, 'App\\Models\\Stock', NULL, NULL),
(844, 2, 848, 'App\\Models\\Stock', NULL, NULL),
(845, 2, 849, 'App\\Models\\Stock', NULL, NULL),
(846, 2, 850, 'App\\Models\\Stock', NULL, NULL),
(847, 1, 851, 'App\\Models\\Stock', NULL, NULL),
(848, 1, 852, 'App\\Models\\Stock', NULL, NULL),
(849, 2, 853, 'App\\Models\\Stock', NULL, NULL),
(850, 2, 854, 'App\\Models\\Stock', NULL, NULL),
(851, 2, 855, 'App\\Models\\Stock', NULL, NULL),
(852, 2, 856, 'App\\Models\\Stock', NULL, NULL),
(853, 2, 857, 'App\\Models\\Stock', NULL, NULL),
(854, 2, 858, 'App\\Models\\Stock', NULL, NULL),
(855, 2, 859, 'App\\Models\\Stock', NULL, NULL),
(856, 1, 860, 'App\\Models\\Stock', NULL, NULL),
(857, 1, 861, 'App\\Models\\Stock', NULL, NULL),
(858, 1, 862, 'App\\Models\\Stock', NULL, NULL),
(859, 1, 863, 'App\\Models\\Stock', NULL, NULL),
(860, 1, 864, 'App\\Models\\Stock', NULL, NULL),
(861, 2, 865, 'App\\Models\\Stock', NULL, NULL),
(862, 2, 866, 'App\\Models\\Stock', NULL, NULL),
(863, 2, 867, 'App\\Models\\Stock', NULL, NULL),
(864, 2, 868, 'App\\Models\\Stock', NULL, NULL),
(865, 2, 869, 'App\\Models\\Stock', NULL, NULL),
(866, 2, 870, 'App\\Models\\Stock', NULL, NULL),
(867, 2, 871, 'App\\Models\\Stock', NULL, NULL),
(868, 2, 872, 'App\\Models\\Stock', NULL, NULL),
(869, 2, 873, 'App\\Models\\Stock', NULL, NULL),
(870, 2, 874, 'App\\Models\\Stock', NULL, NULL),
(871, 2, 875, 'App\\Models\\Stock', NULL, NULL),
(872, 2, 876, 'App\\Models\\Stock', NULL, NULL),
(873, 2, 877, 'App\\Models\\Stock', NULL, NULL),
(874, 2, 878, 'App\\Models\\Stock', NULL, NULL),
(875, 2, 879, 'App\\Models\\Stock', NULL, NULL),
(876, 2, 880, 'App\\Models\\Stock', NULL, NULL),
(877, 2, 881, 'App\\Models\\Stock', NULL, NULL),
(878, 2, 882, 'App\\Models\\Stock', NULL, NULL),
(879, 2, 883, 'App\\Models\\Stock', NULL, NULL),
(880, 2, 884, 'App\\Models\\Stock', NULL, NULL),
(881, 2, 885, 'App\\Models\\Stock', NULL, NULL),
(882, 2, 886, 'App\\Models\\Stock', NULL, NULL),
(883, 2, 887, 'App\\Models\\Stock', NULL, NULL),
(884, 2, 888, 'App\\Models\\Stock', NULL, NULL),
(885, 2, 889, 'App\\Models\\Stock', NULL, NULL),
(886, 2, 890, 'App\\Models\\Stock', NULL, NULL),
(887, 2, 891, 'App\\Models\\Stock', NULL, NULL),
(888, 2, 892, 'App\\Models\\Stock', NULL, NULL),
(889, 2, 893, 'App\\Models\\Stock', NULL, NULL),
(890, 2, 894, 'App\\Models\\Stock', NULL, NULL),
(891, 2, 895, 'App\\Models\\Stock', NULL, NULL),
(892, 2, 896, 'App\\Models\\Stock', NULL, NULL);

-- --------------------------------------------------------

--
-- Table structure for table `tags`
--

CREATE TABLE `tags` (
  `id` bigint(20) UNSIGNED NOT NULL,
  `name` varchar(255) COLLATE utf8mb4_unicode_ci NOT NULL,
  `created_at` timestamp NULL DEFAULT NULL,
  `updated_at` timestamp NULL DEFAULT NULL
) ENGINE=InnoDB DEFAULT CHARSET=utf8mb4 COLLATE=utf8mb4_unicode_ci;

--
-- Dumping data for table `tags`
--

INSERT INTO `tags` (`id`, `name`, `created_at`, `updated_at`) VALUES
(1, 'SPL', '2023-07-12 23:02:22', '2023-07-12 23:02:22'),
(2, 'gcg', '2023-07-12 23:02:22', '2023-07-12 23:02:22');

-- --------------------------------------------------------

--
-- Table structure for table `types`
--

CREATE TABLE `types` (
  `id` bigint(20) UNSIGNED NOT NULL,
  `brand_id` bigint(20) UNSIGNED NOT NULL,
  `category_unit_id` bigint(20) UNSIGNED NOT NULL,
  `name` varchar(255) COLLATE utf8mb4_unicode_ci NOT NULL,
  `slug` varchar(255) COLLATE utf8mb4_unicode_ci NOT NULL,
  `description` text COLLATE utf8mb4_unicode_ci NOT NULL,
  `created_at` timestamp NULL DEFAULT NULL,
  `updated_at` timestamp NULL DEFAULT NULL
) ENGINE=InnoDB DEFAULT CHARSET=utf8mb4 COLLATE=utf8mb4_unicode_ci;

--
-- Dumping data for table `types`
--

INSERT INTO `types` (`id`, `brand_id`, `category_unit_id`, `name`, `slug`, `description`, `created_at`, `updated_at`) VALUES
(1, 1, 2, 'Dutro 110 HD', 'dutro-110-hd', 'Lorem ipsum dolor sit amet consectetur adipisicing elit. Odio laudantium earum, labore fuga consequuntur praesentium.', '2023-07-12 23:02:21', '2023-07-12 23:02:21'),
(2, 1, 2, 'Dutro 130 HD', 'dutro-130-hd', 'Lorem ipsum dolor sit amet consectetur adipisicing elit. Odio laudantium earum, labore fuga consequuntur praesentium.', '2023-07-12 23:02:21', '2023-07-12 23:02:21'),
(3, 1, 4, 'Ranger 250', 'ranger-250-l', 'Lorem ipsum dolor sit amet consectetur adipisicing elit. Odio laudantium earum, labore fuga consequuntur praesentium.', '2023-07-12 23:02:21', '2023-07-12 23:02:21'),
(4, 2, 2, 'Canter Super Speed 110', 'canter-super-speed-110', 'Lorem ipsum dolor sit amet consectetur adipisicing elit. Odio laudantium earum, labore fuga consequuntur praesentium.', '2023-07-12 23:02:21', '2023-07-12 23:02:21'),
(5, 2, 2, 'Canter Super Speed 130', 'canter-super-speed-130', 'Lorem ipsum dolor sit amet consectetur adipisicing elit. Odio laudantium earum, labore fuga consequuntur praesentium.', '2023-07-12 23:02:22', '2023-07-12 23:02:22'),
(6, 2, 4, 'Fuso', 'fuso', 'Lorem ipsum dolor sit amet consectetur adipisicing elit. Odio laudantium earum, labore fuga consequuntur praesentium.', '2023-07-12 23:02:22', '2023-07-12 23:02:22'),
(7, 3, 2, 'Dyna 110 HD', 'dyna-110-hd', 'Lorem ipsum dolor sit amet consectetur adipisicing elit. Odio laudantium earum, labore fuga consequuntur praesentium.', '2023-07-12 23:02:22', '2023-07-12 23:02:22'),
(8, 6, 5, 'universal', 'universal', 'Lorem ipsum dolor sit amet consectetur adipisicing elit. Odio laudantium earum, labore fuga consequuntur praesentium.', '2023-07-12 23:02:22', '2023-07-12 23:02:22'),
(11, 1, 2, 'Dutro 130 MDL', 'dutro-130-mdl', 'Dutro 130 MDL', '2023-08-29 02:28:51', '2023-08-29 02:28:51');

-- --------------------------------------------------------

--
-- Table structure for table `units`
--

CREATE TABLE `units` (
  `id` bigint(20) UNSIGNED NOT NULL,
  `type_id` bigint(20) UNSIGNED NOT NULL,
  `group_id` bigint(20) UNSIGNED NOT NULL,
  `name` varchar(255) COLLATE utf8mb4_unicode_ci NOT NULL,
  `slug` varchar(255) COLLATE utf8mb4_unicode_ci NOT NULL,
  `description` text COLLATE utf8mb4_unicode_ci NOT NULL,
  `created_at` timestamp NULL DEFAULT NULL,
  `updated_at` timestamp NULL DEFAULT NULL
) ENGINE=InnoDB DEFAULT CHARSET=utf8mb4 COLLATE=utf8mb4_unicode_ci;

--
-- Dumping data for table `units`
--

INSERT INTO `units` (`id`, `type_id`, `group_id`, `name`, `slug`, `description`, `created_at`, `updated_at`) VALUES
(1, 1, 9, 'B 9054 EDB', 'b-9054-edb', '<p>Lorem ipsum dolor sit amet consectetur adipisicing elit. Veniam quasi, optio quo quia autem reiciendis!</p>', '2023-07-12 23:02:22', '2023-07-20 21:49:07'),
(2, 1, 9, 'B 9055 EDB', 'b-9055-edb', '<p>Lorem ipsum dolor sit amet consectetur adipisicing elit. Veniam quasi, optio quo quia autem reiciendis!</p>', '2023-07-12 23:02:22', '2023-07-20 21:49:20'),
(3, 1, 9, 'B 9056 EDB', 'b-9056-edb', '<p>Lorem ipsum dolor sit amet consectetur adipisicing elit. Veniam quasi, optio quo quia autem reiciendis!</p>', '2023-07-12 23:02:22', '2023-07-20 21:48:58'),
(4, 1, 9, 'B 9057 EDB', 'b-9057-edb', '<p>Lorem ipsum dolor sit amet consectetur adipisicing elit. Veniam quasi, optio quo quia autem reiciendis!</p>', '2023-07-12 23:02:22', '2023-07-20 21:49:30'),
(5, 2, 2, 'A 9225 ZB', 'a-9225-zb', '<p>Hino&nbsp;</p>', '2023-07-20 01:23:56', '2023-07-20 01:23:56'),
(6, 1, 2, 'B 9329 NDD', 'b-9329-ndd', '<p>-</p>', '2023-07-20 19:57:39', '2023-07-20 19:57:39'),
(7, 1, 9, 'A 9267 ZA', 'a-9267-za', '<p>Flat Deck Unit Hino Dutro Double</p>', '2023-07-20 20:41:28', '2023-07-20 21:49:43'),
(8, 1, 9, 'B 9032 JQP', 'b-9032-jqp', '<p>Flat Deck Colt Diesel Double</p>', '2023-07-20 20:42:04', '2023-07-20 21:48:47'),
(9, 1, 1, 'B 9866 JZM', 'b-9866-jzm', '<p>Hino Dutro Double Box</p>', '2023-07-20 20:42:35', '2023-07-20 20:42:35'),
(10, 1, 1, 'A 9145 VM', 'a-9145-vm', '<p>Hino Dutro Doble Box</p>', '2023-07-20 20:43:02', '2023-07-20 20:43:02'),
(11, 1, 2, 'A 9230 ZA', 'a-9230-za', '<p>Hino Dutro Flat Dek</p>', '2023-07-20 20:44:03', '2023-07-20 20:44:03'),
(12, 1, 2, 'A 9232 ZA', 'a-9232-za', '<p>Hino Dutro Double Flat Dek</p>', '2023-07-20 20:44:43', '2023-07-20 20:44:43'),
(13, 1, 2, 'A 9233 ZA', 'a-9233-za', '<p>Hino Dutro Double Flat Dek</p>', '2023-07-20 20:45:17', '2023-07-20 20:45:17'),
(14, 1, 2, 'A 9263 ZA', 'a-9263-za', '<p>Hino Dutro Double Flat Dek</p>', '2023-07-20 20:45:48', '2023-07-20 20:45:48'),
(15, 1, 2, 'A 9264 Za', 'a-9264-za', '<p>hino Dutro Double Flat Dek</p>', '2023-07-20 20:46:13', '2023-07-20 20:46:13'),
(16, 1, 2, 'A 9268 ZA', 'a-9268-za', '<p>Hino Dutro Double Flat Dek</p>', '2023-07-20 21:01:59', '2023-07-20 21:01:59'),
(17, 4, 2, 'A 9189 ZY', 'a-9189-zy', '<p>Mitsubishi Canter 125 Super Speed</p>', '2023-07-20 21:05:00', '2023-07-20 21:05:00'),
(18, 4, 2, 'A 9190 ZY', 'a-9190-zy', '<p>-</p>', '2023-07-20 21:05:23', '2023-07-20 21:05:23'),
(19, 2, 2, 'A 9219 ZB', 'a-9219-zb', '<p>Flat Dek Log</p>', '2023-07-20 21:05:50', '2023-07-20 21:05:50'),
(20, 2, 2, 'A 9220 ZB', 'a-9220-zb', '<p>-</p>', '2023-07-20 21:06:07', '2023-07-20 21:06:07'),
(21, 2, 2, 'A 9221 ZB', 'a-9221-zb', '<p>-</p>', '2023-07-20 21:06:27', '2023-07-20 21:06:27'),
(22, 2, 2, 'A 9223 ZB', 'a-9223-zb', '<p>-</p>', '2023-07-20 21:06:44', '2023-07-20 21:06:44'),
(23, 2, 2, 'A 9224 ZB', 'a-9224-zb', '<p>-</p>', '2023-07-20 21:07:05', '2023-07-20 21:07:05'),
(24, 2, 2, 'A 9226 ZB', 'a-9226-zb', '<p>-</p>', '2023-07-20 21:07:20', '2023-07-20 21:07:20'),
(25, 2, 2, 'A 9227 ZB', 'a-9227-zb', '<p>-</p>', '2023-07-20 21:07:35', '2023-07-20 21:07:35'),
(26, 2, 2, 'A 9228 ZB', 'a-9228-zb', '<p>-</p>', '2023-07-20 21:07:52', '2023-07-20 21:07:52'),
(27, 2, 2, 'A 9230 ZB', 'a-9230-zb', '<p>-</p>', '2023-07-20 21:08:06', '2023-07-20 21:08:06'),
(31, 1, 2, 'B 9324 NDD', 'b-9324-ndd', '<p>-</p>', '2023-07-20 21:11:19', '2023-07-20 21:11:19'),
(32, 1, 2, 'B 9325 NDD', 'b-9325-ndd', '<p>-</p>', '2023-07-20 21:11:35', '2023-07-20 21:11:35'),
(33, 1, 2, 'B 9328 NDD', 'b-9328-ndd', '<p>-</p>', '2023-07-20 21:11:55', '2023-07-20 21:11:55'),
(34, 1, 2, 'B 9330 NDD', 'b-9330-ndd', '<p>-</p>', '2023-07-20 21:12:14', '2023-07-20 21:12:14'),
(35, 1, 2, 'B 9331 NDD', 'b-9331-ndd', '<p>-</p>', '2023-07-20 21:12:54', '2023-07-20 21:12:54'),
(36, 1, 2, 'B 9332 NDD', 'b-9332-ndd', '<p>-</p>', '2023-07-20 21:13:07', '2023-07-20 21:13:07'),
(37, 1, 2, 'B 9945 JQP', 'b-9945-jqp', '<p>-</p>', '2023-07-20 21:13:20', '2023-08-04 20:41:20'),
(38, 1, 2, 'B 9337 NDD', 'b-9337-ndd', '<p>-</p>', '2023-07-20 21:13:36', '2023-07-20 21:13:36'),
(39, 1, 2, 'B 9338 NDD', 'b-9338-ndd', '<p>-</p>', '2023-07-20 21:13:49', '2023-07-20 21:13:49'),
(40, 1, 2, 'B 9339 NDD', 'b-9339-ndd', '<p>-</p>', '2023-07-20 21:14:04', '2023-07-20 21:14:04'),
(41, 1, 2, 'B 9340 NDD', 'b-9340-ndd', '<p>-</p>', '2023-07-20 21:14:19', '2023-07-20 21:14:19'),
(42, 4, 2, 'A 9391 ZM', 'a-9391-zm', '<p>-</p>', '2023-07-20 21:14:37', '2023-07-20 21:14:37'),
(43, 1, 2, 'A 9280 ZA', 'a-9280-za', '<p>-</p>', '2023-07-20 21:15:09', '2023-07-20 21:15:09'),
(44, 1, 2, 'A 9281 ZA', 'a-9281-za', '<p>-</p>', '2023-07-20 21:15:28', '2023-07-20 21:15:28'),
(45, 3, 3, 'B 9006 EEU', 'b-9006-eeu', '<p>-</p>', '2023-07-20 21:16:11', '2023-07-20 21:16:11'),
(46, 3, 3, 'B 9007 EEU', 'b-9007-eeu', '<p>-</p>', '2023-07-20 21:16:29', '2023-07-20 21:16:29'),
(47, 3, 3, 'B 9008 EEU', 'b-9008-eeu', '<p>-</p>', '2023-07-20 21:16:43', '2023-07-20 21:16:43'),
(48, 3, 3, 'B 9009 EEU', 'b-9009-eeu', '<p>-</p>', '2023-07-20 21:17:02', '2023-07-20 21:17:02'),
(49, 3, 4, 'A 9208 ZB', 'a-9208-zb', '<p>-</p>', '2023-07-20 21:17:32', '2023-07-20 21:17:32'),
(50, 3, 4, 'A 9088 ZB', 'a-9088-zb', '<p>-</p>', '2023-07-20 21:17:49', '2023-07-20 21:17:49'),
(51, 3, 4, 'A 9053 ZB', 'a-9053-zb', '<p>-</p>', '2023-07-20 21:18:05', '2023-07-20 21:18:05'),
(52, 3, 4, 'B 9942 UVX', 'b-9942-uvx', '<p>-</p>', '2023-07-20 21:18:33', '2023-07-20 21:18:33'),
(53, 1, 7, 'A 9231 ZA', 'a-9231-za', '<p>-</p>', '2023-07-20 21:44:11', '2023-07-20 21:44:11'),
(54, 1, 7, 'A 9279 ZA', 'a-9279-za', '<p>-</p>', '2023-07-20 21:44:29', '2023-07-20 21:44:29'),
(55, 2, 7, 'A 9739 ZA', 'a-9739-za', '<p>-</p>', '2023-07-20 21:44:55', '2023-07-20 21:44:55'),
(56, 2, 2, 'A 9737 ZA', 'a-9737-za', '<p>-</p>', '2023-07-20 21:45:12', '2023-07-20 21:45:12'),
(57, 2, 2, 'A 9738 ZA', 'a-9738-za', '<p>-</p>', '2023-07-20 21:46:17', '2023-07-20 21:46:17'),
(58, 1, 2, 'A 8022 ZD', 'a-8022-zd', '<p>-</p>', '2023-07-25 23:11:41', '2023-07-25 23:11:41'),
(59, 1, 2, 'B 9327 NDD', 'b-9327-ndd', '<p>-</p>', '2023-07-30 21:32:03', '2023-07-30 21:32:03'),
(60, 7, 2, 'A 9863 JQO', 'a-9863-jqo', '<p>-</p>', '2023-08-01 23:37:47', '2023-08-01 23:37:47'),
(61, 1, 10, 'B 9336 NXR', 'b-9336-nxr', '<p>-</p>', '2023-08-08 19:07:18', '2023-08-08 19:07:18'),
(62, 1, 2, 'B 9045 JQP', 'b-9045-jqp', '<p>-</p>', '2023-08-08 19:07:39', '2023-08-08 19:08:33'),
(63, 2, 8, 'A 9733 ZA', 'a-9733-za', '<p>-</p>', '2023-08-08 23:11:04', '2023-08-08 23:11:04'),
(64, 11, 2, 'A 9163 ZB', 'a-9163-zb', '<p>-</p>', '2023-08-29 02:29:15', '2023-08-29 02:29:15'),
(65, 11, 2, 'A 9164 ZB', 'a-9164-zb', '<p>-</p>', '2023-08-29 02:31:04', '2023-08-29 02:31:04'),
(66, 11, 2, 'A 9165 ZB', 'a-9165-zb', '<p>-</p>', '2023-08-29 02:31:47', '2023-08-29 02:31:47'),
(67, 1, 2, 'A 9266 ZA', 'a-9266-za', '<p>-</p>', '2023-09-20 21:52:02', '2023-09-20 21:52:02');

-- --------------------------------------------------------

--
-- Table structure for table `users`
--

CREATE TABLE `users` (
  `id` bigint(20) UNSIGNED NOT NULL,
  `name` varchar(255) COLLATE utf8mb4_unicode_ci NOT NULL,
  `email` varchar(255) COLLATE utf8mb4_unicode_ci NOT NULL,
  `email_verified_at` timestamp NULL DEFAULT NULL,
  `password` varchar(255) COLLATE utf8mb4_unicode_ci NOT NULL,
  `remember_token` varchar(100) COLLATE utf8mb4_unicode_ci DEFAULT NULL,
  `created_at` timestamp NULL DEFAULT NULL,
  `updated_at` timestamp NULL DEFAULT NULL
) ENGINE=InnoDB DEFAULT CHARSET=utf8mb4 COLLATE=utf8mb4_unicode_ci;

--
-- Dumping data for table `users`
--

INSERT INTO `users` (`id`, `name`, `email`, `email_verified_at`, `password`, `remember_token`, `created_at`, `updated_at`) VALUES
(1, 'lazuardi', 'lazuardi.reznnov@gmail.com', '2023-07-12 23:02:19', '$2y$10$92IXUNpkjO0rOQ5byMi.Ye4oKoEa3Ro9llC/.og/at2.uheWG/igi', '0AF6zyJMVm0Nh79UygGRSI0yuLDS4NTgFvPvArhPftIMDezwpgO3oKZRwfVO', '2023-07-12 23:02:19', '2023-07-12 23:02:19');

-- --------------------------------------------------------

--
-- Table structure for table `vpics`
--

CREATE TABLE `vpics` (
  `id` bigint(20) UNSIGNED NOT NULL,
  `unit_id` bigint(20) UNSIGNED NOT NULL,
  `regnumber` varchar(255) COLLATE utf8mb4_unicode_ci DEFAULT NULL,
  `owner` varchar(255) COLLATE utf8mb4_unicode_ci DEFAULT NULL,
  `address` varchar(255) COLLATE utf8mb4_unicode_ci DEFAULT NULL,
  `region` varchar(255) COLLATE utf8mb4_unicode_ci DEFAULT NULL,
  `tgl_reg` date DEFAULT NULL,
  `expire` date DEFAULT NULL,
  `created_at` timestamp NULL DEFAULT NULL,
  `updated_at` timestamp NULL DEFAULT NULL
) ENGINE=InnoDB DEFAULT CHARSET=utf8mb4 COLLATE=utf8mb4_unicode_ci;

--
-- Dumping data for table `vpics`
--

INSERT INTO `vpics` (`id`, `unit_id`, `regnumber`, `owner`, `address`, `region`, `tgl_reg`, `expire`, `created_at`, `updated_at`) VALUES
(1, 1, 'DEP.20180391', 'PT. Indomultimas Perkasa', 'Depok', 'Depok', '2020-07-24', '2023-11-24', '2023-07-12 23:02:23', '2023-07-25 23:38:08'),
(2, 2, 'DEP.20180392', 'PT. Indomultimas Perkasa', 'Depok', 'Depok', '2020-06-25', '2023-11-25', '2023-07-12 23:02:23', '2023-07-25 23:40:49'),
(3, 3, 'DEP.20180403', 'PT. Indomultimas Perkasa', 'Depok', 'Depok', '2020-06-16', '2023-11-16', '2023-07-12 23:02:23', '2023-07-25 23:45:14'),
(4, 4, 'DEP.20180388', 'PT. Indomultimas Perkasa', 'Depok', 'Depok', '2020-06-24', '2023-11-24', '2023-07-12 23:02:23', '2023-07-25 23:49:33'),
(5, 5, NULL, NULL, NULL, NULL, NULL, NULL, '2023-07-20 01:23:56', '2023-07-20 01:23:56'),
(6, 6, 'BB03C7000159', 'Hendra', 'The Icon Verdant Ville Blok H2 No. 17 BSD Cisauk Tangerang', 'Balaraja', '2017-08-12', '2024-03-07', '2023-07-20 19:57:39', '2023-09-11 18:40:52'),
(7, 7, NULL, NULL, NULL, NULL, NULL, NULL, '2023-07-20 20:41:28', '2023-07-20 20:41:28'),
(8, 8, NULL, NULL, NULL, NULL, NULL, NULL, '2023-07-20 20:42:04', '2023-07-20 20:42:04'),
(9, 9, NULL, NULL, NULL, NULL, NULL, NULL, '2023-07-20 20:42:36', '2023-07-20 20:42:36'),
(10, 10, NULL, NULL, NULL, NULL, NULL, NULL, '2023-07-20 20:43:02', '2023-07-20 20:43:02'),
(11, 11, NULL, NULL, NULL, NULL, NULL, NULL, '2023-07-20 20:44:03', '2023-07-20 20:44:03'),
(12, 12, NULL, NULL, NULL, NULL, NULL, NULL, '2023-07-20 20:44:43', '2023-07-20 20:44:43'),
(13, 13, NULL, NULL, NULL, NULL, NULL, NULL, '2023-07-20 20:45:17', '2023-07-20 20:45:17'),
(14, 14, 'BB03C17000814', 'PT. Gema Cipta Gemilang', 'Kp. Korelet Rt 03/04', 'Cikande', '2023-11-07', '2024-05-07', '2023-07-20 20:45:48', '2023-11-09 01:00:38'),
(15, 15, 'BB03C17000813', 'PT GEMA CIPTA GEMILANG', 'Jln Raya korelet Rt 03/04', 'Cikande', '2023-11-07', '2024-05-07', '2023-07-20 20:46:13', '2023-11-10 01:06:11'),
(16, 16, NULL, NULL, NULL, NULL, NULL, NULL, '2023-07-20 21:01:59', '2023-07-20 21:01:59'),
(17, 17, NULL, NULL, NULL, NULL, NULL, NULL, '2023-07-20 21:05:00', '2023-07-20 21:05:00'),
(18, 18, NULL, NULL, NULL, NULL, NULL, NULL, '2023-07-20 21:05:23', '2023-07-20 21:05:23'),
(19, 19, 'BB0110358A', 'PT GEMA CIPTA GEMILANG', 'Jln Raya korelet Rt 03/04', 'Cikande', '2023-11-08', '2024-05-08', '2023-07-20 21:05:50', '2023-11-15 00:16:30'),
(20, 20, NULL, NULL, NULL, NULL, NULL, NULL, '2023-07-20 21:06:07', '2023-07-20 21:06:07'),
(21, 21, NULL, NULL, NULL, NULL, NULL, NULL, '2023-07-20 21:06:27', '2023-07-20 21:06:27'),
(22, 22, 'BB0110486A', 'PT. GEMA CIPTA GEMILANG', 'Jl. Raya Korelet No. 10 Rt. 003 Rw. 004 Ds. Ranca Kelapa Kec. Panongan Kab. Tangerang', 'Balaraja', '2023-09-30', '2024-03-11', '2023-07-20 21:06:44', '2023-09-29 21:18:12'),
(23, 23, 'BB0110257A', 'PT GEMA CIPTA GEMILANG', 'Jln Raya korelet Rt 03/04', 'Balaraja', '2023-11-10', '2024-05-10', '2023-07-20 21:07:05', '2023-11-16 22:13:51'),
(24, 24, NULL, NULL, NULL, NULL, NULL, NULL, '2023-07-20 21:07:20', '2023-07-20 21:07:20'),
(25, 25, 'BB0110485A', 'PT GEMA CIPTA GEMILANG', 'Jln Raya korelet Rt 03/04', 'Balaraja', '2023-11-10', '2024-05-10', '2023-07-20 21:07:36', '2023-11-16 22:12:10'),
(26, 26, 'BL60750', 'PT. GEMA CIPTA GEMILANG', 'Jl. Raya Korelet No. 10 Rt. 003 Rw. 004 Ds. Ranca Kelapa Kec. Panongan Kab. Tangerang', 'Balaraja', '2020-01-01', '2024-01-24', '2023-07-20 21:07:52', '2023-07-30 21:29:16'),
(27, 27, NULL, NULL, NULL, NULL, NULL, NULL, '2023-07-20 21:08:06', '2023-07-20 21:08:06'),
(31, 31, 'BB03C17000138', 'Hendra ', 'The Icon Verdant Ville', 'Balaraja', '2023-12-15', '2024-06-15', '2023-07-20 21:11:19', '2023-12-19 00:20:29'),
(32, 32, NULL, NULL, NULL, NULL, NULL, NULL, '2023-07-20 21:11:35', '2023-07-20 21:11:35'),
(33, 33, 'BB03C17000133', 'Hendra', 'Cisauk', 'Balaraja', '2017-08-16', '2024-01-13', '2023-07-20 21:11:55', '2023-07-30 21:30:53'),
(34, 34, NULL, NULL, NULL, NULL, NULL, NULL, '2023-07-20 21:12:14', '2023-07-20 21:12:14'),
(35, 35, NULL, NULL, NULL, NULL, NULL, NULL, '2023-07-20 21:12:54', '2023-07-20 21:12:54'),
(36, 36, NULL, NULL, NULL, NULL, NULL, NULL, '2023-07-20 21:13:07', '2023-07-20 21:13:07'),
(37, 37, NULL, NULL, NULL, NULL, NULL, NULL, '2023-07-20 21:13:20', '2023-07-20 21:13:20'),
(38, 38, NULL, NULL, NULL, NULL, NULL, NULL, '2023-07-20 21:13:36', '2023-07-20 21:13:36'),
(39, 39, NULL, NULL, NULL, NULL, NULL, NULL, '2023-07-20 21:13:49', '2023-07-20 21:13:49'),
(40, 40, NULL, NULL, NULL, NULL, NULL, NULL, '2023-07-20 21:14:04', '2023-07-20 21:14:04'),
(41, 41, 'BB3C17000134', 'Hendra', 'The Icon Verdant Ville Blok H2 No. 17 BSD Cisauk Tangerang', 'Balaraja', '2017-01-08', '2024-02-25', '2023-07-20 21:14:19', '2023-09-08 00:27:05'),
(42, 42, NULL, NULL, NULL, NULL, NULL, NULL, '2023-07-20 21:14:37', '2023-07-20 21:14:37'),
(43, 43, NULL, NULL, NULL, NULL, NULL, NULL, '2023-07-20 21:15:09', '2023-07-20 21:15:09'),
(44, 44, 'BB03C1701164', 'PT. GEMA CIPTA GEMILANG', 'Jl. Raya Korelet No. 10 Rt. 003 Rw. 004 Ds. Ranca Kelapa Kec. Panongan Kab. Tangerang', 'Balaraja', '2019-01-01', '2024-02-15', '2023-07-20 21:15:28', '2023-08-15 01:57:16'),
(45, 45, NULL, NULL, NULL, NULL, NULL, NULL, '2023-07-20 21:16:11', '2023-07-20 21:16:11'),
(46, 46, NULL, NULL, NULL, NULL, NULL, NULL, '2023-07-20 21:16:29', '2023-07-20 21:16:29'),
(47, 47, NULL, NULL, NULL, NULL, NULL, NULL, '2023-07-20 21:16:43', '2023-07-20 21:16:43'),
(48, 48, NULL, NULL, NULL, NULL, NULL, NULL, '2023-07-20 21:17:02', '2023-07-20 21:17:02'),
(49, 49, NULL, NULL, NULL, NULL, NULL, NULL, '2023-07-20 21:17:32', '2023-07-20 21:17:32'),
(50, 50, NULL, NULL, NULL, NULL, NULL, NULL, '2023-07-20 21:17:49', '2023-07-20 21:17:49'),
(51, 51, 'BB03C19006693', 'PT GEMA CIPTA GEMILANG', 'Kp. Korelet Rt 03/04', 'Balaraja', '2024-01-29', '2024-07-29', '2023-07-20 21:18:05', '2024-01-29 01:27:07'),
(52, 52, NULL, NULL, NULL, NULL, NULL, NULL, '2023-07-20 21:18:33', '2023-07-20 21:18:33'),
(53, 53, NULL, NULL, NULL, NULL, NULL, NULL, '2023-07-20 21:44:11', '2023-07-20 21:44:11'),
(54, 54, NULL, NULL, NULL, NULL, NULL, NULL, '2023-07-20 21:44:29', '2023-07-20 21:44:29'),
(55, 55, NULL, NULL, NULL, NULL, NULL, NULL, '2023-07-20 21:44:55', '2023-07-20 21:44:55'),
(56, 56, 'BB03C18004966', 'PT. GEMA CIPTA GEMILANG', 'Jl. Raya Korelet No. 10 Rt. 003 Rw. 004 Ds. Ranca Kelapa Kec. Panongan Kab. Tangerang', 'Balaraja', '2018-11-21', '2023-09-21', '2023-07-20 21:45:12', '2023-07-21 00:12:46'),
(57, 57, NULL, NULL, NULL, NULL, NULL, NULL, '2023-07-20 21:46:17', '2023-07-20 21:46:17'),
(58, 58, NULL, NULL, NULL, NULL, NULL, NULL, '2023-07-25 23:11:41', '2023-07-25 23:11:41'),
(59, 59, 'BB03C17000162', 'Hendra', 'Cisauk', 'Balaraja', '2017-07-31', '2024-01-13', '2023-07-30 21:32:03', '2023-07-30 21:33:10'),
(60, 60, NULL, NULL, NULL, NULL, NULL, NULL, '2023-08-01 23:37:47', '2023-08-01 23:37:47'),
(61, 61, NULL, NULL, NULL, NULL, NULL, NULL, '2023-08-08 19:07:19', '2023-08-08 19:07:19'),
(62, 62, NULL, NULL, NULL, NULL, NULL, NULL, '2023-08-08 19:07:40', '2023-08-08 19:07:40'),
(63, 63, 'BB03C18004962', 'PT. Setia Pratama Logistik', 'Tigaraksa', 'Balaraja', '2024-02-01', '2024-08-01', '2023-08-08 23:11:04', '2024-02-01 01:48:40'),
(64, 64, NULL, NULL, NULL, NULL, NULL, NULL, '2023-08-29 02:29:15', '2023-08-29 02:29:15'),
(65, 65, NULL, NULL, NULL, NULL, NULL, NULL, '2023-08-29 02:31:04', '2023-08-29 02:31:04'),
(66, 66, 'BB03C18004966', 'PT. GEMA CIPTA GEMILANG', 'Jl. Raya Korelet No. 10 Rt. 003 Rw. 004 Ds. Ranca Kelapa Kec. Panongan Kab. Tangerang', 'Balaraja', '2023-08-30', '2023-08-30', '2023-08-29 02:31:47', '2023-08-30 00:23:22'),
(67, 67, NULL, NULL, NULL, NULL, NULL, NULL, '2023-09-20 21:52:02', '2023-09-20 21:52:02');

-- --------------------------------------------------------

--
-- Table structure for table `vrcs`
--

CREATE TABLE `vrcs` (
  `id` bigint(20) UNSIGNED NOT NULL,
  `unit_id` bigint(20) UNSIGNED NOT NULL,
  `regnumber` varchar(255) COLLATE utf8mb4_unicode_ci DEFAULT NULL,
  `owner` varchar(255) COLLATE utf8mb4_unicode_ci DEFAULT NULL,
  `address` varchar(255) COLLATE utf8mb4_unicode_ci DEFAULT NULL,
  `region` varchar(255) COLLATE utf8mb4_unicode_ci DEFAULT NULL,
  `tax` date DEFAULT NULL,
  `expire` date DEFAULT NULL,
  `created_at` timestamp NULL DEFAULT NULL,
  `updated_at` timestamp NULL DEFAULT NULL
) ENGINE=InnoDB DEFAULT CHARSET=utf8mb4 COLLATE=utf8mb4_unicode_ci;

--
-- Dumping data for table `vrcs`
--

INSERT INTO `vrcs` (`id`, `unit_id`, `regnumber`, `owner`, `address`, `region`, `tax`, `expire`, `created_at`, `updated_at`) VALUES
(1, 1, '06221557.A', 'PT. Indomultimas Perkasa', 'Depok', 'Depok', '2024-03-16', '2028-03-16', '2023-07-12 23:02:23', '2023-07-25 23:37:55'),
(2, 2, '06221561.A', 'PT. Indomultimas Perkasa', 'Depok', 'Depok', '2024-03-12', '2028-03-16', '2023-07-12 23:02:23', '2023-07-25 23:42:18'),
(3, 3, '06221558.A', 'PT. Indomultimas Perkasa', 'Depok', 'Depok', '2024-03-16', '2028-03-16', '2023-07-12 23:02:23', '2023-07-25 23:43:39'),
(4, 4, '06221556.A', 'PT. Indomultimas Perkasa', 'Depok', 'Depok', '2024-03-16', '2028-03-16', '2023-07-12 23:02:23', '2023-07-25 23:46:21'),
(5, 5, '0002', 'PT. Gema Cipta Gemilang', 'kab. Tangerang', 'Balaraja', '2023-07-20', '2023-07-20', '2023-07-20 08:43:59', '2023-07-20 08:43:59'),
(6, 6, NULL, NULL, NULL, NULL, NULL, NULL, '2023-07-20 19:57:39', '2023-07-20 19:57:39'),
(7, 7, NULL, NULL, NULL, NULL, NULL, NULL, '2023-07-20 20:41:28', '2023-07-20 20:41:28'),
(8, 8, NULL, NULL, NULL, NULL, NULL, NULL, '2023-07-20 20:42:04', '2023-07-20 20:42:04'),
(9, 9, '01629043', 'CV. Gema Makmur Abadi', 'Jl. Kp. Cijatra Legok', 'Balaraja', '2024-08-24', '2025-08-24', '2023-07-20 20:42:36', '2023-09-22 01:48:41'),
(10, 10, '00203264', 'PT. GEMA CIPTA GEMILANG', 'Jl. Raya Korelet No. 10 Rt. 003 Rw. 004 Ds. Ranca Kelapa Kec. Panongan Kab. Tangerang', 'Balaraja', '2023-11-22', '2024-11-22', '2023-07-20 20:43:02', '2023-12-01 02:14:42'),
(11, 11, NULL, NULL, NULL, NULL, NULL, NULL, '2023-07-20 20:44:03', '2023-07-20 20:44:03'),
(12, 12, NULL, NULL, NULL, NULL, NULL, NULL, '2023-07-20 20:44:43', '2023-07-20 20:44:43'),
(13, 13, NULL, NULL, NULL, NULL, NULL, NULL, '2023-07-20 20:45:17', '2023-07-20 20:45:17'),
(14, 14, NULL, NULL, NULL, NULL, NULL, NULL, '2023-07-20 20:45:48', '2023-07-20 20:45:48'),
(15, 15, NULL, NULL, NULL, NULL, NULL, NULL, '2023-07-20 20:46:13', '2023-07-20 20:46:13'),
(16, 16, NULL, NULL, NULL, NULL, NULL, NULL, '2023-07-20 21:02:00', '2023-07-20 21:02:00'),
(17, 17, NULL, NULL, NULL, NULL, NULL, NULL, '2023-07-20 21:05:00', '2023-07-20 21:05:00'),
(18, 18, NULL, NULL, NULL, NULL, NULL, NULL, '2023-07-20 21:05:23', '2023-07-20 21:05:23'),
(19, 19, NULL, NULL, NULL, NULL, NULL, NULL, '2023-07-20 21:05:50', '2023-07-20 21:05:50'),
(20, 20, '03306402', 'PT. GEMA CIPTA GEMILANG', 'Jl. Raya Korelet No. 10 Rt. 003 Rw. 004 Ds. Ranca Kelapa Kec. Panongan Kab. Tangerang', 'Balaraja', '2024-11-11', '2024-11-11', '2023-07-20 21:06:07', '2023-11-16 01:01:15'),
(21, 21, NULL, NULL, NULL, NULL, NULL, NULL, '2023-07-20 21:06:27', '2023-07-20 21:06:27'),
(22, 22, '04704518', 'PT. GEMA CIPTA GEMILANG', 'Jl. Raya Korelet No. 10 Rt. 003 Rw. 004 Ds. Ranca Kelapa Kec. Panongan Kab. Tangerang', 'Balaraja', '2023-11-11', '2024-11-11', '2023-07-20 21:06:44', '2023-09-07 23:51:14'),
(23, 23, NULL, NULL, NULL, NULL, NULL, NULL, '2023-07-20 21:07:05', '2023-07-20 21:07:05'),
(24, 24, NULL, NULL, NULL, NULL, NULL, NULL, '2023-07-20 21:07:20', '2023-07-20 21:07:20'),
(25, 25, NULL, NULL, NULL, NULL, NULL, NULL, '2023-07-20 21:07:36', '2023-07-20 21:07:36'),
(26, 26, NULL, NULL, NULL, NULL, NULL, NULL, '2023-07-20 21:07:52', '2023-07-20 21:07:52'),
(27, 27, NULL, NULL, NULL, NULL, NULL, NULL, '2023-07-20 21:08:07', '2023-07-20 21:08:07'),
(31, 31, NULL, NULL, NULL, NULL, NULL, NULL, '2023-07-20 21:11:19', '2023-07-20 21:11:19'),
(32, 32, NULL, NULL, NULL, NULL, NULL, NULL, '2023-07-20 21:11:35', '2023-07-20 21:11:35'),
(33, 33, NULL, NULL, NULL, NULL, NULL, NULL, '2023-07-20 21:11:55', '2023-07-20 21:11:55'),
(34, 34, NULL, NULL, NULL, NULL, NULL, NULL, '2023-07-20 21:12:14', '2023-07-20 21:12:14'),
(35, 35, NULL, NULL, NULL, NULL, NULL, NULL, '2023-07-20 21:12:54', '2023-07-20 21:12:54'),
(36, 36, NULL, NULL, NULL, NULL, NULL, NULL, '2023-07-20 21:13:08', '2023-07-20 21:13:08'),
(37, 37, '04788036.G', 'Hendra', 'The Icon Verdant Ville Blok H2 No. 17 BSD Cisauk Tangerang', 'Kelapa Dua', '2024-08-22', '2027-08-24', '2023-07-20 21:13:20', '2023-08-04 20:43:56'),
(38, 38, NULL, NULL, NULL, NULL, NULL, NULL, '2023-07-20 21:13:36', '2023-07-20 21:13:36'),
(39, 39, NULL, NULL, NULL, NULL, NULL, NULL, '2023-07-20 21:13:49', '2023-07-20 21:13:49'),
(40, 40, NULL, NULL, NULL, NULL, NULL, NULL, '2023-07-20 21:14:04', '2023-07-20 21:14:04'),
(41, 41, NULL, NULL, NULL, NULL, NULL, NULL, '2023-07-20 21:14:19', '2023-07-20 21:14:19'),
(42, 42, NULL, NULL, NULL, NULL, NULL, NULL, '2023-07-20 21:14:37', '2023-07-20 21:14:37'),
(43, 43, NULL, NULL, NULL, NULL, NULL, NULL, '2023-07-20 21:15:09', '2023-07-20 21:15:09'),
(44, 44, NULL, NULL, NULL, NULL, NULL, NULL, '2023-07-20 21:15:28', '2023-07-20 21:15:28'),
(45, 45, NULL, NULL, NULL, NULL, NULL, NULL, '2023-07-20 21:16:11', '2023-07-20 21:16:11'),
(46, 46, NULL, NULL, NULL, NULL, NULL, NULL, '2023-07-20 21:16:29', '2023-07-20 21:16:29'),
(47, 47, NULL, NULL, NULL, NULL, NULL, NULL, '2023-07-20 21:16:43', '2023-07-20 21:16:43'),
(48, 48, NULL, NULL, NULL, NULL, NULL, NULL, '2023-07-20 21:17:02', '2023-07-20 21:17:02'),
(49, 49, NULL, NULL, NULL, NULL, NULL, NULL, '2023-07-20 21:17:32', '2023-07-20 21:17:32'),
(50, 50, NULL, NULL, NULL, NULL, NULL, NULL, '2023-07-20 21:17:49', '2023-07-20 21:17:49'),
(51, 51, NULL, NULL, NULL, NULL, NULL, NULL, '2023-07-20 21:18:05', '2023-07-20 21:18:05'),
(52, 52, NULL, NULL, NULL, NULL, NULL, NULL, '2023-07-20 21:18:33', '2023-07-20 21:18:33'),
(53, 53, NULL, NULL, NULL, NULL, NULL, NULL, '2023-07-20 21:44:11', '2023-07-20 21:44:11'),
(54, 54, NULL, NULL, NULL, NULL, NULL, NULL, '2023-07-20 21:44:29', '2023-07-20 21:44:29'),
(55, 55, NULL, NULL, NULL, NULL, NULL, NULL, '2023-07-20 21:44:55', '2023-07-20 21:44:55'),
(56, 56, '09003309.B', 'PT. GEMA CIPTA GEMILANG', 'Jl. Raya Korelet No. 10 Rt. 003 Rw. 004 Ds. Ranca Kelapa Kec. Panongan Kab. Tangerang', 'Balaraja', '2022-11-26', '2023-11-26', '2023-07-20 21:45:12', '2023-07-21 00:09:51'),
(57, 57, NULL, NULL, NULL, NULL, NULL, NULL, '2023-07-20 21:46:17', '2023-07-20 21:46:17'),
(58, 58, NULL, NULL, NULL, NULL, NULL, NULL, '2023-07-25 23:11:41', '2023-07-25 23:11:41'),
(59, 59, NULL, NULL, NULL, NULL, NULL, NULL, '2023-07-30 21:32:03', '2023-07-30 21:32:03'),
(60, 60, NULL, NULL, NULL, NULL, NULL, NULL, '2023-08-01 23:37:47', '2023-08-01 23:37:47'),
(61, 61, NULL, NULL, NULL, NULL, NULL, NULL, '2023-08-08 19:07:19', '2023-08-08 19:07:19'),
(62, 62, NULL, NULL, NULL, NULL, NULL, NULL, '2023-08-08 19:07:40', '2023-08-08 19:07:40'),
(63, 63, 'EW4S3N7OI', 'PT. Setia Pratama Logistik', 'Jln. Milenium Raya Blok A11 no.2', 'Kapuk', '2024-11-26', '2028-11-26', '2023-08-08 23:11:04', '2023-11-02 21:23:42'),
(64, 64, NULL, NULL, NULL, NULL, NULL, NULL, '2023-08-29 02:29:15', '2023-08-29 02:29:15'),
(65, 65, NULL, NULL, NULL, NULL, NULL, NULL, '2023-08-29 02:31:04', '2023-08-29 02:31:04'),
(66, 66, 'BB03C18004966', 'PT. GEMA CIPTA GEMILANG', 'Jl. Raya Korelet No. 10 Rt. 003 Rw. 004 Ds. Ranca Kelapa Kec. Panongan Kab. Tangerang', 'Balaraja', '2023-08-30', '2023-08-30', '2023-08-29 02:31:47', '2023-08-29 21:39:59'),
(67, 67, NULL, NULL, NULL, NULL, NULL, NULL, '2023-09-20 21:52:03', '2023-09-20 21:52:03');

--
-- Indexes for dumped tables
--

--
-- Indexes for table `brands`
--
ALTER TABLE `brands`
  ADD PRIMARY KEY (`id`),
  ADD UNIQUE KEY `brands_name_unique` (`name`),
  ADD UNIQUE KEY `brands_slug_unique` (`slug`);

--
-- Indexes for table `categories`
--
ALTER TABLE `categories`
  ADD PRIMARY KEY (`id`),
  ADD UNIQUE KEY `categories_name_unique` (`name`),
  ADD UNIQUE KEY `categories_slug_unique` (`slug`);

--
-- Indexes for table `category_units`
--
ALTER TABLE `category_units`
  ADD PRIMARY KEY (`id`),
  ADD UNIQUE KEY `category_units_name_unique` (`name`),
  ADD UNIQUE KEY `category_units_slug_unique` (`slug`);

--
-- Indexes for table `customers`
--
ALTER TABLE `customers`
  ADD PRIMARY KEY (`id`),
  ADD UNIQUE KEY `customers_name_unique` (`name`),
  ADD UNIQUE KEY `customers_slug_unique` (`slug`);

--
-- Indexes for table `divisions`
--
ALTER TABLE `divisions`
  ADD PRIMARY KEY (`id`),
  ADD UNIQUE KEY `divisions_name_unique` (`name`),
  ADD UNIQUE KEY `divisions_slug_unique` (`slug`);

--
-- Indexes for table `employees`
--
ALTER TABLE `employees`
  ADD PRIMARY KEY (`id`),
  ADD UNIQUE KEY `employees_name_unique` (`name`),
  ADD UNIQUE KEY `employees_slug_unique` (`slug`),
  ADD UNIQUE KEY `employees_identity_unique` (`identity`),
  ADD UNIQUE KEY `employees_email_unique` (`email`),
  ADD KEY `employees_division_id_foreign` (`division_id`);

--
-- Indexes for table `employee_edus`
--
ALTER TABLE `employee_edus`
  ADD PRIMARY KEY (`id`),
  ADD KEY `employee_edus_employee_id_foreign` (`employee_id`);

--
-- Indexes for table `employee_wehs`
--
ALTER TABLE `employee_wehs`
  ADD PRIMARY KEY (`id`),
  ADD KEY `employee_wehs_employee_id_foreign` (`employee_id`);

--
-- Indexes for table `failed_jobs`
--
ALTER TABLE `failed_jobs`
  ADD PRIMARY KEY (`id`),
  ADD UNIQUE KEY `failed_jobs_uuid_unique` (`uuid`);

--
-- Indexes for table `groups`
--
ALTER TABLE `groups`
  ADD PRIMARY KEY (`id`),
  ADD UNIQUE KEY `groups_name_unique` (`name`),
  ADD UNIQUE KEY `groups_slug_unique` (`slug`);

--
-- Indexes for table `images`
--
ALTER TABLE `images`
  ADD PRIMARY KEY (`id`);

--
-- Indexes for table `invoice_stocks`
--
ALTER TABLE `invoice_stocks`
  ADD PRIMARY KEY (`id`),
  ADD UNIQUE KEY `invoice_stocks_name_unique` (`name`),
  ADD UNIQUE KEY `invoice_stocks_slug_unique` (`slug`),
  ADD KEY `invoice_stocks_supplier_id_foreign` (`supplier_id`);

--
-- Indexes for table `maintenances`
--
ALTER TABLE `maintenances`
  ADD PRIMARY KEY (`id`),
  ADD UNIQUE KEY `maintenances_name_unique` (`name`),
  ADD UNIQUE KEY `maintenances_slug_unique` (`slug`),
  ADD KEY `maintenances_unit_id_foreign` (`unit_id`);

--
-- Indexes for table `maintenance_parts`
--
ALTER TABLE `maintenance_parts`
  ADD PRIMARY KEY (`id`),
  ADD KEY `maintenance_parts_maintenance_id_foreign` (`maintenance_id`),
  ADD KEY `maintenance_parts_sparepart_id_foreign` (`sparepart_id`);

--
-- Indexes for table `migrations`
--
ALTER TABLE `migrations`
  ADD PRIMARY KEY (`id`);

--
-- Indexes for table `password_resets`
--
ALTER TABLE `password_resets`
  ADD KEY `password_resets_email_index` (`email`);

--
-- Indexes for table `password_reset_tokens`
--
ALTER TABLE `password_reset_tokens`
  ADD PRIMARY KEY (`email`);

--
-- Indexes for table `personal_access_tokens`
--
ALTER TABLE `personal_access_tokens`
  ADD PRIMARY KEY (`id`),
  ADD UNIQUE KEY `personal_access_tokens_token_unique` (`token`),
  ADD KEY `personal_access_tokens_tokenable_type_tokenable_id_index` (`tokenable_type`,`tokenable_id`);

--
-- Indexes for table `spareparts`
--
ALTER TABLE `spareparts`
  ADD PRIMARY KEY (`id`),
  ADD UNIQUE KEY `spareparts_slug_unique` (`slug`),
  ADD KEY `spareparts_type_id_foreign` (`type_id`),
  ADD KEY `spareparts_category_id_foreign` (`category_id`);

--
-- Indexes for table `spesifications`
--
ALTER TABLE `spesifications`
  ADD PRIMARY KEY (`id`),
  ADD KEY `spesifications_unit_id_foreign` (`unit_id`);

--
-- Indexes for table `statelogs`
--
ALTER TABLE `statelogs`
  ADD PRIMARY KEY (`id`),
  ADD KEY `statelogs_maintenance_id_foreign` (`maintenance_id`);

--
-- Indexes for table `stocks`
--
ALTER TABLE `stocks`
  ADD PRIMARY KEY (`id`),
  ADD UNIQUE KEY `stocks_slug_unique` (`slug`),
  ADD KEY `stocks_sparepart_id_foreign` (`sparepart_id`),
  ADD KEY `stocks_invoice_stock_id_foreign` (`invoice_stock_id`);

--
-- Indexes for table `suppliers`
--
ALTER TABLE `suppliers`
  ADD PRIMARY KEY (`id`),
  ADD UNIQUE KEY `suppliers_name_unique` (`name`),
  ADD UNIQUE KEY `suppliers_slug_unique` (`slug`),
  ADD UNIQUE KEY `suppliers_email_unique` (`email`);

--
-- Indexes for table `taggables`
--
ALTER TABLE `taggables`
  ADD PRIMARY KEY (`id`);

--
-- Indexes for table `tags`
--
ALTER TABLE `tags`
  ADD PRIMARY KEY (`id`);

--
-- Indexes for table `types`
--
ALTER TABLE `types`
  ADD PRIMARY KEY (`id`),
  ADD UNIQUE KEY `types_name_unique` (`name`),
  ADD UNIQUE KEY `types_slug_unique` (`slug`),
  ADD KEY `types_brand_id_foreign` (`brand_id`),
  ADD KEY `types_category_unit_id_foreign` (`category_unit_id`);

--
-- Indexes for table `units`
--
ALTER TABLE `units`
  ADD PRIMARY KEY (`id`),
  ADD UNIQUE KEY `units_name_unique` (`name`),
  ADD UNIQUE KEY `units_slug_unique` (`slug`),
  ADD KEY `units_type_id_foreign` (`type_id`),
  ADD KEY `units_group_id_foreign` (`group_id`);

--
-- Indexes for table `users`
--
ALTER TABLE `users`
  ADD PRIMARY KEY (`id`),
  ADD UNIQUE KEY `users_email_unique` (`email`);

--
-- Indexes for table `vpics`
--
ALTER TABLE `vpics`
  ADD PRIMARY KEY (`id`),
  ADD KEY `vpics_unit_id_foreign` (`unit_id`);

--
-- Indexes for table `vrcs`
--
ALTER TABLE `vrcs`
  ADD PRIMARY KEY (`id`),
  ADD KEY `vrcs_unit_id_foreign` (`unit_id`);

--
-- AUTO_INCREMENT for dumped tables
--

--
-- AUTO_INCREMENT for table `brands`
--
ALTER TABLE `brands`
  MODIFY `id` bigint(20) UNSIGNED NOT NULL AUTO_INCREMENT, AUTO_INCREMENT=12;

--
-- AUTO_INCREMENT for table `categories`
--
ALTER TABLE `categories`
  MODIFY `id` bigint(20) UNSIGNED NOT NULL AUTO_INCREMENT, AUTO_INCREMENT=10;

--
-- AUTO_INCREMENT for table `category_units`
--
ALTER TABLE `category_units`
  MODIFY `id` bigint(20) UNSIGNED NOT NULL AUTO_INCREMENT, AUTO_INCREMENT=7;

--
-- AUTO_INCREMENT for table `customers`
--
ALTER TABLE `customers`
  MODIFY `id` bigint(20) UNSIGNED NOT NULL AUTO_INCREMENT, AUTO_INCREMENT=11;

--
-- AUTO_INCREMENT for table `divisions`
--
ALTER TABLE `divisions`
  MODIFY `id` bigint(20) UNSIGNED NOT NULL AUTO_INCREMENT, AUTO_INCREMENT=6;

--
-- AUTO_INCREMENT for table `employees`
--
ALTER TABLE `employees`
  MODIFY `id` bigint(20) UNSIGNED NOT NULL AUTO_INCREMENT, AUTO_INCREMENT=2;

--
-- AUTO_INCREMENT for table `employee_edus`
--
ALTER TABLE `employee_edus`
  MODIFY `id` bigint(20) UNSIGNED NOT NULL AUTO_INCREMENT;

--
-- AUTO_INCREMENT for table `employee_wehs`
--
ALTER TABLE `employee_wehs`
  MODIFY `id` bigint(20) UNSIGNED NOT NULL AUTO_INCREMENT;

--
-- AUTO_INCREMENT for table `failed_jobs`
--
ALTER TABLE `failed_jobs`
  MODIFY `id` bigint(20) UNSIGNED NOT NULL AUTO_INCREMENT;

--
-- AUTO_INCREMENT for table `groups`
--
ALTER TABLE `groups`
  MODIFY `id` bigint(20) UNSIGNED NOT NULL AUTO_INCREMENT, AUTO_INCREMENT=18;

--
-- AUTO_INCREMENT for table `images`
--
ALTER TABLE `images`
  MODIFY `id` bigint(20) UNSIGNED NOT NULL AUTO_INCREMENT, AUTO_INCREMENT=224;

--
-- AUTO_INCREMENT for table `invoice_stocks`
--
ALTER TABLE `invoice_stocks`
  MODIFY `id` bigint(20) UNSIGNED NOT NULL AUTO_INCREMENT, AUTO_INCREMENT=257;

--
-- AUTO_INCREMENT for table `maintenances`
--
ALTER TABLE `maintenances`
  MODIFY `id` bigint(20) UNSIGNED NOT NULL AUTO_INCREMENT, AUTO_INCREMENT=353;

--
-- AUTO_INCREMENT for table `maintenance_parts`
--
ALTER TABLE `maintenance_parts`
  MODIFY `id` bigint(20) UNSIGNED NOT NULL AUTO_INCREMENT, AUTO_INCREMENT=1078;

--
-- AUTO_INCREMENT for table `migrations`
--
ALTER TABLE `migrations`
  MODIFY `id` int(10) UNSIGNED NOT NULL AUTO_INCREMENT, AUTO_INCREMENT=47;

--
-- AUTO_INCREMENT for table `personal_access_tokens`
--
ALTER TABLE `personal_access_tokens`
  MODIFY `id` bigint(20) UNSIGNED NOT NULL AUTO_INCREMENT;

--
-- AUTO_INCREMENT for table `spareparts`
--
ALTER TABLE `spareparts`
  MODIFY `id` bigint(20) UNSIGNED NOT NULL AUTO_INCREMENT, AUTO_INCREMENT=262;

--
-- AUTO_INCREMENT for table `spesifications`
--
ALTER TABLE `spesifications`
  MODIFY `id` bigint(20) UNSIGNED NOT NULL AUTO_INCREMENT, AUTO_INCREMENT=68;

--
-- AUTO_INCREMENT for table `statelogs`
--
ALTER TABLE `statelogs`
  MODIFY `id` bigint(20) UNSIGNED NOT NULL AUTO_INCREMENT, AUTO_INCREMENT=355;

--
-- AUTO_INCREMENT for table `stocks`
--
ALTER TABLE `stocks`
  MODIFY `id` bigint(20) UNSIGNED NOT NULL AUTO_INCREMENT, AUTO_INCREMENT=897;

--
-- AUTO_INCREMENT for table `suppliers`
--
ALTER TABLE `suppliers`
  MODIFY `id` bigint(20) UNSIGNED NOT NULL AUTO_INCREMENT, AUTO_INCREMENT=24;

--
-- AUTO_INCREMENT for table `taggables`
--
ALTER TABLE `taggables`
  MODIFY `id` bigint(20) UNSIGNED NOT NULL AUTO_INCREMENT, AUTO_INCREMENT=893;

--
-- AUTO_INCREMENT for table `tags`
--
ALTER TABLE `tags`
  MODIFY `id` bigint(20) UNSIGNED NOT NULL AUTO_INCREMENT, AUTO_INCREMENT=3;

--
-- AUTO_INCREMENT for table `types`
--
ALTER TABLE `types`
  MODIFY `id` bigint(20) UNSIGNED NOT NULL AUTO_INCREMENT, AUTO_INCREMENT=12;

--
-- AUTO_INCREMENT for table `units`
--
ALTER TABLE `units`
  MODIFY `id` bigint(20) UNSIGNED NOT NULL AUTO_INCREMENT, AUTO_INCREMENT=68;

--
-- AUTO_INCREMENT for table `users`
--
ALTER TABLE `users`
  MODIFY `id` bigint(20) UNSIGNED NOT NULL AUTO_INCREMENT, AUTO_INCREMENT=2;

--
-- AUTO_INCREMENT for table `vpics`
--
ALTER TABLE `vpics`
  MODIFY `id` bigint(20) UNSIGNED NOT NULL AUTO_INCREMENT, AUTO_INCREMENT=68;

--
-- AUTO_INCREMENT for table `vrcs`
--
ALTER TABLE `vrcs`
  MODIFY `id` bigint(20) UNSIGNED NOT NULL AUTO_INCREMENT, AUTO_INCREMENT=68;

--
-- Constraints for dumped tables
--

--
-- Constraints for table `employees`
--
ALTER TABLE `employees`
  ADD CONSTRAINT `employees_division_id_foreign` FOREIGN KEY (`division_id`) REFERENCES `divisions` (`id`) ON DELETE CASCADE ON UPDATE CASCADE;

--
-- Constraints for table `employee_edus`
--
ALTER TABLE `employee_edus`
  ADD CONSTRAINT `employee_edus_employee_id_foreign` FOREIGN KEY (`employee_id`) REFERENCES `employees` (`id`) ON DELETE CASCADE ON UPDATE CASCADE;

--
-- Constraints for table `employee_wehs`
--
ALTER TABLE `employee_wehs`
  ADD CONSTRAINT `employee_wehs_employee_id_foreign` FOREIGN KEY (`employee_id`) REFERENCES `employees` (`id`) ON DELETE CASCADE ON UPDATE CASCADE;

--
-- Constraints for table `invoice_stocks`
--
ALTER TABLE `invoice_stocks`
  ADD CONSTRAINT `invoice_stocks_supplier_id_foreign` FOREIGN KEY (`supplier_id`) REFERENCES `suppliers` (`id`) ON DELETE CASCADE ON UPDATE CASCADE;

--
-- Constraints for table `maintenances`
--
ALTER TABLE `maintenances`
  ADD CONSTRAINT `maintenances_unit_id_foreign` FOREIGN KEY (`unit_id`) REFERENCES `units` (`id`) ON DELETE CASCADE ON UPDATE CASCADE;

--
-- Constraints for table `maintenance_parts`
--
ALTER TABLE `maintenance_parts`
  ADD CONSTRAINT `maintenance_parts_maintenance_id_foreign` FOREIGN KEY (`maintenance_id`) REFERENCES `maintenances` (`id`) ON DELETE CASCADE ON UPDATE CASCADE,
  ADD CONSTRAINT `maintenance_parts_sparepart_id_foreign` FOREIGN KEY (`sparepart_id`) REFERENCES `spareparts` (`id`) ON DELETE CASCADE ON UPDATE CASCADE;

--
-- Constraints for table `spareparts`
--
ALTER TABLE `spareparts`
  ADD CONSTRAINT `spareparts_category_id_foreign` FOREIGN KEY (`category_id`) REFERENCES `categories` (`id`) ON DELETE CASCADE ON UPDATE CASCADE,
  ADD CONSTRAINT `spareparts_type_id_foreign` FOREIGN KEY (`type_id`) REFERENCES `types` (`id`) ON DELETE CASCADE ON UPDATE CASCADE;

--
-- Constraints for table `spesifications`
--
ALTER TABLE `spesifications`
  ADD CONSTRAINT `spesifications_unit_id_foreign` FOREIGN KEY (`unit_id`) REFERENCES `units` (`id`) ON DELETE CASCADE ON UPDATE CASCADE;

--
-- Constraints for table `statelogs`
--
ALTER TABLE `statelogs`
  ADD CONSTRAINT `statelogs_maintenance_id_foreign` FOREIGN KEY (`maintenance_id`) REFERENCES `maintenances` (`id`) ON DELETE CASCADE ON UPDATE CASCADE;

--
-- Constraints for table `stocks`
--
ALTER TABLE `stocks`
  ADD CONSTRAINT `stocks_invoice_stock_id_foreign` FOREIGN KEY (`invoice_stock_id`) REFERENCES `invoice_stocks` (`id`) ON DELETE CASCADE ON UPDATE CASCADE,
  ADD CONSTRAINT `stocks_sparepart_id_foreign` FOREIGN KEY (`sparepart_id`) REFERENCES `spareparts` (`id`) ON DELETE CASCADE ON UPDATE CASCADE;

--
-- Constraints for table `types`
--
ALTER TABLE `types`
  ADD CONSTRAINT `types_brand_id_foreign` FOREIGN KEY (`brand_id`) REFERENCES `brands` (`id`) ON DELETE CASCADE ON UPDATE CASCADE,
  ADD CONSTRAINT `types_category_unit_id_foreign` FOREIGN KEY (`category_unit_id`) REFERENCES `category_units` (`id`) ON DELETE CASCADE ON UPDATE CASCADE;

--
-- Constraints for table `units`
--
ALTER TABLE `units`
  ADD CONSTRAINT `units_group_id_foreign` FOREIGN KEY (`group_id`) REFERENCES `groups` (`id`) ON DELETE CASCADE ON UPDATE CASCADE,
  ADD CONSTRAINT `units_type_id_foreign` FOREIGN KEY (`type_id`) REFERENCES `types` (`id`) ON DELETE CASCADE ON UPDATE CASCADE;

--
-- Constraints for table `vpics`
--
ALTER TABLE `vpics`
  ADD CONSTRAINT `vpics_unit_id_foreign` FOREIGN KEY (`unit_id`) REFERENCES `units` (`id`) ON DELETE CASCADE ON UPDATE CASCADE;

--
-- Constraints for table `vrcs`
--
ALTER TABLE `vrcs`
  ADD CONSTRAINT `vrcs_unit_id_foreign` FOREIGN KEY (`unit_id`) REFERENCES `units` (`id`) ON DELETE CASCADE ON UPDATE CASCADE;
COMMIT;

/*!40101 SET CHARACTER_SET_CLIENT=@OLD_CHARACTER_SET_CLIENT */;
/*!40101 SET CHARACTER_SET_RESULTS=@OLD_CHARACTER_SET_RESULTS */;
/*!40101 SET COLLATION_CONNECTION=@OLD_COLLATION_CONNECTION */;
